Date,Close,Open,High,Low,Volume,Change
29-08-2025,24426.85,24466.70,24572.45,24404.70,325.52M,-0.30%
28-08-2025,24500.90,24695.80,24702.65,24481.60,326.60M,-0.85%
26-08-2025,24712.05,24899.50,24919.65,24689.60,750.47M,-1.02%
25-08-2025,24967.75,24949.15,25021.55,24894.35,213.03M,+0.39%
22-08-2025,24870.10,25064.15,25084.85,24859.15,210.17M,-0.85%
21-08-2025,25083.75,25142.00,25153.65,25054.90,226.54M,+0.13%
20-08-2025,25050.55,24965.80,25088.70,24929.70,287.05M,+0.28%
19-08-2025,24980.65,24891.35,25012.65,24873.95,252.34M,+0.42%
18-08-2025,24876.95,24938.20,25022.00,24852.85,363.07M,+1.00%
14-08-2025,24631.30,24607.25,24673.65,24596.90,270.16M,+0.05%
13-08-2025,24619.35,24586.20,24664.55,24535.25,236.01M,+0.54%
12-08-2025,24487.40,24563.35,24702.60,24465.65,237.00M,-0.40%
11-08-2025,24585.05,24371.50,24600.85,24347.45,241.15M,+0.91%
08-08-2025,24363.30,24544.25,24585.50,24337.50,312.63M,-0.95%
07-08-2025,24596.15,24464.20,24634.20,24344.15,616.74M,+0.09%
06-08-2025,24574.20,24641.35,24671.40,24539.20,225.09M,-0.31%
05-08-2025,24649.55,24720.25,24733.10,24590.30,251.85M,-0.30%
04-08-2025,24722.75,24596.05,24736.25,24554.00,259.33M,+0.64%
01-08-2025,24565.35,24734.90,24784.15,24535.05,263.36M,-0.82%
31-07-2025,24768.35,24642.25,24956.50,24635.00,346.30M,-0.35%
30-07-2025,24855.05,24890.40,24902.30,24771.95,243.89M,+0.14%
29-07-2025,24821.10,24609.65,24847.15,24598.60,284.66M,+0.57%
28-07-2025,24680.90,24782.45,24889.20,24646.60,262.14M,-0.63%
25-07-2025,24837.00,25010.35,25010.35,24806.35,278.14M,-0.90%
24-07-2025,25062.10,25243.30,25246.25,25018.70,338.73M,-0.63%
23-07-2025,25219.90,25139.35,25233.50,25085.50,271.54M,+0.63%
22-07-2025,25060.90,25166.65,25182.00,25035.55,483.73M,-0.12%
21-07-2025,25090.70,24999.00,25111.40,24882.30,305.22M,+0.49%
18-07-2025,24968.40,25108.55,25144.60,24918.65,316.98M,-0.57%
17-07-2025,25111.45,25230.75,25238.35,25101.00,243.41M,-0.40%
16-07-2025,25212.05,25196.60,25255.30,25121.05,228.82M,+0.06%
15-07-2025,25195.80,25089.50,25245.20,25088.45,241.34M,+0.45%
14-07-2025,25082.30,25149.50,25151.10,25001.95,259.53M,-0.27%
11-07-2025,25149.85,25255.50,25322.45,25129.00,249.99M,-0.81%
10-07-2025,25355.25,25511.65,25524.05,25340.45,219.61M,-0.47%
09-07-2025,25476.10,25514.60,25548.70,25424.35,239.08M,-0.18%
08-07-2025,25522.50,25427.85,25548.05,25424.15,210.41M,+0.24%
07-07-2025,25461.30,25450.45,25489.80,25407.25,196.05M,0.00%
04-07-2025,25461.00,25428.85,25470.25,25331.65,193.51M,+0.22%
03-07-2025,25405.30,25505.10,25587.50,25384.35,293.43M,-0.19%
02-07-2025,25453.40,25588.30,25608.10,25378.75,309.83M,-0.35%
01-07-2025,25541.80,25551.35,25593.40,25501.80,260.67M,+0.10%
30-06-2025,25517.05,25661.65,25669.35,25473.30,270.98M,-0.47%
27-06-2025,25637.80,25576.65,25654.20,25523.55,563.96M,+0.35%
26-06-2025,25549.00,25268.95,25565.30,25259.90,428.89M,+1.21%
25-06-2025,25244.75,25150.35,25266.80,25125.05,260.58M,+0.80%
24-06-2025,25044.35,25179.90,25317.70,24999.70,450.19M,+0.29%
23-06-2025,24971.90,24939.75,25057.00,24824.85,248.53M,-0.56%
20-06-2025,25112.40,24787.65,25136.20,24783.65,574.65M,+1.29%
19-06-2025,24793.25,24803.25,24863.10,24733.40,274.62M,-0.08%
18-06-2025,24812.05,24788.35,24947.55,24750.45,237.60M,-0.17%
17-06-2025,24853.40,24977.85,24982.05,24813.70,242.42M,-0.37%
16-06-2025,24946.50,24732.35,24967.10,24703.60,305.81M,+0.92%
13-06-2025,24718.60,24473.00,24754.35,24473.00,318.71M,-0.68%
12-06-2025,24888.20,25164.45,25196.20,24825.90,328.31M,-1.01%
11-06-2025,25141.40,25134.15,25222.40,25081.30,301.25M,+0.15%
10-06-2025,25104.25,25196.05,25199.30,25055.45,307.32M,0.00%
09-06-2025,25103.20,25160.10,25160.10,25077.15,279.22M,+0.40%
06-06-2025,25003.05,24748.70,25029.50,24671.45,335.58M,+1.02%
05-06-2025,24750.90,24691.20,24899.85,24613.10,388.41M,+0.53%
04-06-2025,24620.20,24560.45,24644.25,24530.45,280.86M,+0.32%
03-06-2025,24542.50,24786.30,24845.10,24502.15,349.29M,-0.70%
02-06-2025,24716.60,24669.70,24754.40,24526.15,311.10M,-0.14%
30-05-2025,24750.70,24812.60,24863.95,24717.40,853.89M,-0.33%
29-05-2025,24833.60,24825.10,24892.60,24677.30,345.37M,+0.33%
28-05-2025,24752.45,24832.50,24864.25,24737.05,684.43M,-0.30%
27-05-2025,24826.20,24956.65,25062.90,24704.10,525.65M,-0.70%
26-05-2025,25001.15,24919.35,25079.20,24900.50,302.80M,+0.60%
23-05-2025,24853.15,24639.50,24909.05,24614.05,270.47M,+0.99%
22-05-2025,24609.70,24733.95,24737.50,24462.40,403.28M,-0.82%
21-05-2025,24813.45,24744.25,24946.20,24685.35,332.72M,+0.52%
20-05-2025,24683.90,24996.20,25010.35,24669.70,414.80M,-1.05%
19-05-2025,24945.45,25005.35,25062.95,24916.65,255.25M,-0.30%
16-05-2025,25019.80,25064.65,25070.00,24953.05,432.72M,-0.17%
15-05-2025,25062.10,24694.45,25116.25,24494.45,500.82M,+1.60%
14-05-2025,24666.90,24613.80,24767.55,24535.55,345.49M,+0.36%
13-05-2025,24578.35,24864.05,24973.80,24547.50,422.98M,-1.39%
12-05-2025,24924.70,24420.10,24944.80,24378.85,368.71M,+3.82%
09-05-2025,24008.00,23935.75,24164.25,23935.75,335.55M,-1.10%
08-05-2025,24273.80,24431.50,24447.25,24150.20,411.36M,-0.58%
07-05-2025,24414.40,24233.30,24449.60,24220.00,330.14M,+0.14%
06-05-2025,24379.60,24500.75,24509.65,24331.80,302.35M,-0.33%
05-05-2025,24461.15,24419.50,24526.40,24400.65,291.47M,+0.47%
02-05-2025,24346.70,24311.90,24589.15,24238.50,421.11M,+0.05%
30-04-2025,24334.20,24342.05,24396.15,24198.75,424.45M,-0.01%
29-04-2025,24335.95,24370.70,24457.65,24290.75,357.56M,+0.03%
28-04-2025,24328.50,24070.25,24355.10,24054.05,320.47M,+1.20%
25-04-2025,24039.35,24289.00,24365.45,23847.85,387.74M,-0.86%
24-04-2025,24246.70,24277.90,24347.85,24216.15,358.77M,-0.34%
23-04-2025,24328.95,24357.60,24359.30,24119.95,415.04M,+0.67%
22-04-2025,24167.25,24185.40,24242.60,24072.00,440.94M,+0.17%
21-04-2025,24125.55,23949.15,24189.55,23903.65,406.15M,+1.15%
17-04-2025,23851.65,23401.85,23872.35,23298.55,505.33M,+1.77%
16-04-2025,23437.20,23344.10,23452.20,23273.05,348.42M,+0.47%
15-04-2025,23328.55,23368.35,23368.35,23207.00,388.32M,+2.19%
11-04-2025,22828.55,22695.40,22923.90,22695.40,402.16M,+1.92%
09-04-2025,22399.15,22460.30,22468.70,22353.25,383.82M,-0.61%
08-04-2025,22535.85,22446.75,22697.20,22270.85,468.25M,+1.69%
07-04-2025,22161.60,21758.40,22254.00,21743.65,647.11M,-3.24%
04-04-2025,22904.45,23190.40,23214.70,22857.45,466.78M,-1.49%
03-04-2025,23250.10,23150.30,23306.50,23145.80,283.20M,-0.35%
02-04-2025,23332.35,23192.60,23350.00,23158.45,340.97M,+0.72%
01-04-2025,23165.70,23341.10,23565.15,23136.40,314.31M,-1.50%
28-03-2025,23519.35,23600.40,23649.20,23450.20,295.36M,-0.31%
27-03-2025,23591.95,23433.95,23646.45,23412.20,510.30M,+0.45%
26-03-2025,23486.85,23700.95,23736.50,23451.70,278.59M,-0.77%
25-03-2025,23668.65,23751.50,23869.60,23601.40,338.22M,+0.04%
24-03-2025,23658.35,23515.40,23708.75,23433.50,311.90M,+1.32%
21-03-2025,23350.40,23168.25,23402.70,23132.80,540.97M,+0.69%
20-03-2025,23190.65,23036.60,23216.70,22973.95,313.73M,+1.24%
19-03-2025,22907.60,22874.95,22940.70,22807.95,323.99M,+0.32%
18-03-2025,22834.30,22662.25,22857.80,22599.20,272.58M,+1.45%
17-03-2025,22508.75,22353.15,22577.00,22353.15,251.10M,+0.50%
13-03-2025,22397.20,22541.50,22558.05,22377.35,287.54M,-0.33%
12-03-2025,22470.50,22536.35,22577.40,22329.55,369.74M,-0.12%
11-03-2025,22497.90,22345.95,22522.10,22314.70,347.92M,+0.17%
10-03-2025,22460.30,22521.85,22676.75,22429.05,293.86M,-0.41%
07-03-2025,22552.50,22508.65,22633.80,22464.75,289.77M,+0.03%
06-03-2025,22544.70,22476.35,22556.45,22245.85,372.08M,+0.93%
05-03-2025,22337.30,22073.05,22394.90,22067.80,305.94M,+1.15%
04-03-2025,22082.65,21974.45,22105.05,21964.60,253.26M,-0.17%
03-03-2025,22119.30,22194.55,22261.55,22004.70,282.40M,-0.02%
28-02-2025,22124.70,22433.40,22450.35,22104.85,551.29M,-1.86%
27-02-2025,22545.05,22568.95,22613.30,22508.40,289.23M,-0.01%
25-02-2025,22547.55,22516.45,22625.30,22513.90,250.28M,-0.03%
24-02-2025,22553.35,22609.35,22668.05,22518.80,214.32M,-1.06%
21-02-2025,22795.90,22857.20,22921.00,22720.30,242.75M,-0.51%
20-02-2025,22913.15,22821.10,22923.85,22812.75,240.84M,-0.09%
19-02-2025,22932.90,22847.25,23049.95,22814.85,207.00M,-0.05%
18-02-2025,22945.30,22963.65,22992.50,22801.50,210.62M,-0.06%
17-02-2025,22959.50,22809.90,22974.20,22725.45,207.39M,+0.13%
14-02-2025,22929.25,23096.45,23133.70,22774.85,254.48M,-0.44%
13-02-2025,23031.40,23055.75,23235.50,22992.20,265.71M,-0.06%
12-02-2025,23045.25,23050.80,23144.70,22798.35,279.66M,-0.12%
11-02-2025,23071.80,23383.55,23390.05,22986.65,267.97M,-1.32%
10-02-2025,23381.60,23543.80,23568.60,23316.30,234.20M,-0.76%
07-02-2025,23559.95,23649.50,23694.50,23443.20,368.09M,-0.18%
06-02-2025,23603.35,23761.95,23773.55,23556.25,306.98M,-0.39%
05-02-2025,23696.30,23801.75,23807.30,23680.45,267.01M,-0.18%
04-02-2025,23739.25,23509.90,23762.75,23423.15,376.74M,+1.62%
03-02-2025,23361.05,23319.35,23381.60,23222.00,329.67M,-0.52%
01-02-2025,23482.15,23528.60,23632.45,23318.30,281.01M,-0.11%
31-01-2025,23508.40,23296.75,23546.80,23277.40,304.86M,+1.11%
30-01-2025,23249.50,23169.50,23322.05,23139.20,361.93M,+0.37%
29-01-2025,23163.10,23026.75,23183.35,22976.50,226.31M,+0.90%
28-01-2025,22957.25,22960.45,23137.95,22857.65,361.87M,+0.56%
27-01-2025,22829.15,22940.15,23007.45,22786.90,257.37M,-1.14%
24-01-2025,23092.20,23183.90,23347.30,23050.00,264.34M,-0.49%
23-01-2025,23205.35,23128.30,23270.80,23090.65,275.56M,+0.22%
22-01-2025,23155.35,23099.15,23169.55,22981.30,275.95M,+0.57%
21-01-2025,23024.65,23421.65,23426.30,22976.85,312.87M,-1.37%
20-01-2025,23344.75,23290.40,23391.10,23170.65,301.46M,+0.61%
17-01-2025,23203.20,23277.10,23292.10,23100.35,272.95M,-0.47%
16-01-2025,23311.80,23377.25,23391.65,23272.05,299.42M,+0.42%
15-01-2025,23213.20,23250.45,23293.65,23146.45,228.04M,+0.16%
14-01-2025,23176.05,23165.90,23264.95,23134.15,311.24M,+0.39%
13-01-2025,23085.95,23195.40,23340.95,23047.25,316.48M,-1.47%
10-01-2025,23431.50,23551.90,23596.60,23344.35,261.02M,-0.40%
09-01-2025,23526.50,23674.75,23689.50,23503.05,269.24M,-0.69%
08-01-2025,23688.95,23746.65,23751.85,23496.15,266.38M,-0.08%
07-01-2025,23707.90,23679.90,23795.20,23637.80,262.34M,+0.39%
06-01-2025,23616.05,24045.80,24089.95,23551.90,278.06M,-1.62%
03-01-2025,24004.75,24196.40,24196.45,23976.00,312.28M,-0.76%
02-01-2025,24188.65,23783.00,24226.70,23751.55,283.20M,+1.88%
01-01-2025,23742.90,23637.65,23822.80,23562.80,154.92M,+0.41%
31-12-2024,23644.80,23560.60,23689.85,23460.45,193.63M,0.00%
30-12-2024,23644.90,23796.90,23915.35,23599.30,364.93M,-0.71%
27-12-2024,23813.40,23801.40,23938.85,23800.60,176.82M,+0.27%
26-12-2024,23750.20,23775.80,23854.50,23653.60,177.68M,+0.10%
24-12-2024,23727.65,23769.10,23867.65,23685.15,177.66M,-0.11%
23-12-2024,23753.45,23738.20,23869.55,23647.20,189.76M,+0.70%
20-12-2024,23587.50,23960.70,24065.80,23537.35,442.71M,-1.52%
19-12-2024,23951.70,23877.15,24004.90,23870.30,271.13M,-1.02%
18-12-2024,24198.85,24297.95,24394.45,24149.85,235.35M,-0.56%
17-12-2024,24336.00,24584.80,24624.10,24303.45,264.88M,-1.35%
16-12-2024,24668.25,24753.40,24781.25,24601.75,187.55M,-0.40%
13-12-2024,24768.30,24498.35,24792.30,24180.80,310.08M,+0.89%
12-12-2024,24548.70,24604.45,24675.25,24527.95,266.05M,-0.38%
11-12-2024,24641.80,24620.50,24691.75,24583.85,187.25M,+0.13%
10-12-2024,24610.05,24652.65,24677.80,24510.65,261.05M,-0.04%
09-12-2024,24619.00,24633.90,24705.00,24580.05,248.14M,-0.24%
06-12-2024,24677.80,24729.45,24751.05,24620.50,226.73M,-0.12%
05-12-2024,24708.40,24539.15,24857.75,24295.55,361.47M,+0.98%
04-12-2024,24467.45,24488.75,24573.20,24366.30,348.00M,+0.04%
03-12-2024,24457.15,24367.50,24481.35,24280.00,339.47M,+0.75%
02-12-2024,24276.05,24140.85,24301.70,24008.65,220.38M,+0.60%
29-11-2024,24131.10,23927.15,24188.45,23927.15,282.10M,+0.91%
28-11-2024,23914.15,24274.15,24345.75,23873.35,366.75M,-1.49%
27-11-2024,24274.90,24204.80,24354.55,24145.65,295.01M,+0.33%
26-11-2024,24194.50,24343.30,24343.30,24125.40,230.69M,-0.11%
25-11-2024,24221.90,24253.55,24351.55,24135.45,687.17M,+1.32%
22-11-2024,23907.25,23411.80,23956.10,23359.00,367.56M,+2.39%
21-11-2024,23349.90,23488.45,23507.30,23263.15,420.33M,-0.72%
19-11-2024,23518.50,23529.55,23780.65,23464.80,297.48M,+0.28%
18-11-2024,23453.80,23605.30,23606.80,23350.40,263.31M,-0.34%
14-11-2024,23532.70,23542.15,23675.90,23484.15,257.71M,-0.11%
13-11-2024,23559.05,23822.45,23873.60,23509.60,304.57M,-1.36%
12-11-2024,23883.45,24225.80,24242.00,23839.15,255.83M,-1.07%
11-11-2024,24141.30,24087.25,24336.80,24004.60,273.37M,-0.03%
08-11-2024,24148.20,24207.70,24276.15,24066.65,298.73M,-0.21%
07-11-2024,24199.35,24489.60,24503.35,24179.05,322.19M,-1.16%
06-11-2024,24484.05,24308.75,24537.60,24204.05,351.08M,+1.12%
05-11-2024,24213.30,23916.50,24229.05,23842.75,289.51M,+0.91%
04-11-2024,23995.35,24315.75,24316.75,23816.15,285.53M,-1.27%
01-11-2024,24304.35,24302.75,24368.25,24280.20,38.81M,+0.41%
31-10-2024,24205.35,24349.85,24372.45,24172.60,287.01M,-0.56%
30-10-2024,24340.85,24371.45,24498.20,24307.30,285.20M,-0.51%
29-10-2024,24466.85,24328.85,24484.50,24140.85,332.04M,+0.52%
28-10-2024,24339.15,24251.10,24492.60,24134.90,278.56M,+0.65%
25-10-2024,24180.80,24418.05,24440.25,24073.90,372.64M,-0.90%
24-10-2024,24399.40,24412.70,24480.65,24341.20,216.69M,-0.15%
23-10-2024,24435.50,24378.15,24604.25,24378.10,284.56M,-0.15%
22-10-2024,24472.10,24798.65,24882.00,24445.80,279.48M,-1.25%
21-10-2024,24781.10,24956.15,24978.30,24679.60,241.98M,-0.29%
18-10-2024,24854.05,24664.95,24886.20,24567.65,290.86M,+0.42%
17-10-2024,24749.85,25027.40,25029.50,24728.90,252.76M,-0.89%
16-10-2024,24971.30,25008.55,25093.40,24908.45,226.77M,-0.34%
15-10-2024,25057.35,25186.30,25212.05,25008.15,257.23M,-0.28%
14-10-2024,25127.95,25023.45,25159.75,25017.50,206.42M,+0.66%
11-10-2024,24964.25,24985.30,25028.65,24920.05,210.46M,-0.14%
10-10-2024,24998.45,25067.05,25134.05,24979.40,261.36M,+0.07%
09-10-2024,24981.95,25065.80,25234.05,24947.70,290.56M,-0.12%
08-10-2024,25013.15,24832.20,25044.00,24756.80,333.22M,+0.88%
07-10-2024,24795.75,25084.10,25143.00,24694.35,374.35M,-0.87%
04-10-2024,25014.60,25181.90,25485.05,24966.80,374.91M,-0.93%
03-10-2024,25250.10,25452.85,25639.45,25230.30,423.40M,-2.12%
01-10-2024,25796.90,25788.45,25907.60,25739.20,247.42M,-0.05%
30-09-2024,25810.85,26061.30,26134.70,25794.10,343.06M,-1.41%
27-09-2024,26178.95,26248.25,26277.35,26151.40,490.33M,-0.14%
26-09-2024,26216.05,26005.40,26250.90,25998.40,370.90M,+0.81%
25-09-2024,26004.15,25899.45,26032.80,25871.35,278.54M,+0.25%
24-09-2024,25940.40,25921.45,26011.55,25886.85,384.12M,+0.01%
23-09-2024,25939.05,25872.55,25956.00,25847.35,209.19M,+0.57%
20-09-2024,25790.95,25525.95,25849.25,25426.60,533.07M,+1.48%
19-09-2024,25415.80,25487.05,25611.95,25376.05,314.46M,+0.15%
18-09-2024,25377.55,25402.40,25482.20,25285.55,215.73M,-0.16%
17-09-2024,25418.55,25416.90,25441.65,25352.25,215.96M,+0.14%
16-09-2024,25383.75,25406.65,25445.70,25336.20,168.69M,+0.11%
13-09-2024,25356.50,25430.45,25430.50,25292.45,250.78M,-0.13%
12-09-2024,25388.90,25059.65,25433.35,24941.45,380.07M,+1.89%
11-09-2024,24918.45,25034.00,25113.70,24885.15,279.23M,-0.49%
10-09-2024,25041.10,24999.40,25130.50,24896.80,251.27M,+0.42%
09-09-2024,24936.40,24823.40,24957.50,24753.15,254.37M,+0.34%
06-09-2024,24852.15,25093.70,25168.75,24801.30,311.67M,-1.17%
05-09-2024,25145.10,25250.50,25275.45,25127.75,222.24M,-0.21%
04-09-2024,25198.70,25089.95,25216.00,25083.80,253.79M,-0.32%
03-09-2024,25279.85,25313.40,25321.70,25235.80,212.13M,0.00%
02-09-2024,25278.70,25333.60,25333.65,25235.50,222.82M,+0.17%
30-08-2024,25235.90,25249.70,25268.35,25199.40,638.17M,+0.33%
29-08-2024,25151.95,25035.30,25192.90,24998.50,353.99M,+0.40%
28-08-2024,25052.35,25030.80,25129.60,24964.65,220.42M,+0.14%
27-08-2024,25017.75,25024.80,25073.10,24973.65,223.35M,+0.03%
26-08-2024,25010.60,24906.10,25043.80,24874.70,210.27M,+0.76%
23-08-2024,24823.15,24845.40,24858.40,24771.65,206.80M,+0.05%
22-08-2024,24811.50,24863.40,24867.35,24784.45,220.35M,+0.17%
21-08-2024,24770.20,24680.55,24787.95,24654.50,257.11M,+0.29%
20-08-2024,24698.85,24648.90,24734.30,24607.20,238.32M,+0.51%
19-08-2024,24572.65,24636.35,24638.80,24522.95,243.65M,+0.13%
16-08-2024,24541.15,24334.85,24563.90,24204.50,271.61M,+1.65%
14-08-2024,24143.75,24184.40,24196.50,24099.70,303.25M,+0.02%
13-08-2024,24139.00,24342.35,24359.95,24116.50,239.73M,-0.85%
12-08-2024,24347.00,24320.05,24472.80,24212.10,279.93M,-0.08%
09-08-2024,24367.50,24386.85,24419.75,24311.20,215.13M,+1.04%
08-08-2024,24117.00,24248.55,24340.50,24079.70,311.88M,-0.74%
07-08-2024,24297.50,24289.40,24337.70,24184.90,317.56M,+1.27%
06-08-2024,23992.55,24189.85,24382.60,23960.40,312.34M,-0.26%
05-08-2024,24055.60,24302.85,24350.05,23893.70,486.99M,-2.68%
02-08-2024,24717.70,24789.00,24851.90,24686.85,345.03M,-1.17%
01-08-2024,25010.90,25030.95,25078.30,24956.40,431.31M,+0.24%
31-07-2024,24951.15,24886.70,24984.60,24856.50,333.65M,+0.38%
30-07-2024,24857.30,24839.40,24971.75,24798.65,384.99M,+0.09%
29-07-2024,24836.10,24943.30,24999.75,24774.60,354.97M,+0.01%
26-07-2024,24834.85,24423.35,24861.15,24410.90,383.83M,+1.76%
25-07-2024,24406.10,24230.95,24426.15,24210.80,391.82M,-0.03%
24-07-2024,24413.50,24444.95,24504.25,24307.25,366.62M,-0.27%
23-07-2024,24479.05,24568.90,24582.55,24074.20,436.41M,-0.12%
22-07-2024,24509.25,24445.75,24595.20,24362.30,324.19M,-0.09%
19-07-2024,24530.90,24853.80,24854.80,24508.15,343.77M,-1.09%
18-07-2024,24800.85,24543.80,24837.75,24504.45,350.92M,+0.76%
16-07-2024,24613.00,24615.90,24661.25,24587.65,283.21M,+0.11%
15-07-2024,24586.70,24587.60,24635.05,24522.75,305.40M,+0.35%
12-07-2024,24502.15,24387.95,24592.20,24331.15,325.82M,+0.77%
11-07-2024,24315.95,24396.55,24402.65,24193.75,306.40M,-0.03%
10-07-2024,24324.45,24459.85,24461.05,24141.80,292.26M,-0.45%
09-07-2024,24433.20,24351.00,24443.60,24331.90,250.54M,+0.46%
08-07-2024,24320.55,24329.45,24344.60,24240.55,266.30M,-0.01%
05-07-2024,24323.85,24213.35,24363.00,24168.85,298.38M,+0.09%
04-07-2024,24302.15,24369.95,24401.00,24281.00,251.19M,+0.06%
03-07-2024,24286.50,24291.75,24309.15,24207.10,289.20M,+0.67%
02-07-2024,24123.85,24228.75,24236.35,24056.40,309.63M,-0.07%
01-07-2024,24141.95,23992.95,24164.00,23992.70,242.47M,+0.55%
28-06-2024,24010.60,24085.90,24174.00,23985.80,354.78M,-0.14%
27-06-2024,24044.50,23881.55,24087.45,23805.40,515.23M,+0.74%
26-06-2024,23868.80,23723.10,23889.90,23670.45,287.82M,+0.62%
25-06-2024,23721.30,23577.10,23754.15,23562.05,298.11M,+0.78%
24-06-2024,23537.85,23382.30,23558.10,23350.00,239.36M,+0.16%
21-06-2024,23501.10,23661.15,23667.10,23398.20,609.88M,-0.28%
20-06-2024,23567.00,23586.15,23624.00,23442.60,280.34M,+0.22%
19-06-2024,23516.00,23629.85,23664.00,23412.90,328.81M,-0.18%
18-06-2024,23557.90,23570.80,23579.05,23499.70,272.21M,+0.39%
14-06-2024,23465.60,23464.95,23490.40,23334.25,223.09M,+0.29%
13-06-2024,23398.90,23480.95,23481.05,23353.90,268.28M,+0.33%
12-06-2024,23322.95,23344.45,23441.95,23295.95,295.63M,+0.25%
11-06-2024,23264.85,23283.75,23389.45,23206.65,305.19M,+0.02%
10-06-2024,23259.20,23319.15,23411.90,23227.15,304.39M,-0.13%
07-06-2024,23290.15,22821.85,23320.20,22789.05,473.55M,+2.05%
06-06-2024,22821.40,22798.60,22910.15,22642.60,480.41M,+0.89%
05-06-2024,22620.35,22128.35,22670.40,21791.95,638.49M,+3.36%
04-06-2024,21884.50,23179.50,23179.50,21281.45,1.01B,-5.93%
03-06-2024,23263.90,23337.90,23338.70,23062.30,569.43M,+3.25%
31-05-2024,22530.70,22568.10,22653.75,22465.10,572.12M,+0.19%
30-05-2024,22488.65,22617.45,22705.75,22417.00,373.37M,-0.95%
29-05-2024,22704.70,22762.75,22825.50,22685.45,269.93M,-0.80%
28-05-2024,22888.15,22977.15,22998.55,22858.50,217.89M,-0.19%
27-05-2024,22932.45,23038.95,23110.80,22871.20,260.01M,-0.11%
24-05-2024,22957.10,22930.75,23026.40,22908.00,261.93M,-0.05%
23-05-2024,22967.65,22614.10,22993.60,22577.45,369.77M,+1.64%
22-05-2024,22597.80,22576.60,22629.50,22483.15,290.35M,+0.31%
21-05-2024,22529.05,22404.55,22591.10,22404.55,347.59M,+0.12%
18-05-2024,22502.00,22512.85,22520.25,22470.05,19.06M,+0.16%
17-05-2024,22466.10,22415.25,22502.15,22345.65,242.65M,+0.28%
16-05-2024,22403.85,22319.20,22432.25,22054.55,368.95M,+0.92%
15-05-2024,22200.55,22255.60,22297.55,22151.75,231.94M,-0.08%
14-05-2024,22217.85,22112.90,22270.05,22081.25,230.24M,+0.51%
13-05-2024,22104.05,22027.95,22131.65,21821.05,278.19M,+0.22%
10-05-2024,22055.20,21990.95,22131.30,21950.30,265.80M,+0.44%
09-05-2024,21957.50,22224.80,22307.75,21932.40,331.33M,-1.55%
08-05-2024,22302.50,22231.20,22368.65,22185.20,277.44M,0.00%
07-05-2024,22302.50,22489.75,22499.05,22232.05,297.82M,-0.62%
06-05-2024,22442.70,22561.60,22588.80,22409.45,320.26M,-0.15%
03-05-2024,22475.85,22766.35,22794.70,22348.05,438.06M,-0.76%
02-05-2024,22648.20,22567.85,22710.50,22567.85,445.91M,+0.19%
30-04-2024,22604.85,22679.65,22783.35,22568.40,361.86M,-0.17%
29-04-2024,22643.40,22475.55,22655.80,22441.90,291.96M,+1.00%
26-04-2024,22419.95,22620.40,22620.40,22385.55,329.89M,-0.67%
25-04-2024,22570.35,22316.90,22625.95,22305.25,475.04M,+0.75%
24-04-2024,22402.40,22421.55,22476.45,22384.00,235.90M,+0.15%
23-04-2024,22368.00,22447.05,22447.55,22349.45,231.52M,+0.14%
22-04-2024,22336.40,22336.90,22375.65,22198.15,279.26M,+0.86%
19-04-2024,22147.00,21861.50,22179.55,21777.65,362.53M,+0.69%
18-04-2024,21995.85,22212.35,22326.50,21961.70,456.91M,-0.69%
16-04-2024,22147.90,22125.30,22213.75,22079.45,317.27M,-0.56%
15-04-2024,22272.50,22339.05,22427.45,22259.55,355.47M,-1.10%
12-04-2024,22519.40,22677.40,22726.45,22503.75,357.19M,-1.03%
10-04-2024,22753.80,22720.25,22775.70,22673.70,276.85M,+0.49%
09-04-2024,22642.75,22765.10,22768.40,22612.25,232.36M,-0.10%
08-04-2024,22666.30,22578.35,22697.30,22550.35,227.63M,+0.68%
05-04-2024,22513.70,22486.40,22537.60,22427.60,242.24M,0.00%
04-04-2024,22514.65,22592.10,22619.00,22303.80,400.99M,+0.36%
03-04-2024,22434.65,22385.70,22521.10,22346.50,309.65M,-0.08%
02-04-2024,22453.30,22458.80,22497.60,22388.15,289.52M,-0.04%
01-04-2024,22462.00,22455.00,22529.95,22427.75,243.64M,+0.61%
28-03-2024,22326.90,22163.60,22516.00,22163.60,410.53M,+0.92%
27-03-2024,22123.65,22053.95,22193.60,22052.85,409.14M,+0.54%
26-03-2024,22004.70,21947.90,22073.20,21947.55,328.40M,-0.42%
22-03-2024,22096.75,21932.20,22180.70,21883.30,388.66M,+0.39%
21-03-2024,22011.95,21989.90,22080.95,21941.30,353.17M,+0.79%
20-03-2024,21839.10,21843.90,21930.90,21710.20,312.41M,+0.10%
19-03-2024,21817.45,21946.45,21978.30,21793.10,344.16M,-1.08%
18-03-2024,22055.70,21990.10,22123.70,21916.55,356.32M,+0.15%
15-03-2024,22023.35,22064.85,22120.90,21931.70,661.46M,-0.56%
14-03-2024,22146.65,21982.55,22204.60,21917.50,426.74M,+0.68%
13-03-2024,21997.70,22432.20,22446.75,21905.65,493.34M,-1.51%
12-03-2024,22335.70,22334.45,22452.55,22256.00,299.20M,+0.01%
11-03-2024,22332.65,22517.50,22526.60,22307.25,277.90M,-0.72%
07-03-2024,22493.55,22505.30,22525.65,22430.00,379.87M,+0.09%
06-03-2024,22474.05,22327.50,22497.20,22224.35,312.26M,+0.53%
05-03-2024,22356.30,22371.25,22416.90,22269.15,296.15M,-0.22%
04-03-2024,22405.60,22403.50,22440.90,22358.30,298.79M,+0.12%
02-03-2024,22378.40,22406.95,22419.55,22367.05,35.76M,+0.18%
01-03-2024,22338.75,22048.30,22353.30,22047.75,351.50M,+1.62%
29-02-2024,21982.80,21935.20,22060.55,21860.65,360.17M,+0.14%
28-02-2024,21951.15,22214.10,22229.15,21915.85,202.95M,-1.11%
27-02-2024,22198.35,22090.20,22218.25,22085.65,252.20M,+0.34%
26-02-2024,22122.05,22169.20,22202.15,22075.15,207.78M,-0.41%
23-02-2024,22212.70,22290.00,22297.50,22186.10,225.98M,-0.02%
22-02-2024,22217.45,22081.55,22252.50,21875.25,343.50M,+0.74%
21-02-2024,22055.05,22248.85,22249.40,21997.95,364.55M,-0.64%
20-02-2024,22196.95,22099.20,22215.60,22045.85,295.71M,+0.34%
19-02-2024,22122.25,22103.45,22186.65,22021.05,,+0.37%
16-02-2024,22040.70,22020.30,22068.65,21968.95,343.89M,+0.59%
15-02-2024,21910.75,21906.55,21953.85,21794.80,345.39M,+0.32%
14-02-2024,21840.05,21578.15,21870.85,21530.20,359.12M,+0.45%
13-02-2024,21743.25,21664.30,21766.80,21543.35,365.79M,+0.59%
12-02-2024,21616.05,21800.80,21831.70,21574.75,287.44M,-0.76%
09-02-2024,21782.50,21727.00,21804.45,21629.90,349.22M,+0.30%
08-02-2024,21717.95,22009.65,22011.05,21665.30,491.07M,-0.97%
07-02-2024,21930.50,22045.05,22053.30,21860.15,346.26M,+0.01%
06-02-2024,21929.40,21825.20,21951.40,21737.55,370.97M,+0.72%
05-02-2024,21771.70,21921.05,21964.30,21726.95,440.85M,-0.38%
02-02-2024,21853.80,21812.75,22126.80,21805.55,442.79M,+0.72%
01-02-2024,21697.45,21780.65,21832.95,21658.75,332.54M,-0.13%
31-01-2024,21725.70,21487.25,21741.35,21448.85,410.58M,+0.95%
30-01-2024,21522.10,21775.75,21813.05,21501.80,375.14M,-0.99%
29-01-2024,21737.60,21433.10,21763.25,21429.60,376.70M,+1.80%
25-01-2024,21352.60,21454.60,21459.00,21247.05,418.14M,-0.47%
24-01-2024,21453.95,21185.25,21482.35,21137.20,407.46M,+1.01%
23-01-2024,21238.80,21716.70,21750.25,21192.60,449.72M,-1.54%
20-01-2024,21571.80,21706.15,21720.30,21541.80,,-0.23%
19-01-2024,21622.40,21615.20,21670.60,21575.00,343.06M,+0.75%
18-01-2024,21462.25,21414.20,21539.40,21285.55,387.34M,-0.51%
17-01-2024,21571.95,21647.25,21851.50,21550.45,456.00M,-2.09%
16-01-2024,22032.30,22080.50,22124.15,21969.80,292.43M,-0.29%
15-01-2024,22097.45,22053.15,22115.55,21963.55,345.54M,+0.93%
12-01-2024,21894.55,21773.55,21928.25,21715.15,294.68M,+1.14%
11-01-2024,21647.20,21688.00,21726.50,21593.75,212.45M,+0.13%
10-01-2024,21618.70,21529.30,21641.85,21448.65,216.99M,+0.34%
09-01-2024,21544.85,21653.60,21724.45,21517.85,228.57M,+0.15%
08-01-2024,21513.00,21747.60,21763.95,21492.90,231.45M,-0.91%
05-01-2024,21710.80,21705.75,21749.60,21629.20,309.30M,+0.24%
04-01-2024,21658.60,21605.80,21685.65,21564.55,339.17M,+0.66%
03-01-2024,21517.35,21661.10,21677.00,21500.35,311.93M,-0.69%
02-01-2024,21665.80,21751.35,21755.60,21555.65,263.71M,-0.35%
01-01-2024,21741.90,21727.75,21834.35,21680.85,154.00M,+0.05%
29-12-2023,21731.40,21737.65,21770.30,21676.90,270.92M,-0.22%
28-12-2023,21778.70,21715.00,21801.45,21678.00,393.08M,+0.57%
27-12-2023,21654.75,21497.65,21675.75,21495.80,256.54M,+1.00%
26-12-2023,21441.35,21365.20,21477.15,21329.45,219.47M,+0.43%
22-12-2023,21349.40,21295.85,21390.50,21232.45,284.71M,+0.44%
21-12-2023,21255.05,21033.95,21288.35,20976.80,277.55M,+0.50%
20-12-2023,21150.15,21543.50,21593.00,21087.35,363.89M,-1.41%
19-12-2023,21453.10,21477.65,21505.05,21337.75,249.75M,+0.16%
18-12-2023,21418.65,21434.80,21482.80,21365.35,249.67M,-0.18%
15-12-2023,21456.65,21287.45,21492.30,21235.30,508.76M,+1.29%
14-12-2023,21182.70,21110.40,21210.90,21074.45,334.41M,+1.23%
13-12-2023,20926.35,20929.75,20950.00,20769.50,260.27M,+0.10%
12-12-2023,20906.40,21018.55,21037.90,20867.15,244.87M,-0.43%
11-12-2023,20997.10,20965.30,21026.10,20923.70,212.92M,+0.13%
08-12-2023,20969.40,20934.10,21006.10,20862.70,292.44M,+0.33%
07-12-2023,20901.15,20932.40,20941.25,20850.80,274.99M,-0.17%
06-12-2023,20937.70,20950.75,20961.95,20852.15,359.21M,+0.40%
05-12-2023,20855.10,20808.90,20864.05,20711.15,421.01M,+0.81%
04-12-2023,20686.80,20601.95,20702.65,20507.75,381.11M,+2.07%
01-12-2023,20267.90,20194.10,20291.55,20183.70,265.81M,+0.67%
30-11-2023,20133.15,20108.50,20158.70,20015.85,486.59M,+0.18%
29-11-2023,20096.60,19976.55,20104.65,19956.30,236.24M,+1.04%
28-11-2023,19889.70,19844.65,19916.85,19800.00,229.60M,+0.48%
24-11-2023,19794.70,19809.60,19832.85,19768.85,145.90M,-0.04%
23-11-2023,19802.00,19828.45,19875.15,19786.75,170.02M,-0.05%
22-11-2023,19811.85,19784.00,19825.55,19703.85,184.50M,+0.14%
21-11-2023,19783.40,19770.90,19829.10,19754.05,194.97M,+0.45%
20-11-2023,19694.00,19731.15,19756.45,19670.50,173.78M,-0.19%
17-11-2023,19731.80,19674.75,19806.00,19667.45,236.83M,-0.17%
16-11-2023,19765.20,19674.70,19875.25,19627.00,282.69M,+0.46%
15-11-2023,19675.45,19651.40,19693.20,19579.65,291.46M,+1.19%
13-11-2023,19443.55,19486.75,19494.40,19414.75,189.28M,-0.42%
12-11-2023,19525.55,19547.25,19547.25,19510.25,37.31M,+0.52%
10-11-2023,19425.35,19351.85,19451.30,19329.45,152.22M,+0.15%
09-11-2023,19395.30,19457.40,19463.90,19378.35,208.42M,-0.25%
08-11-2023,19443.50,19449.60,19464.40,19401.50,194.97M,+0.19%
07-11-2023,19406.70,19404.05,19423.50,19329.10,198.66M,-0.03%
06-11-2023,19411.75,19345.85,19423.00,19309.70,180.69M,+0.94%
03-11-2023,19230.60,19241.00,19276.25,19210.90,189.52M,+0.51%
02-11-2023,19133.25,19120.00,19175.25,19064.15,245.60M,+0.76%
01-11-2023,18989.15,19064.05,19096.05,18973.70,194.10M,-0.47%
31-10-2023,19079.60,19232.95,19233.70,19056.45,206.05M,-0.32%
30-10-2023,19140.90,19053.40,19158.50,18940.00,180.13M,+0.49%
27-10-2023,19047.25,18928.75,19076.15,18926.65,205.20M,+1.01%
26-10-2023,18857.25,19027.25,19041.70,18837.85,300.36M,-1.39%
25-10-2023,19122.15,19286.45,19347.30,19074.15,225.29M,-0.83%
23-10-2023,19281.75,19521.60,19556.85,19257.85,176.04M,-1.34%
20-10-2023,19542.65,19542.15,19593.80,19518.70,198.34M,-0.42%
19-10-2023,19624.70,19545.20,19681.80,19512.35,230.31M,-0.24%
18-10-2023,19671.10,19820.45,19840.95,19659.95,198.94M,-0.71%
17-10-2023,19811.50,19843.20,19849.75,19775.65,185.85M,+0.40%
16-10-2023,19731.75,19737.25,19781.30,19691.85,180.96M,-0.10%
13-10-2023,19751.05,19654.55,19805.40,19635.30,254.96M,-0.22%
12-10-2023,19794.00,19822.70,19843.30,19772.65,217.90M,-0.09%
11-10-2023,19811.35,19767.00,19839.20,19756.95,213.73M,+0.62%
10-10-2023,19689.85,19565.60,19717.80,19565.45,216.56M,+0.91%
09-10-2023,19512.35,19539.45,19588.95,19480.50,165.09M,-0.72%
06-10-2023,19653.50,19621.20,19675.75,19589.40,159.05M,+0.55%
05-10-2023,19545.75,19521.85,19576.95,19487.30,234.87M,+0.56%
04-10-2023,19436.10,19446.30,19457.80,19333.60,277.15M,-0.47%
03-10-2023,19528.75,19622.40,19623.20,19479.65,221.72M,-0.56%
29-09-2023,19638.30,19581.20,19726.25,19551.05,243.51M,+0.59%
28-09-2023,19523.55,19761.80,19766.65,19492.10,352.81M,-0.98%
27-09-2023,19716.45,19637.05,19730.70,19554.00,203.56M,+0.26%
26-09-2023,19664.70,19682.80,19699.35,19637.45,204.87M,-0.05%
25-09-2023,19674.55,19678.20,19734.15,19601.55,188.40M,0.00%
22-09-2023,19674.25,19744.85,19798.65,19657.50,246.41M,-0.34%
21-09-2023,19742.35,19840.55,19848.75,19709.95,275.13M,-0.80%
20-09-2023,19901.40,19980.75,20050.65,19878.85,378.07M,-1.15%
18-09-2023,20133.30,20155.95,20195.35,20115.70,264.87M,-0.29%
15-09-2023,20192.35,20156.45,20222.45,20129.70,438.19M,+0.44%
14-09-2023,20103.10,20127.95,20167.65,20043.45,275.11M,+0.16%
13-09-2023,20070.00,19989.50,20096.90,19944.10,251.39M,+0.38%
12-09-2023,19993.20,20110.15,20110.35,19914.65,328.06M,-0.02%
11-09-2023,19996.35,19890.00,20008.15,19865.35,248.76M,+0.89%
08-09-2023,19819.95,19774.80,19867.15,19727.05,288.09M,+0.47%
07-09-2023,19727.05,19598.65,19737.00,19550.05,304.93M,+0.59%
06-09-2023,19611.05,19581.20,19636.45,19491.50,287.56M,+0.18%
05-09-2023,19574.90,19564.65,19587.05,19525.75,256.83M,+0.24%
04-09-2023,19528.80,19525.05,19545.15,19432.85,296.82M,+0.48%
01-09-2023,19435.30,19258.15,19458.55,19255.70,333.02M,+0.94%
31-08-2023,19253.80,19375.55,19388.20,19223.65,562.56M,-0.48%
30-08-2023,19347.45,19433.45,19452.80,19334.75,233.00M,+0.02%
29-08-2023,19342.65,19374.85,19377.90,19309.10,307.39M,+0.19%
28-08-2023,19306.05,19298.35,19366.85,19249.70,248.18M,+0.21%
25-08-2023,19265.80,19297.40,19339.55,19229.70,466.52M,-0.62%
24-08-2023,19386.70,19535.15,19584.45,19369.00,268.26M,-0.29%
23-08-2023,19444.00,19439.20,19472.05,19366.60,225.22M,+0.25%
22-08-2023,19396.45,19417.10,19443.50,19381.30,208.70M,+0.01%
21-08-2023,19393.60,19320.65,19425.95,19296.30,262.59M,+0.43%
18-08-2023,19310.15,19301.75,19373.80,19253.60,256.14M,-0.28%
17-08-2023,19365.25,19450.55,19461.55,19326.25,268.66M,-0.51%
16-08-2023,19465.00,19369.00,19482.75,19317.20,226.63M,+0.16%
14-08-2023,19434.55,19383.95,19465.85,19257.90,243.85M,+0.03%
11-08-2023,19428.30,19554.25,19557.75,19412.75,235.52M,-0.59%
10-08-2023,19543.10,19605.55,19623.60,19495.40,312.19M,-0.46%
09-08-2023,19632.55,19578.80,19645.50,19467.50,266.50M,+0.32%
08-08-2023,19570.85,19627.20,19634.40,19533.10,260.29M,-0.13%
07-08-2023,19597.30,19576.85,19620.45,19524.80,216.59M,+0.41%
04-08-2023,19517.00,19462.80,19538.85,19436.45,280.80M,+0.70%
03-08-2023,19381.65,19463.75,19537.65,19296.45,315.69M,-0.74%
02-08-2023,19526.55,19655.40,19678.25,19423.55,290.67M,-1.05%
01-08-2023,19733.55,19784.00,19795.60,19704.60,298.05M,-0.10%
31-07-2023,19753.80,19666.35,19772.75,19597.60,295.05M,+0.55%
28-07-2023,19646.05,19659.75,19695.90,19563.10,258.67M,-0.07%
27-07-2023,19659.90,19850.90,19867.55,19603.55,334.89M,-0.60%
26-07-2023,19778.30,19733.35,19825.60,19716.70,244.75M,+0.50%
25-07-2023,19680.60,19729.35,19729.35,19615.95,369.65M,+0.04%
24-07-2023,19672.35,19748.45,19782.75,19658.30,265.56M,-0.37%
21-07-2023,19745.00,19800.45,19887.40,19700.00,312.46M,-1.17%
20-07-2023,19979.15,19831.70,19991.85,19758.40,274.70M,+0.74%
19-07-2023,19833.15,19802.95,19851.70,19727.45,259.66M,+0.42%
18-07-2023,19749.25,19787.50,19819.45,19690.20,286.35M,+0.19%
17-07-2023,19711.45,19612.15,19731.85,19562.95,268.71M,+0.75%
14-07-2023,19564.50,19493.45,19595.35,19433.50,291.17M,+0.78%
13-07-2023,19413.75,19495.20,19567.00,19385.80,310.44M,+0.15%
12-07-2023,19384.30,19497.45,19507.70,19361.75,327.94M,-0.28%
11-07-2023,19439.40,19427.10,19515.10,19406.45,251.26M,+0.43%
10-07-2023,19355.90,19400.35,19435.85,19327.10,268.25M,+0.12%
07-07-2023,19331.80,19422.80,19523.60,19303.60,237.10M,-0.85%
06-07-2023,19497.30,19385.70,19512.20,19373.00,268.26M,+0.51%
05-07-2023,19398.50,19405.95,19421.60,19339.60,224.42M,+0.05%
04-07-2023,19389.00,19406.60,19434.15,19300.00,226.92M,+0.34%
03-07-2023,19322.55,19246.50,19345.10,19234.40,226.05M,+0.70%
30-06-2023,19189.05,19076.85,19201.70,19024.60,247.91M,+1.14%
28-06-2023,18972.10,18908.15,19011.25,18861.35,398.78M,+0.82%
27-06-2023,18817.40,18748.55,18829.25,18714.25,222.46M,+0.68%
26-06-2023,18691.20,18682.35,18722.05,18646.70,171.27M,+0.14%
23-06-2023,18665.50,18741.85,18756.40,18647.10,210.56M,-0.56%
22-06-2023,18771.25,18853.60,18886.60,18759.50,252.70M,-0.45%
21-06-2023,18856.85,18849.40,18875.90,18794.85,217.48M,+0.21%
20-06-2023,18816.70,18752.35,18839.70,18660.65,211.65M,+0.33%
19-06-2023,18755.45,18873.30,18881.45,18719.15,219.82M,-0.37%
16-06-2023,18826.00,18723.30,18864.70,18710.50,272.77M,+0.74%
15-06-2023,18688.10,18774.45,18794.10,18669.05,263.00M,-0.36%
14-06-2023,18755.90,18744.60,18769.70,18690.00,261.35M,+0.21%
13-06-2023,18716.15,18631.80,18728.90,18631.80,233.17M,+0.62%
12-06-2023,18601.50,18595.05,18633.60,18559.75,179.46M,+0.21%
09-06-2023,18563.40,18655.90,18676.65,18555.40,221.76M,-0.38%
08-06-2023,18634.55,18725.35,18777.90,18615.60,286.47M,-0.49%
07-06-2023,18726.40,18665.60,18738.95,18636.00,260.11M,+0.68%
06-06-2023,18599.00,18600.80,18622.75,18531.60,220.79M,+0.03%
05-06-2023,18593.85,18612.00,18640.15,18582.80,256.11M,+0.32%
02-06-2023,18534.10,18550.85,18573.70,18478.40,270.92M,+0.25%
01-06-2023,18487.75,18579.40,18580.30,18464.55,265.63M,-0.25%
31-05-2023,18534.40,18594.20,18603.90,18483.85,696.50M,-0.53%
30-05-2023,18633.85,18606.65,18662.45,18575.50,234.39M,+0.19%
29-05-2023,18598.65,18619.15,18641.20,18581.25,265.32M,+0.54%
26-05-2023,18499.35,18368.35,18508.55,18333.15,198.67M,+0.97%
25-05-2023,18321.15,18268.90,18338.10,18202.40,235.92M,+0.20%
24-05-2023,18285.40,18294.80,18392.60,18262.95,232.62M,-0.34%
23-05-2023,18348.00,18362.90,18419.75,18324.20,270.35M,+0.18%
22-05-2023,18314.40,18201.10,18335.25,18178.85,262.56M,+0.61%
19-05-2023,18203.40,18186.15,18218.10,18060.40,260.90M,+0.41%
18-05-2023,18129.95,18287.50,18297.20,18104.85,272.10M,-0.28%
17-05-2023,18181.75,18300.45,18309.00,18115.35,229.90M,-0.57%
16-05-2023,18286.50,18432.35,18432.35,18264.35,219.49M,-0.61%
15-05-2023,18398.85,18339.30,18458.90,18287.90,216.09M,+0.46%
12-05-2023,18314.80,18273.75,18342.75,18194.55,241.70M,+0.10%
11-05-2023,18297.00,18357.80,18389.70,18270.40,248.93M,-0.10%
10-05-2023,18315.10,18313.60,18326.75,18211.95,220.45M,+0.27%
09-05-2023,18265.95,18303.40,18344.20,18229.65,245.37M,+0.01%
08-05-2023,18264.40,18120.60,18286.95,18100.30,228.40M,+1.08%
05-05-2023,18069.00,18117.30,18216.95,18055.45,239.70M,-1.02%
04-05-2023,18255.80,18081.00,18267.45,18066.70,226.64M,+0.92%
03-05-2023,18089.85,18113.80,18116.35,18042.40,226.17M,-0.32%
02-05-2023,18147.65,18124.80,18180.25,18101.75,265.22M,+0.46%
28-04-2023,18065.00,17950.40,18089.15,17885.30,290.26M,+0.84%
27-04-2023,17915.05,17813.10,17931.60,17797.90,241.43M,+0.57%
26-04-2023,17813.60,17767.30,17827.75,17711.20,233.01M,+0.25%
25-04-2023,17769.25,17761.55,17807.45,17716.85,297.45M,+0.15%
24-04-2023,17743.40,17707.55,17754.50,17612.50,255.74M,+0.68%
21-04-2023,17624.05,17639.75,17663.20,17553.95,230.16M,0.00%
20-04-2023,17624.45,17638.60,17684.45,17584.35,215.10M,+0.03%
19-04-2023,17618.75,17653.35,17666.15,17579.85,281.46M,-0.23%
18-04-2023,17660.15,17766.60,17766.60,17610.20,258.86M,-0.26%
17-04-2023,17706.85,17863.00,17863.00,17574.05,357.40M,-0.68%
13-04-2023,17828.00,17807.30,17842.15,17729.65,285.76M,+0.09%
12-04-2023,17812.40,17759.55,17825.75,17717.25,232.82M,+0.51%
11-04-2023,17722.30,17704.80,17748.75,17655.15,304.26M,+0.56%
10-04-2023,17624.05,17634.90,17694.10,17597.95,254.82M,+0.14%
06-04-2023,17599.15,17533.85,17638.70,17502.85,242.71M,+0.24%
05-04-2023,17557.05,17422.30,17570.55,17402.70,248.35M,+0.91%
03-04-2023,17398.05,17427.95,17428.05,17312.75,230.17M,+0.22%
31-03-2023,17359.75,17210.35,17381.60,17204.65,263.89M,+1.63%
29-03-2023,17080.70,16977.30,17126.15,16940.60,345.91M,+0.76%
28-03-2023,16951.70,17031.75,17061.75,16913.75,238.84M,-0.20%
27-03-2023,16985.70,16984.30,17091.00,16918.55,218.42M,+0.24%
24-03-2023,16945.05,17076.20,17109.45,16917.35,228.04M,-0.77%
23-03-2023,17076.90,17097.40,17205.40,17045.30,219.17M,-0.44%
22-03-2023,17151.90,17177.45,17207.25,17107.85,,+0.26%
21-03-2023,17107.50,17060.40,17127.70,17016.00,246.74M,+0.70%
20-03-2023,16988.40,17066.60,17066.60,16828.35,241.78M,-0.65%
17-03-2023,17100.05,17111.80,17145.80,16958.15,408.12M,+0.67%
16-03-2023,16985.60,16994.65,17062.45,16850.15,349.82M,+0.08%
15-03-2023,16972.15,17166.45,17211.35,16938.90,248.19M,-0.42%
14-03-2023,17043.30,17160.55,17224.65,16987.10,290.60M,-0.65%
13-03-2023,17154.30,17421.90,17529.90,17113.45,254.91M,-1.49%
10-03-2023,17412.90,17443.80,17451.50,17324.35,235.93M,-1.00%
09-03-2023,17589.60,17772.05,17772.35,17573.60,262.35M,-0.93%
08-03-2023,17754.40,17665.75,17766.50,17602.25,267.04M,+0.24%
06-03-2023,17711.45,17680.35,17799.95,17671.95,362.80M,+0.67%
03-03-2023,17594.35,17451.25,17644.75,17427.70,356.17M,+1.57%
02-03-2023,17321.90,17421.50,17445.80,17306.00,310.67M,-0.74%
01-03-2023,17450.90,17360.10,17467.75,17345.25,272.88M,+0.85%
28-02-2023,17303.95,17383.25,17440.45,17255.20,420.88M,-0.51%
27-02-2023,17392.70,17428.60,17451.60,17299.00,246.45M,-0.42%
24-02-2023,17465.80,17591.35,17599.75,17421.80,209.41M,-0.26%
23-02-2023,17511.25,17574.65,17620.05,17455.40,240.81M,-0.25%
22-02-2023,17554.30,17755.35,17772.50,17529.45,204.02M,-1.53%
21-02-2023,17826.70,17905.80,17924.90,17800.30,198.25M,-0.10%
20-02-2023,17844.60,17965.55,18004.35,17818.40,174.56M,-0.56%
17-02-2023,17944.20,17974.85,18034.25,17884.60,208.05M,-0.51%
16-02-2023,18035.85,18094.75,18134.75,18000.65,230.25M,+0.11%
15-02-2023,18015.85,17896.60,18034.10,17853.80,229.27M,+0.48%
14-02-2023,17929.85,17840.35,17954.55,17800.05,244.51M,+0.89%
13-02-2023,17770.90,17859.10,17880.70,17719.75,231.28M,-0.48%
10-02-2023,17856.50,17847.55,17876.95,17801.00,231.99M,-0.21%
09-02-2023,17893.45,17885.50,17916.90,17779.80,260.85M,+0.12%
08-02-2023,17871.70,17750.30,17898.70,17744.15,290.99M,+0.85%
07-02-2023,17721.50,17790.10,17811.15,17652.55,354.40M,-0.24%
06-02-2023,17764.60,17818.55,17823.70,17698.35,282.54M,-0.50%
03-02-2023,17854.05,17721.75,17870.30,17584.20,424.12M,+1.38%
02-02-2023,17610.40,17517.10,17653.90,17445.95,490.11M,-0.03%
01-02-2023,17616.30,17811.60,17972.20,17353.40,512.87M,-0.26%
31-01-2023,17662.15,17731.45,17735.70,17537.55,398.34M,+0.07%
30-01-2023,17648.95,17541.95,17709.15,17405.55,432.43M,+0.25%
27-01-2023,17604.35,17877.20,17884.75,17493.55,476.34M,-1.61%
25-01-2023,17891.95,18093.35,18100.60,17846.15,257.23M,-1.25%
24-01-2023,18118.30,18183.95,18201.25,18078.65,216.91M,0.00%
23-01-2023,18118.55,18118.45,18162.60,18063.45,202.46M,+0.50%
20-01-2023,18027.65,18115.60,18145.45,18016.20,237.23M,-0.44%
19-01-2023,18107.85,18119.80,18155.20,18063.75,237.83M,-0.32%
18-01-2023,18165.35,18074.30,18183.75,18032.45,255.84M,+0.62%
17-01-2023,18053.30,17922.80,18072.05,17886.95,219.06M,+0.89%
16-01-2023,17894.85,18033.15,18049.65,17853.65,206.20M,-0.34%
13-01-2023,17956.60,17867.50,17999.35,17774.25,256.70M,+0.55%
12-01-2023,17858.20,17920.85,17945.80,17761.65,227.77M,-0.21%
11-01-2023,17895.70,17924.25,17976.35,17824.35,259.85M,-0.10%
10-01-2023,17914.15,18121.30,18127.60,17856.00,283.28M,-1.03%
09-01-2023,18101.20,17952.55,18141.40,17936.15,257.24M,+1.35%
06-01-2023,17859.45,18008.05,18047.40,17795.55,238.22M,-0.74%
05-01-2023,17992.15,18101.95,18120.30,17892.60,269.95M,-0.28%
04-01-2023,18042.95,18230.65,18243.00,18020.60,235.16M,-1.04%
03-01-2023,18232.55,18163.20,18251.95,18149.80,208.70M,+0.19%
02-01-2023,18197.45,18131.70,18215.15,18086.50,256.07M,+0.51%
30-12-2022,18105.30,18259.10,18265.25,18080.30,192.01M,-0.47%
29-12-2022,18191.00,18045.70,18229.70,17992.80,281.05M,+0.38%
28-12-2022,18122.50,18084.75,18173.10,18068.35,193.87M,-0.05%
27-12-2022,18132.30,18089.80,18149.25,17967.45,214.26M,+0.65%
26-12-2022,18014.60,17830.40,18084.10,17774.25,176.65M,+1.17%
23-12-2022,17806.80,17977.65,18050.45,17779.50,221.45M,-1.77%
22-12-2022,18127.35,18288.80,18318.75,18068.60,195.70M,-0.39%
21-12-2022,18199.10,18435.15,18473.35,18162.75,187.59M,-1.01%
20-12-2022,18385.30,18340.30,18404.90,18202.65,169.04M,-0.19%
19-12-2022,18420.45,18288.10,18431.65,18244.55,154.85M,+0.83%
16-12-2022,18269.00,18319.10,18440.95,18255.15,277.65M,-0.79%
15-12-2022,18414.90,18614.40,18652.90,18387.70,183.13M,-1.32%
14-12-2022,18660.30,18671.25,18696.10,18632.90,208.03M,+0.28%
13-12-2022,18608.00,18524.40,18617.25,18490.20,187.59M,+0.60%
12-12-2022,18497.15,18402.15,18521.55,18345.70,193.88M,0.00%
09-12-2022,18496.60,18662.40,18664.70,18410.10,215.84M,-0.61%
08-12-2022,18609.35,18570.85,18625.00,18536.95,202.81M,+0.26%
07-12-2022,18560.50,18638.85,18668.30,18528.40,200.50M,-0.44%
06-12-2022,18642.75,18600.65,18654.90,18577.90,217.78M,-0.31%
05-12-2022,18701.05,18719.55,18728.60,18591.35,288.39M,+0.03%
02-12-2022,18696.10,18752.40,18781.95,18639.20,254.40M,-0.62%
01-12-2022,18812.50,18871.95,18887.60,18778.20,324.96M,+0.29%
30-11-2022,18758.35,18625.70,18816.05,18616.55,345.64M,+0.75%
29-11-2022,18618.05,18552.45,18678.10,18552.15,195.26M,+0.30%
28-11-2022,18562.75,18430.55,18614.25,18365.60,206.47M,+0.27%
25-11-2022,18512.75,18528.45,18534.90,18445.10,205.88M,+0.16%
24-11-2022,18484.10,18326.10,18529.70,18294.25,204.04M,+1.19%
23-11-2022,18267.25,18325.20,18325.40,18246.00,178.79M,+0.13%
22-11-2022,18244.20,18179.15,18261.85,18137.70,177.68M,+0.46%
21-11-2022,18159.95,18246.40,18262.30,18133.35,213.80M,-0.81%
18-11-2022,18307.65,18382.95,18394.60,18209.80,198.80M,-0.20%
17-11-2022,18343.90,18358.70,18417.60,18312.95,200.51M,-0.36%
16-11-2022,18409.65,18398.25,18442.15,18344.15,219.27M,+0.03%
15-11-2022,18403.40,18362.75,18427.95,18282.00,250.93M,+0.41%
14-11-2022,18329.15,18376.40,18399.45,18311.40,301.40M,-0.11%
11-11-2022,18349.70,18272.35,18362.30,18259.35,378.47M,+1.78%
10-11-2022,18028.20,18044.35,18103.10,17969.40,256.45M,-0.71%
09-11-2022,18157.00,18288.25,18296.40,18117.50,307.16M,-0.25%
07-11-2022,18202.80,18211.75,18255.50,18064.75,314.76M,+0.47%
04-11-2022,18117.15,18053.40,18135.10,18017.15,267.94M,+0.36%
03-11-2022,18052.70,17968.35,18106.30,17959.20,212.97M,-0.17%
02-11-2022,18082.85,18177.90,18178.75,18048.65,270.88M,-0.34%
01-11-2022,18145.40,18130.70,18175.80,18060.15,349.92M,+0.74%
31-10-2022,18012.20,17910.20,18022.80,17899.90,227.18M,+1.27%
28-10-2022,17786.80,17756.40,17838.90,17723.70,250.03M,+0.28%
27-10-2022,17736.95,17771.40,17783.90,17654.50,324.65M,+0.46%
25-10-2022,17656.35,17808.30,17811.50,17637.00,251.36M,-0.42%
24-10-2022,17730.75,17736.35,17777.55,17707.40,45.03M,+0.88%
21-10-2022,17576.30,17622.85,17670.15,17520.75,277.70M,+0.07%
20-10-2022,17563.95,17423.10,17584.15,17421.00,249.60M,+0.30%
19-10-2022,17512.25,17568.15,17607.60,17472.85,210.48M,+0.14%
18-10-2022,17486.95,17438.75,17527.80,17434.05,239.49M,+1.01%
17-10-2022,17311.80,17144.80,17328.55,17098.55,212.22M,+0.73%
14-10-2022,17185.70,17322.30,17348.55,17169.75,227.00M,+1.01%
13-10-2022,17014.35,17087.35,17112.35,16956.95,266.44M,-0.64%
12-10-2022,17123.60,17025.55,17142.35,16960.05,256.04M,+0.82%
11-10-2022,16983.55,17256.05,17261.80,16950.30,282.62M,-1.49%
10-10-2022,17241.00,17094.35,17280.15,17064.70,234.01M,-0.43%
07-10-2022,17314.65,17287.20,17337.35,17216.95,216.27M,-0.10%
06-10-2022,17331.80,17379.25,17428.80,17315.65,265.45M,+0.33%
04-10-2022,17274.30,17147.45,17287.30,17117.30,226.02M,+2.29%
03-10-2022,16887.35,17102.10,17114.65,16855.55,278.37M,-1.21%
30-09-2022,17094.35,16798.05,17187.10,16747.70,376.12M,+1.64%
29-09-2022,16818.10,16993.60,17026.05,16788.60,340.03M,-0.24%
28-09-2022,16858.60,16870.55,17037.60,16820.40,323.92M,-0.87%
27-09-2022,17007.40,17110.90,17176.45,16942.35,359.90M,-0.05%
26-09-2022,17016.30,17156.30,17196.40,16978.30,492.00M,-1.80%
23-09-2022,17327.35,17593.85,17642.15,17291.65,390.76M,-1.72%
22-09-2022,17629.80,17609.65,17722.75,17532.45,284.09M,-0.50%
21-09-2022,17718.35,17766.35,17838.70,17663.60,245.53M,-0.55%
20-09-2022,17816.25,17770.40,17919.30,17744.40,263.10M,+1.10%
19-09-2022,17622.25,17540.65,17667.20,17429.70,258.33M,+0.52%
16-09-2022,17530.85,17796.80,17820.05,17497.25,468.46M,-1.94%
15-09-2022,17877.40,18046.35,18096.15,17861.50,289.64M,-0.70%
14-09-2022,18003.75,17771.15,18091.55,17771.15,365.87M,-0.37%
13-09-2022,18070.05,18044.45,18088.30,18015.45,259.92M,+0.75%
12-09-2022,17936.35,17890.85,17980.55,17889.15,228.24M,+0.58%
09-09-2022,17833.35,17923.35,17925.95,17786.00,270.30M,+0.19%
08-09-2022,17798.75,17748.15,17807.65,17691.95,279.85M,+0.99%
07-09-2022,17624.40,17519.40,17650.75,17484.30,354.14M,-0.18%
06-09-2022,17655.60,17695.70,17764.65,17587.65,251.20M,-0.06%
05-09-2022,17665.80,17546.45,17683.15,17540.35,230.31M,+0.72%
02-09-2022,17539.45,17598.40,17643.85,17476.45,256.27M,-0.02%
01-09-2022,17542.80,17485.70,17695.60,17468.45,308.53M,-1.22%
30-08-2022,17759.30,17414.95,17777.65,17401.50,324.69M,+2.58%
29-08-2022,17312.90,17188.65,17380.15,17166.20,244.86M,-1.40%
26-08-2022,17558.90,17619.30,17685.85,17519.35,266.64M,+0.21%
25-08-2022,17522.45,17679.00,17726.50,17487.45,230.18M,-0.47%
24-08-2022,17604.95,17525.45,17623.65,17499.25,261.95M,+0.16%
23-08-2022,17577.50,17357.35,17625.55,17345.20,285.62M,+0.50%
22-08-2022,17490.70,17682.90,17690.05,17467.35,287.56M,-1.51%
19-08-2022,17758.45,17966.55,17992.20,17710.75,295.63M,-1.10%
18-08-2022,17956.50,17898.65,17968.45,17852.05,263.91M,+0.07%
17-08-2022,17944.25,17868.15,17965.95,17833.35,262.77M,+0.67%
16-08-2022,17825.25,17797.20,17839.10,17764.05,,+0.72%
12-08-2022,17698.15,17659.65,17724.65,17597.85,303.87M,+0.22%
11-08-2022,17659.00,17711.65,17719.30,17631.95,311.25M,+0.71%
10-08-2022,17534.75,17566.10,17566.10,17442.80,312.72M,+0.06%
08-08-2022,17525.10,17401.50,17548.80,17359.75,256.99M,+0.73%
05-08-2022,17397.50,17423.65,17474.40,17348.75,355.31M,+0.09%
04-08-2022,17382.00,17463.10,17490.70,17161.25,324.98M,-0.04%
03-08-2022,17388.15,17349.25,17407.50,17225.85,285.42M,+0.25%
02-08-2022,17345.45,17310.15,17390.15,17215.85,333.64M,+0.03%
01-08-2022,17340.05,17243.20,17356.25,17154.80,381.53M,+1.06%
29-07-2022,17158.25,17079.50,17172.80,17018.15,436.06M,+1.35%
28-07-2022,16929.60,16774.85,16947.65,16746.25,376.26M,+1.73%
27-07-2022,16641.80,16475.35,16653.45,16438.75,185.21M,+0.96%
26-07-2022,16483.85,16632.90,16636.10,16463.30,208.21M,-0.88%
25-07-2022,16631.00,16662.55,16706.05,16564.25,211.39M,-0.53%
22-07-2022,16719.45,16661.25,16752.25,16610.90,190.91M,+0.69%
21-07-2022,16605.25,16523.55,16626.95,16483.90,243.62M,+0.51%
20-07-2022,16520.85,16562.80,16588.00,16490.95,284.36M,+1.10%
19-07-2022,16340.55,16187.05,16359.50,16187.05,222.63M,+0.38%
18-07-2022,16278.50,16151.40,16287.95,16142.20,227.74M,+1.43%
15-07-2022,16049.20,16010.80,16066.95,15927.30,205.77M,+0.69%
14-07-2022,15938.65,16018.85,16070.85,15858.20,228.60M,-0.18%
13-07-2022,15966.65,16128.20,16140.00,15950.15,233.26M,-0.57%
12-07-2022,16058.30,16126.20,16158.75,16031.15,208.65M,-0.97%
11-07-2022,16216.00,16136.15,16248.55,16115.50,255.92M,-0.03%
08-07-2022,16220.60,16273.65,16275.50,16157.90,281.10M,+0.54%
07-07-2022,16132.90,16113.75,16150.50,16045.95,264.62M,+0.89%
06-07-2022,15989.80,15818.20,16011.35,15800.90,288.38M,+1.13%
05-07-2022,15810.85,15909.15,16025.75,15785.45,254.16M,-0.15%
04-07-2022,15835.35,15710.50,15852.35,15661.80,304.33M,+0.53%
01-07-2022,15752.05,15703.70,15793.95,15511.05,364.09M,-0.18%
30-06-2022,15780.25,15774.50,15890.00,15728.85,306.03M,-0.12%
29-06-2022,15799.10,15701.70,15861.60,15687.80,444.95M,-0.32%
28-06-2022,15850.20,15757.45,15892.10,15710.15,251.87M,+0.11%
27-06-2022,15832.05,15926.20,15927.45,15815.50,210.93M,+0.85%
24-06-2022,15699.25,15657.40,15749.25,15619.45,219.60M,+0.92%
23-06-2022,15556.65,15451.55,15628.45,15367.50,259.17M,+0.93%
22-06-2022,15413.30,15545.65,15565.40,15385.95,220.89M,-1.44%
21-06-2022,15638.80,15455.95,15707.25,15419.85,262.79M,+1.88%
20-06-2022,15350.15,15334.50,15382.50,15191.10,260.02M,+0.37%
17-06-2022,15293.50,15272.65,15400.40,15183.40,342.63M,-0.44%
16-06-2022,15360.60,15832.25,15863.15,15335.10,264.74M,-2.11%
15-06-2022,15692.15,15729.25,15783.65,15678.90,183.01M,-0.25%
14-06-2022,15732.10,15674.25,15858.00,15659.45,225.43M,-0.27%
13-06-2022,15774.40,15877.55,15886.15,15684.00,225.53M,-2.64%
10-06-2022,16201.80,16283.95,16324.70,16172.60,189.68M,-1.68%
09-06-2022,16478.10,16263.85,16492.80,16243.85,204.95M,+0.74%
08-06-2022,16356.25,16474.95,16514.30,16293.35,243.48M,-0.37%
07-06-2022,16416.35,16469.60,16487.25,16347.10,233.81M,-0.92%
06-06-2022,16569.55,16530.70,16610.95,16444.55,233.59M,-0.09%
03-06-2022,16584.30,16761.65,16793.85,16567.90,245.51M,-0.26%
02-06-2022,16628.00,16481.65,16646.40,16443.05,235.96M,+0.64%
01-06-2022,16522.75,16594.40,16649.20,16438.85,249.62M,-0.37%
31-05-2022,16584.55,16578.45,16690.75,16521.90,651.61M,-0.46%
30-05-2022,16661.40,16527.90,16695.50,16506.15,251.40M,+1.89%
27-05-2022,16352.45,16296.60,16370.60,16221.95,274.06M,+1.13%
26-05-2022,16170.15,16105.00,16204.45,15903.70,314.31M,+0.90%
25-05-2022,16025.80,16196.35,16223.35,16006.95,243.34M,-0.62%
24-05-2022,16125.15,16225.55,16262.80,16078.60,249.78M,-0.55%
23-05-2022,16214.70,16290.95,16414.70,16185.75,293.83M,-0.32%
20-05-2022,16266.15,16043.80,16283.05,16003.85,252.40M,+2.89%
19-05-2022,15809.40,15917.40,15984.75,15775.20,313.88M,-2.65%
18-05-2022,16240.30,16318.15,16399.80,16211.20,290.44M,-0.12%
17-05-2022,16259.30,15912.60,16284.25,15900.80,295.69M,+2.63%
16-05-2022,15842.30,15845.10,15977.95,15739.65,217.65M,+0.38%
13-05-2022,15782.15,15977.00,16083.60,15740.85,369.14M,-0.16%
12-05-2022,15808.00,16021.10,16041.95,15735.75,314.92M,-2.22%
11-05-2022,16167.10,16270.05,16318.75,15992.60,284.29M,-0.45%
10-05-2022,16240.05,16248.90,16404.55,16197.30,283.06M,-0.38%
09-05-2022,16301.85,16227.70,16403.70,16142.10,288.40M,-0.67%
06-05-2022,16411.25,16415.55,16484.20,16340.90,300.53M,-1.63%
05-05-2022,16682.65,16854.75,16945.70,16651.85,265.79M,+0.03%
04-05-2022,16677.60,17096.60,17132.85,16623.95,310.63M,-2.29%
02-05-2022,17069.10,16924.45,17092.25,16917.25,278.16M,-0.20%
29-04-2022,17102.55,17329.25,17377.65,17053.25,336.24M,-0.83%
28-04-2022,17245.05,17189.50,17322.50,17071.05,312.91M,+1.21%
27-04-2022,17038.40,17073.35,17110.70,16958.45,265.14M,-0.94%
26-04-2022,17200.80,17121.30,17223.85,17064.45,261.07M,+1.46%
25-04-2022,16953.95,17009.05,17054.30,16888.70,275.69M,-1.27%
22-04-2022,17171.95,17242.75,17315.30,17149.20,262.74M,-1.27%
21-04-2022,17392.60,17234.60,17414.70,17215.50,285.20M,+1.49%
20-04-2022,17136.55,17045.25,17186.90,16978.95,286.07M,+1.05%
19-04-2022,16958.65,17258.95,17275.65,16824.70,401.40M,-1.25%
18-04-2022,17173.65,17183.45,17237.75,17067.85,376.13M,-1.73%
13-04-2022,17475.65,17599.90,17663.65,17457.40,245.06M,-0.31%
12-04-2022,17530.30,17584.85,17595.30,17442.35,266.03M,-0.82%
11-04-2022,17674.95,17740.90,17779.05,17650.95,251.70M,-0.62%
08-04-2022,17784.35,17698.15,17842.75,17600.55,274.45M,+0.82%
07-04-2022,17639.55,17723.30,17787.50,17623.70,308.84M,-0.94%
06-04-2022,17807.65,17842.75,17901.00,17779.85,328.82M,-0.83%
05-04-2022,17957.40,18080.60,18095.45,17921.55,283.45M,-0.53%
04-04-2022,18053.40,17809.10,18114.65,17791.40,345.53M,+2.17%
01-04-2022,17670.45,17436.90,17703.70,17422.70,291.77M,+1.18%
31-03-2022,17464.75,17519.20,17559.80,17435.20,281.11M,-0.19%
30-03-2022,17498.25,17468.15,17522.50,17387.20,505.03M,+1.00%
29-03-2022,17325.30,17297.20,17343.65,17235.70,235.15M,+0.60%
28-03-2022,17222.00,17181.85,17235.10,17003.90,253.24M,+0.40%
25-03-2022,17153.00,17289.00,17294.90,17076.55,237.12M,-0.40%
24-03-2022,17222.75,17094.95,17291.75,17091.15,290.28M,-0.13%
23-03-2022,17245.65,17405.05,17442.40,17199.60,292.12M,-0.40%
22-03-2022,17315.50,17120.40,17334.40,17006.30,338.26M,+1.16%
21-03-2022,17117.60,17329.50,17353.35,17096.40,285.45M,-0.98%
17-03-2022,17287.05,17202.90,17344.60,17175.75,448.34M,+1.84%
16-03-2022,16975.35,16876.65,16987.90,16837.85,259.97M,+1.87%
15-03-2022,16663.00,16900.65,16927.75,16555.00,381.63M,-1.23%
14-03-2022,16871.30,16633.70,16887.95,16606.50,314.67M,+1.45%
11-03-2022,16630.45,16528.80,16694.40,16470.90,343.72M,+0.21%
10-03-2022,16594.90,16757.10,16757.30,16447.90,486.45M,+1.53%
09-03-2022,16345.35,16078.00,16418.05,15990.00,462.23M,+2.07%
08-03-2022,16013.45,15747.75,16028.75,15671.45,543.60M,+0.95%
07-03-2022,15863.15,15867.95,15944.60,15711.45,585.40M,-2.35%
04-03-2022,16245.35,16339.45,16456.00,16133.80,456.14M,-1.53%
03-03-2022,16498.05,16723.20,16768.95,16442.95,442.07M,-0.65%
02-03-2022,16605.95,16593.10,16678.50,16478.65,517.72M,-1.12%
28-02-2022,16793.90,16481.60,16815.90,16356.30,404.21M,+0.81%
25-02-2022,16658.40,16515.65,16748.80,16478.30,329.78M,+2.53%
24-02-2022,16247.95,16548.90,16705.25,16203.25,457.97M,-4.78%
23-02-2022,17063.25,17194.50,17220.70,17027.85,200.23M,-0.17%
22-02-2022,17092.20,16847.95,17148.55,16843.80,300.13M,-0.67%
21-02-2022,17206.65,17192.25,17351.05,17070.70,215.18M,-0.40%
18-02-2022,17276.30,17236.05,17380.80,17219.20,189.62M,-0.16%
17-02-2022,17304.60,17396.55,17442.90,17235.85,232.14M,-0.10%
16-02-2022,17322.20,17408.45,17490.60,17257.70,244.55M,-0.17%
15-02-2022,17352.45,16933.25,17375.00,16839.25,298.66M,+3.03%
14-02-2022,16842.80,17076.15,17099.50,16809.65,305.51M,-3.06%
11-02-2022,17374.75,17451.00,17454.75,17303.00,253.14M,-1.31%
10-02-2022,17605.85,17554.10,17639.45,17427.15,273.61M,+0.81%
09-02-2022,17463.80,17370.10,17477.15,17339.00,236.35M,+1.14%
08-02-2022,17266.75,17279.85,17306.45,17043.65,268.53M,+0.31%
07-02-2022,17213.60,17456.30,17536.75,17119.40,265.04M,-1.73%
04-02-2022,17516.30,17590.20,17617.80,17462.55,261.43M,-0.25%
03-02-2022,17560.20,17767.75,17781.15,17511.15,226.61M,-1.24%
02-02-2022,17780.00,17706.20,17794.60,17674.80,271.21M,+1.16%
01-02-2022,17576.85,17529.45,17622.40,17244.55,386.39M,+1.37%
31-01-2022,17339.85,17301.05,17410.00,17264.15,321.66M,+1.39%
28-01-2022,17101.95,17208.30,17373.50,17077.10,355.28M,-0.05%
27-01-2022,17110.15,17062.00,17182.50,16866.75,395.60M,-0.97%
25-01-2022,17277.95,17001.55,17309.15,16836.80,326.52M,+0.75%
24-01-2022,17149.10,17575.15,17599.40,16997.85,323.85M,-2.66%
21-01-2022,17617.15,17613.70,17707.60,17485.85,277.65M,-0.79%
20-01-2022,17757.00,17921.00,17943.70,17648.45,258.09M,-1.01%
19-01-2022,17938.40,18129.20,18129.20,17884.90,276.66M,-0.96%
18-01-2022,18113.05,18337.20,18350.95,18085.90,227.51M,-1.07%
17-01-2022,18308.10,18235.65,18321.55,18228.75,266.70M,+0.29%
14-01-2022,18255.75,18185.00,18286.95,18119.65,229.45M,-0.01%
13-01-2022,18257.80,18257.00,18272.25,18163.80,303.70M,+0.25%
12-01-2022,18212.35,18170.40,18227.95,18128.80,244.97M,+0.87%
11-01-2022,18055.75,17997.75,18081.25,17964.40,220.24M,+0.29%
10-01-2022,18003.30,17913.30,18017.45,17879.15,232.42M,+1.07%
07-01-2022,17812.70,17797.60,17905.00,17704.55,239.34M,+0.38%
06-01-2022,17745.90,17768.50,17797.95,17655.55,236.45M,-1.00%
05-01-2022,17925.25,17820.10,17944.70,17748.85,251.46M,+0.67%
04-01-2022,17805.25,17681.40,17827.60,17593.55,247.44M,+1.02%
03-01-2022,17625.70,17387.15,17646.65,17383.30,200.46M,+1.57%
31-12-2021,17354.05,17244.50,17400.80,17238.50,167.03M,+0.87%
30-12-2021,17203.95,17201.45,17264.05,17146.35,320.83M,-0.06%
29-12-2021,17213.60,17220.10,17285.95,17176.65,161.68M,-0.11%
28-12-2021,17233.25,17177.60,17250.25,17161.15,176.03M,+0.86%
27-12-2021,17086.25,16937.75,17112.05,16833.20,144.78M,+0.49%
24-12-2021,17003.75,17149.50,17155.60,16909.60,182.56M,-0.40%
23-12-2021,17072.60,17066.80,17118.65,17015.55,196.97M,+0.69%
22-12-2021,16955.45,16865.55,16971.00,16819.50,207.95M,+1.10%
21-12-2021,16770.85,16773.15,16936.40,16688.25,241.03M,+0.94%
20-12-2021,16614.20,16824.25,16840.10,16410.20,330.61M,-2.18%
17-12-2021,16985.20,17276.00,17298.15,16966.45,354.59M,-1.53%
16-12-2021,17248.40,17373.00,17379.35,17184.95,219.50M,+0.16%
15-12-2021,17221.40,17323.65,17351.20,17192.20,214.97M,-0.60%
14-12-2021,17324.90,17283.20,17376.20,17225.80,270.97M,-0.25%
13-12-2021,17368.25,17619.10,17639.50,17355.95,256.56M,-0.82%
10-12-2021,17511.30,17476.05,17534.35,17405.25,204.47M,-0.03%
09-12-2021,17516.85,17524.40,17543.25,17379.60,237.17M,+0.27%
08-12-2021,17469.75,17315.25,17484.60,17308.95,257.79M,+1.71%
07-12-2021,17176.70,17044.10,17251.65,16987.75,254.14M,+1.56%
06-12-2021,16912.25,17209.05,17216.75,16891.70,231.72M,-1.65%
03-12-2021,17196.70,17424.90,17489.80,17180.80,292.53M,-1.18%
02-12-2021,17401.65,17183.20,17420.35,17149.30,279.87M,+1.37%
01-12-2021,17166.90,17104.40,17213.05,17064.25,295.54M,+1.08%
30-11-2021,16983.20,17051.15,17324.65,16931.40,498.00M,-0.41%
29-11-2021,17053.95,17055.80,17160.70,16782.40,348.89M,+0.16%
26-11-2021,17026.45,17338.75,17355.40,16985.70,356.33M,-2.91%
25-11-2021,17536.25,17417.30,17564.35,17351.70,255.95M,+0.70%
24-11-2021,17415.05,17550.05,17600.60,17354.00,298.05M,-0.50%
23-11-2021,17503.35,17281.75,17553.70,17216.10,308.84M,+0.50%
22-11-2021,17416.55,17796.25,17805.25,17280.45,356.40M,-1.96%
18-11-2021,17764.80,17890.55,17945.60,17688.50,278.43M,-0.75%
17-11-2021,17898.65,17939.35,18022.65,17879.25,295.72M,-0.56%
16-11-2021,17999.20,18127.05,18132.65,17958.80,267.43M,-0.61%
15-11-2021,18109.45,18140.95,18210.15,18071.30,280.43M,+0.04%
12-11-2021,18102.75,17977.60,18123.00,17905.90,249.11M,+1.28%
11-11-2021,17873.60,17967.45,17971.35,17798.20,232.12M,-0.80%
10-11-2021,18017.20,17973.45,18061.25,17915.00,261.45M,-0.15%
09-11-2021,18044.25,18084.35,18112.60,17983.05,270.20M,-0.13%
08-11-2021,18068.55,18040.20,18087.80,17836.10,338.92M,+0.85%
04-11-2021,17916.80,17935.05,17947.55,17900.60,48.52M,+0.49%
03-11-2021,17829.20,17947.95,17988.75,17757.95,331.00M,-0.33%
02-11-2021,17888.95,17970.90,18012.25,17847.60,296.44M,-0.23%
01-11-2021,17929.65,17783.15,17954.10,17697.10,281.19M,+1.46%
29-10-2021,17671.65,17833.05,17915.85,17613.10,336.47M,-1.04%
28-10-2021,17857.25,18187.65,18190.70,17799.45,374.21M,-1.94%
27-10-2021,18210.95,18295.85,18342.05,18167.90,335.25M,-0.31%
26-10-2021,18268.40,18154.50,18310.45,18099.30,341.38M,+0.79%
25-10-2021,18125.40,18229.50,18241.40,17968.50,418.70M,+0.06%
22-10-2021,18114.90,18230.70,18314.25,18034.35,324.75M,-0.35%
21-10-2021,18178.10,18382.70,18384.20,18048.00,365.90M,-0.48%
20-10-2021,18266.60,18439.90,18458.30,18209.35,371.28M,-0.83%
19-10-2021,18418.75,18602.35,18604.45,18377.70,368.23M,-0.32%
18-10-2021,18477.05,18500.10,18543.15,18445.30,469.88M,+0.76%
14-10-2021,18338.55,18272.85,18350.75,18248.70,538.71M,+0.97%
13-10-2021,18161.75,18097.85,18197.80,18050.75,506.68M,+0.94%
12-10-2021,17991.95,17915.80,18008.65,17864.95,355.57M,+0.26%
11-10-2021,17945.95,17867.55,18041.95,17839.10,375.76M,+0.28%
08-10-2021,17895.20,17886.85,17941.85,17840.35,324.07M,+0.59%
07-10-2021,17790.35,17810.55,17857.55,17763.80,419.89M,+0.82%
06-10-2021,17646.00,17861.50,17884.60,17613.15,395.83M,-0.99%
05-10-2021,17822.30,17661.35,17833.45,17640.90,427.00M,+0.74%
04-10-2021,17691.25,17615.55,17750.90,17581.35,295.76M,+0.91%
01-10-2021,17532.05,17531.90,17557.15,17452.90,305.76M,-0.49%
30-09-2021,17618.15,17718.90,17742.15,17585.35,378.59M,-0.53%
29-09-2021,17711.30,17657.95,17781.75,17608.15,562.24M,-0.21%
28-09-2021,17748.60,17906.45,17912.85,17576.10,398.00M,-0.60%
27-09-2021,17855.10,17932.20,17943.50,17802.90,295.71M,+0.01%
24-09-2021,17853.20,17897.45,17947.65,17819.40,360.13M,+0.17%
23-09-2021,17822.95,17670.85,17843.90,17646.55,320.51M,+1.57%
22-09-2021,17546.65,17580.90,17610.45,17524.00,295.19M,-0.09%
21-09-2021,17562.00,17450.50,17578.35,17326.10,363.58M,+0.95%
20-09-2021,17396.90,17443.85,17622.75,17361.80,339.10M,-1.07%
17-09-2021,17585.15,17709.65,17792.95,17537.65,508.29M,-0.25%
16-09-2021,17629.50,17539.20,17644.60,17510.45,503.31M,+0.63%
15-09-2021,17519.45,17387.65,17532.70,17386.90,388.19M,+0.80%
14-09-2021,17380.00,17420.35,17438.55,17367.05,230.35M,+0.14%
13-09-2021,17355.30,17363.55,17378.35,17269.15,241.05M,-0.08%
09-09-2021,17369.25,17312.85,17379.65,17302.70,241.51M,+0.09%
08-09-2021,17353.50,17375.75,17383.40,17254.20,252.65M,-0.05%
07-09-2021,17362.10,17401.55,17436.50,17287.00,243.42M,-0.09%
06-09-2021,17377.80,17399.35,17429.55,17345.55,228.05M,+0.31%
03-09-2021,17323.60,17262.45,17340.10,17212.20,261.37M,+0.52%
02-09-2021,17234.15,17095.40,17245.50,17059.70,242.38M,+0.92%
01-09-2021,17076.25,17185.60,17225.75,17055.05,301.89M,-0.33%
31-08-2021,17132.20,16947.50,17153.50,16915.85,464.39M,+1.19%
30-08-2021,16931.05,16775.85,16951.50,16764.85,283.48M,+1.35%
27-08-2021,16705.20,16642.55,16722.05,16565.60,217.41M,+0.41%
26-08-2021,16636.90,16627.95,16683.70,16603.40,253.53M,+0.01%
25-08-2021,16634.65,16654.00,16712.45,16617.50,265.92M,+0.06%
24-08-2021,16624.60,16561.40,16647.10,16495.30,275.36M,+0.78%
23-08-2021,16496.45,16592.25,16592.50,16395.70,275.60M,+0.28%
20-08-2021,16450.50,16382.50,16509.55,16376.05,350.82M,-0.71%
18-08-2021,16568.85,16691.95,16701.85,16535.85,251.80M,-0.28%
17-08-2021,16614.60,16545.25,16628.55,16495.40,297.39M,+0.31%
16-08-2021,16563.05,16518.40,16589.40,16480.75,254.05M,+0.21%
13-08-2021,16529.10,16385.70,16543.60,16376.30,321.87M,+1.01%
12-08-2021,16364.40,16303.65,16375.50,16286.90,280.18M,+0.50%
11-08-2021,16282.25,16327.30,16338.75,16162.55,277.90M,+0.01%
10-08-2021,16280.10,16274.80,16359.25,16202.25,287.99M,+0.13%
09-08-2021,16258.25,16281.35,16320.75,16179.05,240.45M,+0.12%
06-08-2021,16238.20,16304.40,16336.75,16223.30,320.09M,-0.35%
05-08-2021,16294.60,16288.95,16349.45,16210.30,418.17M,+0.22%
04-08-2021,16258.80,16195.25,16290.20,16176.15,427.34M,+0.79%
03-08-2021,16130.75,15951.55,16146.90,15914.35,341.29M,+1.55%
02-08-2021,15885.15,15874.90,15892.90,15834.65,244.85M,+0.77%
30-07-2021,15763.05,15800.60,15862.80,15744.85,400.02M,-0.10%
29-07-2021,15778.45,15762.70,15817.35,15737.80,401.58M,+0.44%
28-07-2021,15709.40,15761.55,15767.50,15513.45,318.60M,-0.24%
27-07-2021,15746.45,15860.50,15881.55,15701.00,311.01M,-0.49%
26-07-2021,15824.45,15849.30,15893.35,15797.00,267.08M,-0.20%
23-07-2021,15856.05,15856.80,15899.80,15768.40,294.10M,+0.20%
22-07-2021,15824.05,15736.60,15834.80,15726.40,265.25M,+1.23%
20-07-2021,15632.10,15703.95,15728.45,15578.55,274.28M,-0.76%
19-07-2021,15752.40,15754.50,15836.90,15707.50,242.13M,-1.07%
16-07-2021,15923.40,15958.35,15962.25,15882.60,276.30M,-0.01%
15-07-2021,15924.20,15872.15,15952.35,15855.00,284.85M,+0.44%
14-07-2021,15853.95,15808.70,15877.35,15764.20,239.92M,+0.26%
13-07-2021,15812.35,15794.00,15820.80,15744.60,246.68M,+0.76%
12-07-2021,15692.60,15766.80,15789.20,15644.75,216.27M,+0.02%
09-07-2021,15689.80,15688.25,15730.85,15632.75,243.25M,-0.24%
08-07-2021,15727.90,15855.40,15885.75,15682.90,307.93M,-0.96%
07-07-2021,15879.65,15819.60,15893.55,15779.70,329.31M,+0.39%
06-07-2021,15818.25,15813.75,15914.20,15801.00,391.41M,-0.10%
05-07-2021,15834.35,15793.40,15845.95,15762.05,207.03M,+0.71%
02-07-2021,15722.20,15705.85,15738.35,15635.95,254.81M,+0.27%
01-07-2021,15680.00,15755.05,15755.55,15667.05,224.92M,-0.26%
30-06-2021,15721.50,15776.90,15839.10,15708.75,262.39M,-0.17%
29-06-2021,15748.45,15807.50,15835.90,15724.05,360.33M,-0.42%
28-06-2021,15814.70,15915.35,15915.65,15792.15,255.10M,-0.29%
25-06-2021,15860.35,15839.35,15870.80,15772.30,314.61M,+0.44%
24-06-2021,15790.45,15737.30,15821.40,15702.70,316.66M,+0.66%
23-06-2021,15686.95,15862.80,15862.95,15673.95,287.54M,-0.54%
22-06-2021,15772.75,15840.50,15895.75,15752.10,322.24M,+0.17%
21-06-2021,15746.50,15525.85,15765.15,15505.65,351.53M,+0.40%
18-06-2021,15683.35,15756.50,15761.50,15450.90,640.82M,-0.05%
17-06-2021,15691.40,15648.30,15769.35,15616.75,357.65M,-0.48%
16-06-2021,15767.55,15847.50,15880.85,15742.60,340.19M,-0.64%
15-06-2021,15869.25,15866.95,15901.60,15842.40,323.26M,+0.36%
14-06-2021,15811.85,15791.40,15823.05,15606.50,392.86M,+0.08%
11-06-2021,15799.35,15796.45,15835.55,15749.80,363.01M,+0.39%
10-06-2021,15737.75,15692.10,15751.25,15648.50,298.30M,+0.65%
09-06-2021,15635.35,15766.30,15800.45,15566.90,457.86M,-0.67%
08-06-2021,15740.10,15773.90,15778.80,15680.00,378.16M,-0.07%
07-06-2021,15751.65,15725.10,15773.45,15678.10,393.97M,+0.52%
04-06-2021,15670.25,15712.50,15733.60,15622.35,414.16M,-0.13%
03-06-2021,15690.35,15655.55,15705.10,15611.00,410.24M,+0.73%
02-06-2021,15576.20,15520.35,15597.45,15459.85,428.64M,+0.01%
01-06-2021,15574.85,15629.65,15660.75,15528.30,409.56M,-0.05%
31-05-2021,15582.80,15437.75,15606.35,15374.00,436.00M,+0.95%
28-05-2021,15435.65,15421.20,15469.65,15394.75,455.58M,+0.64%
27-05-2021,15337.85,15323.95,15384.55,15272.50,682.37M,+0.24%
26-05-2021,15301.45,15257.05,15319.90,15194.95,377.68M,+0.61%
25-05-2021,15208.45,15291.75,15293.85,15163.40,417.32M,+0.07%
24-05-2021,15197.70,15211.35,15256.25,15145.45,566.72M,+0.15%
21-05-2021,15175.30,14987.80,15190.00,14985.85,557.73M,+1.81%
20-05-2021,14906.05,15042.60,15069.80,14884.90,467.46M,-0.83%
19-05-2021,15030.15,15058.60,15133.40,15008.85,563.29M,-0.52%
18-05-2021,15108.10,15067.20,15137.25,15043.70,571.92M,+1.24%
17-05-2021,14923.15,14756.25,14938.00,14725.35,534.52M,+1.67%
14-05-2021,14677.80,14749.40,14749.65,14591.90,602.74M,-0.13%
12-05-2021,14696.50,14823.55,14824.05,14649.70,620.32M,-1.04%
11-05-2021,14850.75,14789.70,14900.00,14771.40,616.20M,-0.61%
10-05-2021,14942.35,14928.25,14966.90,14892.50,510.60M,+0.80%
07-05-2021,14823.15,14816.85,14863.05,14765.50,483.68M,+0.67%
06-05-2021,14724.80,14668.35,14743.90,14611.50,445.28M,+0.73%
05-05-2021,14617.85,14604.15,14637.90,14506.60,437.26M,+0.84%
04-05-2021,14496.50,14687.25,14723.40,14461.50,479.66M,-0.94%
03-05-2021,14634.15,14481.05,14673.85,14416.25,443.41M,+0.02%
30-04-2021,14631.10,14747.35,14855.45,14601.70,594.74M,-1.77%
29-04-2021,14894.90,14979.00,15044.35,14814.45,511.47M,+0.20%
28-04-2021,14864.55,14710.50,14890.25,14694.95,453.99M,+1.44%
27-04-2021,14653.05,14493.80,14667.55,14484.85,442.21M,+1.16%
26-04-2021,14485.00,14449.45,14557.50,14421.30,448.53M,+1.00%
23-04-2021,14341.35,14326.35,14461.15,14273.30,476.61M,-0.45%
22-04-2021,14406.15,14219.15,14424.75,14151.40,516.99M,+0.77%
20-04-2021,14296.40,14526.70,14526.95,14207.30,456.70M,-0.44%
19-04-2021,14359.45,14306.60,14382.30,14191.40,503.14M,-1.77%
16-04-2021,14617.85,14599.60,14697.70,14559.00,568.57M,+0.25%
15-04-2021,14581.45,14522.40,14597.55,14353.20,556.85M,+0.53%
13-04-2021,14504.80,14364.90,14528.90,14274.90,588.67M,+1.36%
12-04-2021,14310.80,14644.65,14652.50,14248.70,638.48M,-3.53%
09-04-2021,14834.85,14882.65,14918.45,14785.65,498.35M,-0.26%
08-04-2021,14873.80,14875.65,14984.15,14821.10,503.73M,+0.37%
07-04-2021,14819.05,14716.45,14879.80,14649.85,476.38M,+0.92%
06-04-2021,14683.50,14737.00,14779.10,14573.90,474.21M,+0.31%
05-04-2021,14637.80,14837.70,14849.85,14459.50,500.48M,-1.54%
01-04-2021,14867.35,14798.40,14883.20,14692.45,430.03M,+1.20%
31-03-2021,14690.70,14811.85,14813.75,14670.25,436.87M,-1.04%
30-03-2021,14845.10,14628.50,14876.30,14617.60,594.52M,+2.33%
26-03-2021,14507.30,14506.30,14572.90,14414.25,481.00M,+1.27%
25-03-2021,14324.90,14570.90,14575.60,14264.40,606.82M,-1.54%
24-03-2021,14549.40,14712.45,14752.35,14535.00,456.40M,-1.79%
23-03-2021,14814.75,14768.55,14878.60,14707.00,474.15M,+0.53%
22-03-2021,14736.40,14736.30,14763.90,14597.85,459.00M,-0.05%
19-03-2021,14744.00,14471.15,14788.25,14350.10,919.18M,+1.28%
18-03-2021,14557.85,14855.50,14875.20,14478.60,542.22M,-1.11%
17-03-2021,14721.30,14946.55,14956.55,14696.05,479.35M,-1.27%
16-03-2021,14910.45,14996.10,15051.60,14890.65,437.65M,-0.13%
15-03-2021,14929.50,15048.40,15048.40,14745.85,467.47M,-0.67%
12-03-2021,15030.95,15321.15,15336.30,14953.60,493.24M,-0.95%
10-03-2021,15174.80,15202.15,15218.45,15100.85,404.59M,+0.51%
09-03-2021,15098.40,15049.90,15126.85,14925.45,675.27M,+0.95%
08-03-2021,14956.20,15002.45,15111.15,14919.90,580.31M,+0.12%
05-03-2021,14938.10,14977.95,15092.35,14862.10,640.70M,-0.95%
04-03-2021,15080.75,15026.75,15202.35,14980.20,534.85M,-1.08%
03-03-2021,15245.60,15064.40,15273.15,14995.80,544.21M,+2.19%
02-03-2021,14919.10,14865.30,14959.10,14760.80,621.72M,+1.07%
01-03-2021,14761.55,14702.50,14806.80,14638.55,507.30M,+1.60%
26-02-2021,14529.15,14888.60,14919.45,14467.75,1.10B,-3.76%
25-02-2021,15097.35,15079.85,15176.50,15065.35,803.88M,+0.77%
24-02-2021,14982.00,14729.15,15008.80,14723.05,403.75M,+1.86%
23-02-2021,14707.80,14782.25,14854.50,14651.85,744.09M,+0.22%
22-02-2021,14675.70,14999.05,15010.10,14635.05,609.90M,-2.04%
19-02-2021,14981.75,15074.80,15144.05,14898.20,712.21M,-0.91%
18-02-2021,15118.95,15238.70,15250.75,15078.05,770.63M,-0.59%
17-02-2021,15208.90,15279.90,15314.30,15170.75,504.77M,-0.68%
16-02-2021,15313.45,15371.45,15431.75,15242.20,648.55M,-0.01%
15-02-2021,15314.70,15270.30,15340.15,15243.40,455.96M,+1.00%
12-02-2021,15163.30,15186.20,15243.50,15081.00,571.81M,-0.07%
11-02-2021,15173.30,15073.25,15188.50,15065.40,500.12M,+0.44%
10-02-2021,15106.50,15119.05,15168.25,14977.20,624.79M,-0.02%
09-02-2021,15109.30,15164.15,15257.10,15064.30,713.28M,-0.04%
08-02-2021,15115.80,15064.30,15159.90,15041.05,671.24M,+1.28%
05-02-2021,14924.25,14952.60,15014.65,14864.75,935.63M,+0.19%
04-02-2021,14895.65,14789.05,14913.70,14714.75,884.69M,+0.71%
03-02-2021,14789.95,14754.90,14868.85,14574.15,869.48M,+0.97%
02-02-2021,14647.85,14481.10,14731.70,14469.15,914.97M,+2.57%
01-02-2021,14281.20,13758.60,14336.35,13661.75,870.53M,+4.74%
29-01-2021,13634.60,13946.60,13966.85,13596.75,753.21M,-1.32%
28-01-2021,13817.55,13810.40,13898.25,13713.25,637.87M,-1.07%
27-01-2021,13967.50,14237.95,14237.95,13929.30,660.71M,-1.91%
25-01-2021,14238.90,14477.80,14491.10,14218.60,618.63M,-0.93%
22-01-2021,14371.90,14583.40,14619.90,14357.75,776.75M,-1.50%
21-01-2021,14590.35,14730.95,14753.55,14517.25,704.65M,-0.37%
20-01-2021,14644.70,14538.30,14666.45,14517.55,623.07M,+0.85%
19-01-2021,14521.15,14371.65,14546.05,14350.85,546.11M,+1.68%
18-01-2021,14281.30,14453.30,14459.15,14222.80,762.04M,-1.06%
15-01-2021,14433.70,14594.35,14617.45,14357.85,789.56M,-1.11%
14-01-2021,14595.60,14550.05,14617.80,14471.50,620.20M,+0.21%
13-01-2021,14564.85,14639.80,14653.35,14435.70,873.96M,+0.01%
12-01-2021,14563.45,14473.80,14590.65,14432.85,929.57M,+0.54%
11-01-2021,14484.75,14474.05,14498.20,14383.10,672.88M,+0.96%
08-01-2021,14347.25,14258.40,14367.30,14221.65,613.47M,+1.48%
07-01-2021,14137.35,14253.75,14256.25,14123.10,559.17M,-0.06%
06-01-2021,14146.25,14240.95,14244.15,14039.90,632.32M,-0.38%
05-01-2021,14199.50,14075.15,14215.60,14048.15,492.48M,+0.47%
04-01-2021,14132.90,14104.35,14147.95,13953.75,495.00M,+0.82%
01-01-2021,14018.50,13996.10,14049.85,13991.35,258.09M,+0.26%
31-12-2020,13981.75,13970.00,14024.85,13936.45,452.41M,0.00%
30-12-2020,13981.95,13980.90,13997.00,13864.95,380.68M,+0.35%
29-12-2020,13932.60,13910.35,13967.60,13859.90,439.59M,+0.43%
28-12-2020,13873.20,13815.15,13885.30,13811.55,403.63M,+0.90%
24-12-2020,13749.25,13672.15,13771.75,13626.90,471.37M,+1.09%
23-12-2020,13601.10,13473.50,13619.45,13432.20,458.65M,+1.00%
22-12-2020,13466.30,13373.65,13492.05,13192.90,696.20M,+1.03%
21-12-2020,13328.40,13741.90,13777.50,13131.45,687.25M,-3.14%
18-12-2020,13760.55,13764.40,13772.85,13658.60,519.39M,+0.14%
17-12-2020,13740.70,13713.55,13773.25,13673.55,416.01M,+0.42%
16-12-2020,13682.70,13663.10,13692.35,13606.45,462.15M,+0.85%
15-12-2020,13567.85,13547.20,13589.65,13447.05,497.60M,+0.07%
14-12-2020,13558.15,13571.45,13597.50,13472.45,558.39M,+0.33%
11-12-2020,13513.85,13512.30,13579.35,13402.85,787.71M,+0.26%
10-12-2020,13478.30,13488.50,13503.55,13399.30,553.40M,-0.38%
09-12-2020,13529.10,13458.10,13548.90,13449.60,502.60M,+1.02%
08-12-2020,13392.95,13393.85,13435.45,13311.05,543.16M,+0.28%
07-12-2020,13355.75,13264.85,13366.65,13241.95,591.72M,+0.73%
04-12-2020,13258.55,13177.40,13280.05,13152.85,640.51M,+0.95%
03-12-2020,13133.90,13215.30,13216.60,13107.90,713.69M,+0.15%
02-12-2020,13113.75,13121.40,13128.50,12983.55,717.71M,+0.04%
01-12-2020,13109.05,13062.20,13128.40,12962.80,583.63M,+1.08%
27-11-2020,12968.95,13012.05,13035.30,12914.30,1.16B,-0.14%
26-11-2020,12987.00,12906.45,13018.00,12790.40,549.80M,+1.00%
25-11-2020,12858.40,13130.00,13145.85,12833.65,679.01M,-1.51%
24-11-2020,13055.15,13002.60,13079.10,12978.00,571.87M,+1.00%
23-11-2020,12926.45,12960.30,12968.85,12825.70,633.12M,+0.52%
20-11-2020,12859.05,12813.40,12892.45,12730.25,664.00M,+0.68%
19-11-2020,12771.70,12839.50,12963.00,12745.75,768.75M,-1.29%
18-11-2020,12938.25,12860.10,12948.85,12819.35,731.32M,+0.50%
17-11-2020,12874.20,12932.50,12934.05,12797.10,707.68M,+0.74%
14-11-2020,12780.25,12823.35,12828.70,12749.45,107.87M,+0.47%
13-11-2020,12719.95,12659.70,12735.95,12607.70,513.95M,+0.23%
12-11-2020,12690.80,12702.15,12741.15,12624.85,622.02M,-0.46%
11-11-2020,12749.15,12680.60,12769.75,12571.10,880.48M,+0.93%
10-11-2020,12631.10,12556.40,12643.90,12475.25,847.45M,+1.36%
09-11-2020,12461.05,12399.40,12474.05,12367.35,553.45M,+1.61%
06-11-2020,12263.55,12156.65,12280.40,12131.85,576.84M,+1.18%
05-11-2020,12120.30,12062.40,12131.10,12027.60,632.45M,+1.78%
04-11-2020,11908.50,11783.35,11929.65,11756.40,667.29M,+0.80%
03-11-2020,11813.50,11734.45,11836.20,11723.30,674.30M,+1.24%
02-11-2020,11669.15,11697.35,11725.65,11557.40,568.43M,+0.23%
30-10-2020,11642.40,11678.45,11748.95,11535.45,553.67M,-0.24%
29-10-2020,11670.80,11633.30,11744.15,11606.45,554.96M,-0.50%
28-10-2020,11729.60,11922.60,11929.40,11684.85,704.02M,-1.34%
27-10-2020,11889.40,11807.10,11899.05,11723.00,616.32M,+1.03%
26-10-2020,11767.75,11937.40,11942.85,11711.70,519.82M,-1.36%
23-10-2020,11930.35,11957.90,11974.55,11908.75,502.34M,+0.28%
22-10-2020,11896.45,11890.00,11939.55,11823.45,544.90M,-0.35%
21-10-2020,11937.65,11958.55,12018.65,11775.75,623.66M,+0.34%
20-10-2020,11896.80,11861.00,11949.25,11837.25,453.56M,+0.20%
19-10-2020,11873.05,11879.20,11898.25,11820.40,541.42M,+0.94%
16-10-2020,11762.45,11727.40,11789.75,11667.85,555.76M,+0.70%
15-10-2020,11680.35,12023.45,12025.45,11661.30,608.87M,-2.43%
14-10-2020,11971.05,11917.40,11997.20,11822.15,569.24M,+0.31%
13-10-2020,11934.50,11934.65,11988.20,11888.90,458.30M,+0.03%
12-10-2020,11930.95,11973.55,12022.05,11867.20,522.63M,+0.14%
09-10-2020,11914.20,11852.05,11938.60,11805.20,611.08M,+0.67%
08-10-2020,11834.60,11835.40,11905.70,11791.15,608.77M,+0.82%
07-10-2020,11738.85,11679.25,11763.05,11629.35,513.37M,+0.66%
06-10-2020,11662.40,11603.45,11680.30,11564.30,561.44M,+1.38%
05-10-2020,11503.35,11487.80,11578.05,11452.30,530.60M,+0.76%
01-10-2020,11416.95,11364.45,11428.60,11347.05,447.74M,+1.51%
30-09-2020,11247.55,11244.45,11295.40,11184.55,499.34M,+0.22%
29-09-2020,11222.40,11288.60,11305.40,11181.00,498.30M,-0.05%
28-09-2020,11227.55,11140.85,11239.35,11099.85,472.78M,+1.60%
25-09-2020,11050.25,10910.40,11072.60,10854.85,559.60M,+2.26%
24-09-2020,10805.55,11011.00,11015.30,10790.20,706.14M,-2.93%
23-09-2020,11131.85,11258.75,11259.55,11024.40,714.93M,-0.20%
22-09-2020,11153.65,11301.75,11302.20,11084.65,672.25M,-0.86%
21-09-2020,11250.55,11503.80,11535.25,11218.50,602.85M,-2.21%
18-09-2020,11504.95,11584.10,11584.10,11446.10,764.15M,-0.10%
17-09-2020,11516.10,11539.40,11587.20,11498.50,517.73M,-0.76%
16-09-2020,11604.55,11538.45,11618.10,11516.75,527.80M,+0.72%
15-09-2020,11521.80,11487.20,11535.95,11442.25,506.67M,+0.71%
14-09-2020,11440.05,11540.15,11568.90,11383.55,642.27M,-0.21%
11-09-2020,11464.45,11447.80,11493.50,11419.90,554.79M,+0.13%
10-09-2020,11449.25,11363.30,11464.05,11327.40,679.42M,+1.52%
09-09-2020,11278.00,11218.60,11298.15,11185.15,728.88M,-0.35%
08-09-2020,11317.35,11378.55,11437.25,11290.45,572.24M,-0.33%
07-09-2020,11355.05,11359.60,11381.15,11251.70,560.32M,+0.19%
04-09-2020,11333.85,11354.40,11452.05,11303.65,681.34M,-1.68%
03-09-2020,11527.45,11566.20,11584.95,11507.65,607.12M,-0.07%
02-09-2020,11535.00,11478.55,11554.75,11430.40,593.49M,+0.56%
01-09-2020,11470.25,11464.30,11553.55,11366.90,783.77M,+0.73%
31-08-2020,11387.50,11777.55,11794.25,11325.85,1.37B,-2.23%
28-08-2020,11647.60,11602.95,11686.05,11589.40,807.00M,+0.76%
27-08-2020,11559.25,11609.30,11617.35,11540.60,719.78M,+0.08%
26-08-2020,11549.60,11512.85,11561.75,11461.85,743.44M,+0.67%
25-08-2020,11472.25,11513.10,11525.90,11423.35,638.15M,+0.05%
24-08-2020,11466.45,11412.00,11497.25,11410.65,532.90M,+0.83%
21-08-2020,11371.60,11409.65,11418.50,11362.20,668.72M,+0.53%
20-08-2020,11312.20,11317.45,11361.45,11289.80,791.59M,-0.84%
19-08-2020,11408.40,11452.15,11460.35,11394.10,626.22M,+0.20%
18-08-2020,11385.35,11259.80,11401.70,11253.15,579.24M,+1.23%
17-08-2020,11247.10,11248.90,11267.10,11144.50,633.96M,+0.61%
14-08-2020,11178.40,11353.30,11366.25,11111.45,645.11M,-1.08%
13-08-2020,11300.45,11334.85,11359.30,11269.95,562.36M,-0.07%
12-08-2020,11308.40,11289.00,11322.00,11242.65,609.86M,-0.12%
11-08-2020,11322.50,11322.25,11373.60,11299.15,586.08M,+0.46%
10-08-2020,11270.15,11270.25,11337.30,11238.00,492.00M,+0.50%
07-08-2020,11214.05,11186.65,11231.90,11142.05,452.63M,+0.12%
06-08-2020,11200.15,11185.70,11256.80,11127.30,600.37M,+0.89%
05-08-2020,11101.65,11155.75,11225.65,11064.05,667.64M,+0.06%
04-08-2020,11095.25,10946.65,11112.25,10908.10,625.74M,+1.87%
03-08-2020,10891.60,11057.55,11058.05,10882.25,680.93M,-1.64%
31-07-2020,11073.45,11139.50,11150.40,11026.65,642.56M,-0.26%
30-07-2020,11102.15,11254.30,11299.95,11084.95,677.76M,-0.90%
29-07-2020,11202.85,11276.90,11341.40,11149.75,600.73M,-0.86%
28-07-2020,11300.55,11154.10,11317.75,11151.40,683.89M,+1.52%
27-07-2020,11131.80,11225.00,11225.00,11087.85,588.15M,-0.56%
24-07-2020,11194.15,11149.95,11225.40,11090.30,678.93M,-0.19%
23-07-2020,11215.45,11135.00,11239.80,11103.15,621.57M,+0.74%
22-07-2020,11132.60,11231.20,11238.10,11056.55,765.07M,-0.27%
21-07-2020,11162.25,11126.10,11179.55,11113.25,772.00M,+1.27%
20-07-2020,11022.20,10999.45,11037.90,10953.00,554.31M,+1.11%
17-07-2020,10901.70,10752.00,10933.45,10749.65,676.88M,+1.51%
16-07-2020,10739.95,10706.20,10755.30,10595.20,694.40M,+1.15%
15-07-2020,10618.20,10701.00,10827.45,10577.75,715.90M,+0.10%
14-07-2020,10607.35,10750.85,10755.65,10562.90,532.37M,-1.81%
13-07-2020,10802.70,10851.85,10894.05,10756.05,554.05M,+0.32%
10-07-2020,10768.05,10764.10,10819.40,10713.00,590.71M,-0.42%
09-07-2020,10813.45,10755.55,10836.85,10733.00,618.65M,+1.01%
08-07-2020,10705.75,10818.65,10847.85,10676.55,767.94M,-0.87%
07-07-2020,10799.65,10802.85,10813.80,10689.70,636.76M,+0.33%
06-07-2020,10763.65,10723.85,10811.40,10695.10,571.21M,+1.47%
03-07-2020,10607.35,10614.95,10631.30,10562.65,525.19M,+0.53%
02-07-2020,10551.70,10493.05,10598.20,10485.55,597.42M,+1.17%
01-07-2020,10430.05,10323.80,10447.05,10299.60,573.55M,+1.24%
30-06-2020,10302.10,10382.60,10401.05,10267.35,556.24M,-0.10%
29-06-2020,10312.40,10311.95,10337.95,10223.60,574.54M,-0.68%
26-06-2020,10383.00,10378.90,10409.85,10311.25,671.91M,+0.91%
25-06-2020,10288.90,10235.55,10361.80,10194.50,994.19M,-0.16%
24-06-2020,10305.30,10529.25,10553.15,10281.95,854.80M,-1.58%
23-06-2020,10471.00,10347.95,10484.70,10301.75,669.20M,+1.55%
22-06-2020,10311.20,10318.75,10393.65,10277.60,685.39M,+0.65%
19-06-2020,10244.40,10119.00,10272.40,10072.65,892.10M,+1.51%
18-06-2020,10091.65,9863.25,10111.20,9845.05,622.90M,+2.13%
17-06-2020,9881.15,9876.70,10003.60,9833.80,685.42M,-0.33%
16-06-2020,9914.00,10014.80,10046.15,9728.50,899.89M,+1.02%
15-06-2020,9813.70,9919.35,9943.35,9726.35,716.05M,-1.60%
12-06-2020,9972.90,9544.95,9996.05,9544.35,796.31M,+0.72%
11-06-2020,9902.00,10094.10,10112.05,9885.05,715.45M,-2.12%
10-06-2020,10116.15,10072.60,10148.75,10036.85,632.38M,+0.69%
09-06-2020,10046.65,10181.15,10291.15,10021.45,754.22M,-1.19%
08-06-2020,10167.45,10326.75,10328.50,10120.25,936.49M,+0.25%
05-06-2020,10142.15,10093.80,10177.80,10040.75,987.12M,+1.13%
04-06-2020,10029.10,10054.25,10123.85,9944.25,775.11M,-0.32%
03-06-2020,10061.55,10108.30,10176.20,10035.55,794.66M,+0.83%
02-06-2020,9979.10,9880.85,9995.60,9824.05,770.19M,+1.56%
01-06-2020,9826.15,9726.85,9931.60,9706.95,794.18M,+2.57%
29-05-2020,9580.30,9422.20,9598.85,9376.90,967.00M,+0.95%
28-05-2020,9490.10,9364.95,9511.25,9336.50,837.91M,+1.88%
27-05-2020,9314.95,9082.20,9334.00,9004.25,763.49M,+3.17%
26-05-2020,9029.05,9099.75,9161.65,8996.65,654.96M,-0.11%
22-05-2020,9039.25,9067.90,9149.60,8968.55,675.76M,-0.74%
21-05-2020,9106.25,9079.45,9178.55,9056.10,631.54M,+0.44%
20-05-2020,9066.55,8889.15,9093.80,8875.35,622.31M,+2.11%
19-05-2020,8879.10,8961.70,9030.35,8855.30,762.15M,+0.63%
18-05-2020,8823.25,9158.30,9158.30,8806.75,772.98M,-3.43%
15-05-2020,9136.85,9182.40,9182.40,9050.00,575.86M,-0.06%
14-05-2020,9142.75,9213.95,9281.10,9119.75,602.56M,-2.57%
13-05-2020,9383.55,9584.20,9584.50,9351.10,846.40M,+2.03%
12-05-2020,9196.55,9168.85,9240.85,9043.95,805.46M,-0.46%
11-05-2020,9239.20,9348.15,9439.90,9219.95,704.65M,-0.13%
08-05-2020,9251.50,9376.95,9382.65,9238.20,609.05M,+0.57%
07-05-2020,9199.05,9234.05,9277.85,9175.90,708.74M,-0.78%
06-05-2020,9270.90,9226.80,9346.90,9116.50,722.19M,+0.71%
05-05-2020,9205.60,9429.40,9450.90,9190.75,725.20M,-0.95%
04-05-2020,9293.50,9533.50,9533.50,9266.95,687.49M,-5.74%
30-04-2020,9859.90,9753.50,9889.05,9731.50,931.17M,+3.21%
29-04-2020,9553.35,9408.60,9599.85,9392.35,653.03M,+1.84%
28-04-2020,9380.90,9389.80,9404.40,9260.00,614.55M,+1.06%
27-04-2020,9282.30,9259.70,9377.10,9250.35,512.79M,+1.40%
24-04-2020,9154.40,9163.90,9296.90,9141.30,659.44M,-1.71%
23-04-2020,9313.90,9232.35,9343.60,9170.15,666.65M,+1.38%
22-04-2020,9187.30,9026.75,9209.75,8946.25,734.38M,+2.29%
21-04-2020,8981.45,9016.95,9044.40,8909.40,655.12M,-3.03%
20-04-2020,9261.85,9390.20,9390.85,9230.80,726.36M,-0.05%
17-04-2020,9266.75,9323.45,9324.00,9091.35,684.20M,+3.05%
16-04-2020,8992.80,8851.25,9053.75,8821.90,719.44M,+0.76%
15-04-2020,8925.30,9196.40,9261.20,8874.10,879.15M,-0.76%
13-04-2020,8993.85,9103.95,9112.05,8912.40,643.97M,-1.30%
09-04-2020,9111.90,8973.05,9128.35,8904.55,742.14M,+4.15%
08-04-2020,8748.75,8688.90,9131.70,8653.90,896.52M,-0.49%
07-04-2020,8792.20,8446.30,8819.40,8360.95,814.18M,+8.76%
03-04-2020,8083.80,8356.55,8356.55,8055.80,697.03M,-2.06%
01-04-2020,8253.80,8584.10,8588.10,8198.35,506.34M,-4.00%
31-03-2020,8597.75,8529.35,8678.30,8358.00,712.66M,+3.82%
30-03-2020,8281.10,8385.95,8576.00,8244.00,593.25M,-4.38%
27-03-2020,8660.25,8949.10,9038.90,8522.90,801.45M,+0.22%
26-03-2020,8641.45,8451.00,8749.05,8304.90,865.59M,+3.89%
25-03-2020,8317.85,7735.15,8376.75,7714.75,736.87M,+6.62%
24-03-2020,7801.05,7848.30,8036.95,7511.10,738.43M,+2.51%
23-03-2020,7610.25,7945.70,8159.25,7583.60,653.54M,-12.98%
20-03-2020,8745.45,8284.45,8883.00,8178.20,1.07B,+5.83%
19-03-2020,8263.45,8063.30,8575.45,7832.55,925.72M,-2.42%
18-03-2020,8468.80,9088.45,9127.55,8407.05,1.52B,-5.56%
17-03-2020,8967.05,9285.40,9403.80,8915.60,935.62M,-2.50%
16-03-2020,9197.40,9587.80,9602.20,9165.10,897.73M,-7.61%
13-03-2020,9955.20,9107.60,10159.40,8555.15,1.39B,+3.81%
12-03-2020,9590.15,10039.95,10040.75,9508.00,1.34B,-8.30%
11-03-2020,10458.40,10334.30,10545.10,10334.00,1.22B,+0.07%
09-03-2020,10451.45,10742.05,10751.55,10294.45,1.57B,-4.90%
06-03-2020,10989.45,10942.65,11035.10,10827.40,1.81B,-2.48%
05-03-2020,11269.00,11306.05,11389.50,11244.60,1.35B,+0.16%
04-03-2020,11251.00,11351.35,11356.60,11082.15,797.65M,-0.46%
03-03-2020,11303.30,11217.55,11342.25,11152.55,696.52M,+1.53%
02-03-2020,11132.75,11387.35,11433.00,11036.25,680.80M,-0.62%
28-02-2020,11201.75,11382.00,11384.80,11175.05,809.90M,-3.71%
27-02-2020,11633.30,11661.25,11663.85,11536.70,608.61M,-0.39%
26-02-2020,11678.50,11738.55,11783.25,11639.60,567.63M,-1.01%
25-02-2020,11797.90,11877.50,11883.05,11779.90,461.00M,-0.27%
24-02-2020,11829.40,12012.55,12012.55,11813.40,490.80M,-2.08%
20-02-2020,12080.85,12119.00,12152.00,12071.45,502.60M,-0.37%
19-02-2020,12125.90,12090.60,12134.70,12042.10,513.57M,+1.11%
18-02-2020,11992.50,12028.25,12030.75,11908.05,676.85M,-0.44%
17-02-2020,12045.80,12131.80,12159.60,12037.00,455.19M,-0.56%
14-02-2020,12113.45,12190.15,12246.70,12091.20,622.78M,-0.50%
13-02-2020,12174.65,12219.55,12225.65,12139.80,501.19M,-0.22%
12-02-2020,12201.20,12151.00,12231.75,12144.30,411.73M,+0.77%
11-02-2020,12107.90,12108.40,12172.30,12099.00,479.98M,+0.64%
10-02-2020,12031.50,12102.35,12103.55,11990.75,524.71M,-0.55%
07-02-2020,12098.35,12151.15,12154.70,12073.95,473.48M,-0.33%
06-02-2020,12137.95,12120.00,12160.60,12084.65,565.12M,+0.40%
05-02-2020,12089.15,12005.85,12098.15,11953.35,758.03M,+0.91%
04-02-2020,11979.65,11786.25,11986.15,11783.40,560.43M,+2.32%
03-02-2020,11707.90,11627.45,11749.85,11614.50,669.82M,+0.39%
01-02-2020,11661.85,11939.00,12017.35,11633.30,537.63M,-2.51%
31-01-2020,11962.10,12100.40,12103.55,11945.85,771.28M,-0.61%
30-01-2020,12035.80,12147.75,12150.30,12010.60,538.14M,-0.77%
29-01-2020,12129.50,12114.90,12169.60,12103.80,514.36M,+0.61%
28-01-2020,12055.80,12148.10,12163.55,12024.50,478.48M,-0.52%
27-01-2020,12119.00,12197.10,12216.60,12107.00,441.16M,-1.06%
24-01-2020,12248.25,12174.55,12272.15,12149.65,593.24M,+0.56%
23-01-2020,12180.35,12123.75,12189.00,12094.10,867.65M,+0.61%
22-01-2020,12106.90,12218.35,12225.05,12087.90,526.30M,-0.52%
21-01-2020,12169.85,12195.30,12230.05,12162.30,443.98M,-0.45%
20-01-2020,12224.55,12430.50,12430.50,12216.90,491.61M,-1.03%
17-01-2020,12352.35,12328.40,12385.45,12321.40,502.06M,-0.03%
16-01-2020,12355.50,12347.10,12389.05,12315.80,395.67M,+0.10%
15-01-2020,12343.30,12349.40,12355.15,12278.75,684.35M,-0.15%
14-01-2020,12362.30,12333.10,12374.25,12308.70,616.26M,+0.27%
13-01-2020,12329.55,12296.70,12337.75,12285.80,500.97M,+0.59%
10-01-2020,12256.80,12271.00,12311.20,12213.20,660.63M,+0.33%
09-01-2020,12215.90,12153.15,12224.05,12132.55,477.47M,+1.58%
08-01-2020,12025.35,11939.10,12044.95,11929.60,445.99M,-0.23%
07-01-2020,12052.95,12079.10,12152.15,12005.35,447.82M,+0.50%
06-01-2020,11993.05,12170.60,12179.10,11974.20,396.50M,-1.91%
03-01-2020,12226.65,12261.10,12265.60,12191.35,428.77M,-0.45%
02-01-2020,12282.20,12198.55,12289.90,12195.25,407.70M,+0.82%
01-01-2020,12182.50,12202.15,12222.20,12165.30,304.08M,+0.12%
31-12-2019,12168.45,12247.10,12247.10,12151.80,426.93M,-0.71%
30-12-2019,12255.85,12274.90,12286.45,12213.80,411.08M,+0.08%
27-12-2019,12245.80,12172.90,12258.45,12157.90,383.79M,+0.98%
26-12-2019,12126.55,12211.85,12221.55,12118.85,520.33M,-0.72%
24-12-2019,12214.55,12269.25,12283.70,12202.10,470.29M,-0.39%
23-12-2019,12262.75,12235.45,12287.15,12213.25,604.78M,-0.07%
20-12-2019,12271.80,12266.45,12293.90,12252.75,810.68M,+0.10%
19-12-2019,12259.70,12223.40,12268.35,12191.15,623.05M,+0.31%
18-12-2019,12221.65,12197.00,12237.70,12163.45,518.86M,+0.47%
17-12-2019,12165.00,12082.45,12182.75,12070.35,499.59M,+0.92%
16-12-2019,12053.95,12131.35,12134.65,12046.30,437.70M,-0.27%
13-12-2019,12086.70,12026.40,12098.85,12023.60,597.71M,+0.96%
12-12-2019,11971.80,11944.30,12005.50,11934.00,752.62M,+0.52%
11-12-2019,11910.15,11867.35,11923.20,11832.30,997.65M,+0.45%
10-12-2019,11856.80,11950.50,11953.20,11844.70,650.22M,-0.68%
09-12-2019,11937.50,11939.10,11981.95,11888.05,599.12M,+0.13%
06-12-2019,11921.50,12047.35,12057.05,11888.85,609.22M,-0.81%
05-12-2019,12018.40,12071.25,12081.20,11998.75,562.23M,-0.21%
04-12-2019,12043.20,11969.95,12054.70,11935.30,747.19M,+0.41%
03-12-2019,11994.20,12067.65,12068.60,11956.40,605.79M,-0.45%
02-12-2019,12048.20,12137.05,12137.15,12023.70,720.95M,-0.07%
29-11-2019,12056.05,12146.20,12147.40,12017.40,804.43M,-0.78%
28-11-2019,12151.15,12132.10,12158.80,12099.95,620.48M,+0.42%
27-11-2019,12100.70,12068.50,12114.90,12055.15,584.23M,+0.52%
26-11-2019,12037.70,12110.20,12132.45,12006.35,1.20B,-0.30%
25-11-2019,12073.75,11922.45,12084.50,11919.75,534.29M,+1.34%
22-11-2019,11914.40,11967.30,11968.10,11883.50,486.82M,-0.45%
21-11-2019,11968.40,12025.65,12028.20,11956.90,557.69M,-0.26%
20-11-2019,11999.10,12004.75,12038.60,11966.05,646.66M,+0.49%
19-11-2019,11940.10,11919.45,11958.85,11881.75,613.91M,+0.47%
18-11-2019,11884.50,11915.15,11946.20,11867.60,514.35M,-0.09%
15-11-2019,11895.45,11904.20,11973.65,11879.25,580.15M,+0.20%
14-11-2019,11872.10,11858.75,11895.65,11802.65,559.49M,+0.27%
13-11-2019,11840.45,11908.30,11946.80,11823.20,659.04M,-0.61%
11-11-2019,11913.45,11879.20,11932.65,11853.95,548.98M,+0.04%
08-11-2019,11908.15,11987.15,12034.15,11888.75,789.25M,-0.86%
07-11-2019,12012.05,12021.10,12021.40,11946.85,562.96M,+0.38%
06-11-2019,11966.05,11911.50,12002.90,11850.25,603.35M,+0.41%
05-11-2019,11917.20,11974.60,11978.95,11861.90,631.95M,-0.20%
04-11-2019,11941.30,11928.90,11989.15,11905.35,823.05M,+0.43%
01-11-2019,11890.60,11886.60,11918.30,11843.35,855.34M,+0.11%
31-10-2019,11877.45,11890.45,11945.00,11855.10,1.41B,+0.28%
30-10-2019,11844.10,11883.90,11883.95,11784.45,725.22M,+0.49%
29-10-2019,11786.85,11643.95,11809.40,11627.35,951.72M,+1.37%
27-10-2019,11627.15,11662.25,11672.40,11604.60,161.78M,+0.37%
25-10-2019,11583.90,11646.15,11646.90,11490.75,812.03M,+0.01%
24-10-2019,11582.60,11661.65,11679.60,11534.65,700.48M,-0.19%
23-10-2019,11604.10,11596.20,11651.60,11554.40,664.16M,+0.14%
22-10-2019,11588.35,11657.15,11714.35,11573.65,867.60M,-0.63%
18-10-2019,11661.85,11580.30,11684.70,11553.15,853.44M,+0.65%
17-10-2019,11586.35,11466.30,11599.10,11439.65,797.57M,+1.07%
16-10-2019,11464.00,11464.95,11481.05,11411.10,533.47M,+0.31%
15-10-2019,11428.30,11360.85,11462.35,11342.10,527.40M,+0.77%
14-10-2019,11341.15,11335.90,11420.45,11290.05,587.58M,+0.32%
11-10-2019,11305.05,11257.70,11362.90,11189.40,737.80M,+0.63%
10-10-2019,11234.55,11280.50,11293.35,11208.55,562.02M,-0.70%
09-10-2019,11313.30,11152.95,11321.60,11090.15,741.15M,+1.68%
07-10-2019,11126.40,11196.20,11233.85,11112.65,733.20M,-0.43%
04-10-2019,11174.75,11388.45,11400.30,11158.35,928.52M,-1.23%
03-10-2019,11314.00,11322.25,11370.40,11257.35,1.02B,-0.40%
01-10-2019,11359.90,11515.40,11554.20,11247.90,1.31B,-1.00%
30-09-2019,11474.45,11491.15,11508.25,11390.80,756.85M,-0.33%
27-09-2019,11512.40,11556.35,11593.60,11499.75,650.02M,-0.51%
26-09-2019,11571.20,11469.85,11610.85,11466.35,844.47M,+1.15%
25-09-2019,11440.20,11564.85,11564.95,11416.10,629.05M,-1.28%
24-09-2019,11588.20,11590.70,11655.05,11539.20,651.72M,-0.10%
23-09-2019,11600.20,11542.70,11694.85,11471.35,882.83M,+2.89%
20-09-2019,11274.20,10746.80,11381.90,10691.00,1.36B,+5.32%
19-09-2019,10704.80,10845.20,10845.20,10670.25,642.60M,-1.25%
18-09-2019,10840.65,10872.80,10885.15,10804.85,519.16M,+0.21%
17-09-2019,10817.60,11000.10,11000.10,10796.50,482.01M,-1.69%
16-09-2019,11003.50,10994.85,11052.70,10968.20,434.45M,-0.65%
13-09-2019,11075.90,10986.80,11084.45,10945.75,624.31M,+0.85%
12-09-2019,10982.80,11058.30,11081.75,10964.95,551.44M,-0.48%
11-09-2019,11035.70,11028.50,11054.80,11011.65,687.14M,+0.30%
09-09-2019,11003.05,10936.70,11028.85,10889.80,412.47M,+0.52%
06-09-2019,10946.20,10883.80,10957.05,10867.45,497.21M,+0.91%
05-09-2019,10847.90,10860.95,10920.10,10816.00,595.70M,+0.03%
04-09-2019,10844.65,10790.40,10858.75,10746.35,508.78M,+0.43%
03-09-2019,10797.90,10960.95,10967.50,10772.70,483.04M,-2.04%
30-08-2019,11023.25,10987.80,11042.60,10874.80,628.15M,+0.68%
29-08-2019,10948.30,10996.05,11021.10,10922.40,649.88M,-0.89%
28-08-2019,11046.10,11101.30,11129.65,10987.65,549.96M,-0.53%
27-08-2019,11105.35,11106.55,11141.75,11049.50,685.55M,+0.43%
26-08-2019,11057.85,11000.30,11070.30,10756.55,684.14M,+2.11%
23-08-2019,10829.35,10699.60,10862.55,10637.15,667.08M,+0.82%
22-08-2019,10741.35,10905.30,10908.25,10718.30,668.19M,-1.62%
21-08-2019,10918.70,11018.15,11034.20,10906.65,557.87M,-0.89%
20-08-2019,11017.00,11063.90,11076.30,10985.30,444.72M,-0.33%
19-08-2019,11053.90,11094.80,11146.90,11037.85,369.49M,+0.06%
16-08-2019,11047.80,11043.65,11068.65,10924.30,470.91M,+0.17%
14-08-2019,11029.40,11003.25,11078.15,10935.60,511.54M,+0.95%
13-08-2019,10925.85,11139.40,11145.90,10901.60,624.64M,-1.65%
09-08-2019,11109.65,11087.90,11181.45,11062.80,538.06M,+0.70%
08-08-2019,11032.45,10899.20,11058.05,10842.95,482.47M,+1.63%
07-08-2019,10855.50,10958.10,10975.65,10835.90,548.47M,-0.85%
06-08-2019,10948.25,10815.40,11018.55,10813.80,517.89M,+0.79%
05-08-2019,10862.60,10895.80,10895.80,10782.60,506.56M,-1.23%
02-08-2019,10997.35,10930.30,11080.15,10848.95,547.42M,+0.16%
01-08-2019,10980.00,11060.20,11076.75,10881.00,499.92M,-1.24%
31-07-2019,11118.00,11034.05,11145.30,10999.40,536.69M,+0.29%
30-07-2019,11085.40,11213.70,11267.45,11072.65,479.06M,-0.93%
29-07-2019,11189.20,11307.50,11310.95,11152.40,482.86M,-0.84%
26-07-2019,11284.30,11247.45,11307.60,11210.05,522.67M,+0.29%
25-07-2019,11252.15,11290.40,11361.40,11239.35,553.68M,-0.17%
24-07-2019,11271.30,11322.45,11359.75,11229.80,413.20M,-0.53%
23-07-2019,11331.05,11372.25,11398.15,11302.80,458.93M,-0.13%
22-07-2019,11346.20,11392.85,11398.15,11301.25,516.04M,-0.64%
19-07-2019,11419.25,11627.95,11640.35,11399.30,446.05M,-1.53%
18-07-2019,11596.90,11675.60,11677.15,11582.40,498.26M,-0.78%
17-07-2019,11687.50,11670.75,11706.65,11651.15,464.83M,+0.21%
16-07-2019,11662.60,11596.65,11670.05,11573.95,480.16M,+0.64%
15-07-2019,11588.35,11614.75,11618.40,11532.30,368.79M,+0.31%
12-07-2019,11552.50,11601.15,11639.55,11538.60,359.42M,-0.26%
11-07-2019,11582.90,11561.45,11599.00,11519.50,317.26M,+0.73%
10-07-2019,11498.90,11536.15,11593.70,11475.65,337.57M,-0.49%
09-07-2019,11555.90,11531.60,11582.55,11461.00,442.52M,-0.02%
08-07-2019,11558.60,11770.40,11771.90,11523.30,464.03M,-2.14%
05-07-2019,11811.15,11964.75,11981.75,11797.90,530.72M,-1.14%
04-07-2019,11946.75,11928.80,11969.25,11923.65,333.60M,+0.25%
03-07-2019,11916.75,11932.15,11945.20,11887.05,340.53M,+0.05%
02-07-2019,11910.30,11890.30,11917.45,11814.70,363.20M,+0.38%
01-07-2019,11865.60,11839.90,11884.65,11830.80,278.42M,+0.65%
28-06-2019,11788.85,11861.15,11871.70,11775.50,303.89M,-0.45%
27-06-2019,11841.55,11860.85,11911.15,11821.05,480.17M,-0.05%
26-06-2019,11847.55,11768.15,11871.85,11757.55,327.88M,+0.43%
25-06-2019,11796.45,11681.00,11814.40,11651.00,300.48M,+0.83%
24-06-2019,11699.65,11725.80,11754.00,11670.20,277.62M,-0.21%
21-06-2019,11724.10,11827.60,11827.95,11705.10,468.43M,-0.91%
20-06-2019,11831.75,11653.65,11843.50,11635.05,442.02M,+1.20%
19-06-2019,11691.45,11744.45,11802.50,11625.10,446.93M,0.00%
18-06-2019,11691.50,11677.05,11727.20,11641.15,365.53M,+0.17%
17-06-2019,11672.15,11844.00,11844.05,11657.75,295.53M,-1.28%
14-06-2019,11823.30,11910.10,11911.85,11797.70,390.30M,-0.76%
13-06-2019,11914.05,11873.90,11931.35,11817.05,447.90M,+0.07%
12-06-2019,11906.20,11962.45,11962.45,11866.35,283.72M,-0.50%
11-06-2019,11965.60,11959.85,12000.35,11904.35,332.18M,+0.36%
10-06-2019,11922.70,11934.90,11975.05,11871.75,303.33M,+0.44%
07-06-2019,11870.65,11865.20,11897.50,11769.50,302.46M,+0.23%
06-06-2019,11843.75,12039.80,12039.80,11830.25,415.21M,-1.48%
04-06-2019,12021.65,12052.65,12095.20,12005.85,289.22M,-0.55%
03-06-2019,12088.55,11953.75,12103.05,11920.10,315.30M,+1.39%
31-05-2019,11922.80,11999.80,12039.25,11829.45,438.88M,-0.19%
30-05-2019,11945.90,11865.30,11968.55,11859.40,421.20M,+0.71%
29-05-2019,11861.10,11905.80,11931.90,11836.80,318.07M,-0.57%
28-05-2019,11928.75,11958.35,11958.55,11864.90,598.31M,+0.03%
27-05-2019,11924.75,11855.50,11957.15,11812.40,348.36M,+0.68%
24-05-2019,11844.10,11748.00,11859.00,11658.10,374.64M,+1.60%
23-05-2019,11657.05,11901.30,12041.15,11614.50,569.03M,-0.69%
22-05-2019,11737.90,11727.95,11784.80,11682.40,355.87M,+0.25%
21-05-2019,11709.10,11863.65,11883.55,11682.80,381.04M,-1.01%
20-05-2019,11828.25,11651.90,11845.20,11591.70,452.10M,+3.69%
17-05-2019,11407.15,11261.90,11426.15,11259.85,412.11M,+1.33%
16-05-2019,11257.10,11180.35,11281.55,11143.35,350.74M,+0.90%
15-05-2019,11157.00,11271.70,11286.80,11136.95,414.17M,-0.58%
14-05-2019,11222.05,11151.65,11294.75,11108.30,398.12M,+0.66%
13-05-2019,11148.20,11258.70,11300.20,11125.60,357.59M,-1.16%
10-05-2019,11278.90,11314.15,11345.80,11251.05,387.32M,-0.20%
09-05-2019,11301.80,11322.40,11357.60,11255.05,373.03M,-0.51%
08-05-2019,11359.45,11478.70,11479.10,11346.95,372.83M,-1.20%
07-05-2019,11497.90,11651.50,11657.05,11484.45,337.50M,-0.87%
06-05-2019,11598.25,11605.80,11632.55,11571.35,299.05M,-0.97%
03-05-2019,11712.25,11722.60,11770.90,11699.35,305.52M,-0.11%
02-05-2019,11724.75,11725.55,11789.30,11699.55,380.28M,-0.20%
30-04-2019,11748.15,11748.75,11756.25,11655.90,532.63M,-0.06%
26-04-2019,11754.65,11683.75,11762.90,11661.75,333.48M,+0.97%
25-04-2019,11641.80,11735.70,11796.75,11624.30,604.36M,-0.72%
24-04-2019,11726.15,11601.50,11740.85,11578.85,335.20M,+1.30%
23-04-2019,11575.95,11612.95,11645.95,11564.80,272.54M,-0.16%
22-04-2019,11594.45,11727.05,11727.05,11583.95,260.36M,-1.35%
18-04-2019,11752.80,11856.15,11856.15,11738.50,339.65M,-0.29%
16-04-2019,11787.15,11736.20,11810.95,11731.55,354.32M,+0.83%
15-04-2019,11690.35,11667.00,11704.60,11648.25,290.00M,+0.40%
12-04-2019,11643.45,11612.85,11657.35,11578.80,246.01M,+0.40%
11-04-2019,11596.70,11592.55,11606.70,11550.55,279.78M,+0.11%
10-04-2019,11584.30,11646.85,11680.05,11571.75,359.94M,-0.75%
09-04-2019,11671.95,11612.05,11683.90,11569.70,300.47M,+0.58%
08-04-2019,11604.50,11704.35,11710.30,11549.10,260.93M,-0.53%
05-04-2019,11665.95,11638.40,11689.65,11609.50,266.67M,+0.59%
04-04-2019,11598.00,11660.20,11662.55,11559.20,349.03M,-0.39%
03-04-2019,11643.95,11735.30,11761.00,11629.15,365.76M,-0.59%
02-04-2019,11713.20,11711.55,11729.35,11655.85,386.13M,+0.38%
01-04-2019,11669.15,11665.20,11738.10,11644.75,379.57M,+0.39%
29-03-2019,11623.90,11625.45,11630.35,11570.15,416.28M,+0.47%
28-03-2019,11570.00,11463.65,11588.50,11452.45,527.68M,+1.09%
27-03-2019,11445.05,11531.45,11546.20,11413.00,350.45M,-0.33%
26-03-2019,11483.25,11375.20,11496.75,11352.45,282.58M,+1.14%
25-03-2019,11354.25,11395.65,11395.65,11311.60,294.46M,-0.90%
22-03-2019,11456.90,11549.20,11572.80,11434.55,386.19M,-0.56%
20-03-2019,11521.05,11553.35,11556.10,11503.10,366.30M,-0.10%
19-03-2019,11532.40,11500.30,11543.85,11451.25,326.10M,+0.61%
18-03-2019,11462.20,11473.85,11530.15,11412.50,320.25M,+0.31%
15-03-2019,11426.85,11376.85,11487.00,11370.80,463.70M,+0.74%
14-03-2019,11343.25,11382.50,11383.45,11313.75,294.48M,+0.01%
13-03-2019,11341.70,11326.20,11352.30,11276.60,383.00M,+0.36%
12-03-2019,11301.20,11231.35,11320.40,11227.00,391.31M,+1.19%
11-03-2019,11168.05,11068.75,11180.90,11059.85,352.24M,+1.20%
08-03-2019,11035.40,11038.85,11049.00,11008.95,326.57M,-0.21%
07-03-2019,11058.20,11077.95,11089.05,11027.10,321.21M,+0.05%
06-03-2019,11053.00,11024.85,11062.30,10998.85,372.55M,+0.60%
05-03-2019,10987.45,10864.85,10994.90,10817.00,373.22M,+1.14%
01-03-2019,10863.50,10842.65,10877.90,10823.10,308.53M,+0.66%
28-02-2019,10792.50,10865.70,10865.70,10784.85,644.16M,-0.13%
27-02-2019,10806.65,10881.20,10939.70,10751.20,381.08M,-0.26%
26-02-2019,10835.30,10775.30,10888.75,10729.30,414.95M,-0.41%
25-02-2019,10880.10,10813.25,10887.10,10788.05,385.90M,+0.82%
22-02-2019,10791.65,10782.70,10801.55,10758.40,396.85M,+0.02%
21-02-2019,10789.85,10744.10,10808.85,10721.50,279.58M,+0.51%
20-02-2019,10735.45,10655.45,10752.70,10646.40,289.20M,+1.24%
19-02-2019,10604.35,10636.70,10722.85,10585.65,291.51M,-0.34%
18-02-2019,10640.95,10738.65,10759.90,10628.40,345.44M,-0.78%
15-02-2019,10724.40,10780.25,10785.75,10620.40,521.88M,-0.20%
14-02-2019,10746.05,10786.10,10792.70,10718.75,627.04M,-0.44%
13-02-2019,10793.65,10870.55,10891.65,10772.10,321.96M,-0.35%
12-02-2019,10831.40,10879.70,10910.90,10823.80,292.32M,-0.53%
11-02-2019,10888.80,10930.90,10930.90,10857.10,285.98M,-0.50%
08-02-2019,10943.60,11023.50,11041.20,10925.45,352.79M,-1.14%
07-02-2019,11069.40,11070.45,11118.10,11043.60,263.54M,+0.06%
06-02-2019,11062.45,10965.10,11072.60,10962.70,298.51M,+1.17%
05-02-2019,10934.35,10908.65,10956.70,10886.70,268.10M,+0.20%
04-02-2019,10912.25,10876.75,10927.90,10814.15,318.30M,+0.17%
01-02-2019,10893.65,10851.35,10983.45,10813.45,482.27M,+0.58%
31-01-2019,10830.95,10690.55,10838.05,10678.55,604.82M,+1.68%
30-01-2019,10651.80,10702.25,10710.20,10612.85,410.11M,0.00%
29-01-2019,10652.20,10653.70,10690.35,10583.65,356.91M,-0.09%
28-01-2019,10661.55,10792.45,10804.45,10630.95,419.68M,-1.10%
25-01-2019,10780.55,10859.75,10931.70,10756.45,463.44M,-0.64%
24-01-2019,10849.80,10844.05,10866.60,10798.65,361.08M,+0.17%
23-01-2019,10831.50,10931.05,10944.80,10811.95,298.88M,-0.84%
22-01-2019,10922.75,10949.80,10949.80,10864.15,300.77M,-0.36%
21-01-2019,10961.85,10919.35,10987.45,10885.75,288.83M,+0.50%
18-01-2019,10906.95,10914.85,10928.20,10852.20,323.81M,+0.02%
17-01-2019,10905.20,10920.85,10930.65,10844.65,271.68M,+0.14%
16-01-2019,10890.30,10899.65,10928.15,10876.90,276.54M,+0.03%
15-01-2019,10886.80,10777.55,10896.95,10777.55,310.74M,+1.39%
14-01-2019,10737.60,10807.00,10808.00,10692.35,298.77M,-0.53%
11-01-2019,10794.95,10834.75,10850.15,10739.40,260.79M,-0.25%
10-01-2019,10821.60,10859.35,10859.35,10801.80,254.36M,-0.31%
09-01-2019,10855.15,10862.40,10870.40,10749.40,333.01M,+0.49%
08-01-2019,10802.15,10786.25,10818.45,10733.25,277.70M,+0.28%
07-01-2019,10771.80,10804.85,10835.95,10750.15,269.37M,+0.41%
04-01-2019,10727.35,10699.70,10741.05,10628.65,296.60M,+0.52%
03-01-2019,10672.25,10796.80,10814.05,10661.25,286.24M,-1.11%
02-01-2019,10792.50,10868.85,10895.35,10735.05,309.67M,-1.08%
01-01-2019,10910.10,10881.70,10923.60,10807.10,159.40M,+0.44%
31-12-2018,10862.55,10913.20,10923.55,10853.20,186.50M,+0.02%
28-12-2018,10859.90,10820.95,10893.60,10817.15,253.09M,+0.74%
27-12-2018,10779.80,10817.90,10834.20,10764.45,470.16M,+0.47%
26-12-2018,10729.85,10635.45,10747.50,10534.55,271.94M,+0.62%
24-12-2018,10663.50,10780.90,10782.30,10649.25,230.29M,-0.84%
21-12-2018,10754.00,10944.25,10963.65,10738.65,389.24M,-1.81%
20-12-2018,10951.70,10885.20,10962.55,10880.05,328.80M,-0.14%
19-12-2018,10967.30,10930.55,10985.15,10928.00,321.80M,+0.54%
18-12-2018,10908.70,10850.90,10915.40,10819.10,294.94M,+0.19%
17-12-2018,10888.35,10853.20,10900.35,10844.85,306.15M,+0.77%
14-12-2018,10805.45,10784.50,10815.75,10752.10,350.58M,+0.13%
13-12-2018,10791.55,10810.75,10838.60,10749.50,387.81M,+0.50%
12-12-2018,10737.60,10591.00,10752.20,10560.80,371.70M,+1.79%
11-12-2018,10549.15,10350.05,10567.15,10333.85,438.70M,+0.58%
10-12-2018,10488.45,10508.70,10558.85,10474.95,393.10M,-1.92%
07-12-2018,10693.70,10644.80,10704.55,10599.35,335.85M,+0.87%
06-12-2018,10601.15,10718.15,10722.65,10588.25,328.28M,-1.69%
05-12-2018,10782.90,10820.45,10821.05,10747.95,322.02M,-0.80%
04-12-2018,10869.50,10877.10,10890.95,10833.35,332.14M,-0.13%
03-12-2018,10883.75,10930.70,10941.20,10845.35,422.36M,+0.06%
30-11-2018,10876.75,10892.10,10922.45,10835.10,467.86M,+0.17%
29-11-2018,10858.70,10808.70,10883.05,10782.35,712.65M,+1.21%
28-11-2018,10728.85,10708.75,10757.80,10699.85,437.63M,+0.40%
27-11-2018,10685.60,10621.45,10695.15,10596.35,382.83M,+0.54%
26-11-2018,10628.60,10568.30,10637.80,10489.75,332.86M,+0.97%
22-11-2018,10526.75,10612.65,10646.25,10512.00,246.93M,-0.69%
21-11-2018,10600.05,10670.95,10671.30,10562.35,310.19M,-0.53%
20-11-2018,10656.20,10740.10,10740.85,10640.85,304.32M,-1.00%
19-11-2018,10763.40,10731.25,10774.70,10688.80,280.52M,+0.76%
16-11-2018,10682.20,10644.00,10695.15,10631.15,353.38M,+0.62%
15-11-2018,10616.70,10580.60,10646.50,10557.50,306.01M,+0.38%
14-11-2018,10576.30,10634.90,10651.60,10532.70,396.37M,-0.06%
13-11-2018,10582.50,10451.90,10596.25,10440.55,262.54M,+0.96%
12-11-2018,10482.20,10607.80,10645.50,10464.05,267.71M,-0.97%
09-11-2018,10585.20,10614.70,10619.55,10544.85,305.82M,-0.13%
07-11-2018,10598.85,10614.45,10616.45,10591.80,2.83M,+0.65%
06-11-2018,10530.00,10552.00,10600.25,10491.45,309.88M,+0.06%
05-11-2018,10524.00,10558.75,10558.80,10477.00,311.18M,-0.27%
02-11-2018,10553.00,10462.30,10606.95,10457.70,434.18M,+1.66%
01-11-2018,10380.45,10441.70,10441.90,10341.90,359.34M,-0.06%
31-10-2018,10386.60,10209.55,10396.00,10105.10,386.62M,+1.85%
30-10-2018,10198.40,10239.40,10285.10,10175.35,298.75M,-0.51%
29-10-2018,10250.85,10078.10,10275.30,10020.35,375.75M,+2.20%
26-10-2018,10030.00,10122.35,10128.85,10004.55,375.56M,-0.94%
25-10-2018,10124.90,10135.05,10166.60,10079.30,522.42M,-0.98%
24-10-2018,10224.75,10278.15,10290.65,10126.70,362.27M,+0.77%
23-10-2018,10146.80,10152.60,10222.10,10102.35,312.04M,-0.96%
22-10-2018,10245.25,10405.85,10408.55,10224.00,306.47M,-0.57%
19-10-2018,10303.55,10339.70,10380.10,10249.60,368.55M,-1.43%
17-10-2018,10453.05,10688.70,10710.15,10436.45,293.59M,-1.24%
16-10-2018,10584.75,10550.15,10604.90,10525.30,273.44M,+0.69%
15-10-2018,10512.50,10524.20,10526.30,10410.15,267.52M,+0.38%
12-10-2018,10472.50,10331.55,10492.45,10322.15,354.06M,+2.32%
11-10-2018,10234.65,10169.80,10335.95,10138.60,498.51M,-2.16%
10-10-2018,10460.10,10331.85,10482.35,10318.25,373.84M,+1.54%
09-10-2018,10301.05,10390.30,10397.60,10279.35,443.80M,-0.45%
08-10-2018,10348.05,10310.15,10398.35,10198.40,470.28M,+0.31%
05-10-2018,10316.45,10514.10,10540.65,10261.90,625.15M,-2.67%
04-10-2018,10599.25,10754.70,10754.70,10547.25,438.20M,-2.39%
03-10-2018,10858.25,10982.70,10989.05,10843.75,398.76M,-1.36%
01-10-2018,11008.30,10930.90,11035.65,10821.55,398.99M,+0.71%
28-09-2018,10930.45,11008.10,11034.10,10850.30,492.89M,-0.43%
27-09-2018,10977.55,11079.80,11089.45,10953.35,418.21M,-0.69%
26-09-2018,11053.80,11145.55,11145.55,10993.05,351.04M,-0.12%
25-09-2018,11067.45,10969.95,11080.60,10882.85,417.55M,+0.91%
24-09-2018,10967.40,11164.40,11170.15,10943.60,398.82M,-1.58%
21-09-2018,11143.10,11271.30,11346.80,10866.45,741.15M,-0.81%
19-09-2018,11234.35,11326.65,11332.05,11210.90,258.42M,-0.39%
18-09-2018,11278.90,11381.55,11411.45,11268.95,248.30M,-0.87%
17-09-2018,11377.75,11464.95,11464.95,11366.90,207.62M,-1.19%
14-09-2018,11515.20,11443.50,11523.25,11430.55,285.22M,+1.28%
12-09-2018,11369.90,11340.10,11380.75,11250.20,276.51M,+0.73%
11-09-2018,11287.50,11476.85,11479.40,11274.00,318.09M,-1.32%
10-09-2018,11438.10,11570.25,11573.00,11427.30,295.60M,-1.30%
07-09-2018,11589.10,11558.25,11603.00,11484.40,305.03M,+0.45%
06-09-2018,11536.90,11514.15,11562.25,11436.05,255.56M,+0.52%
05-09-2018,11476.95,11514.85,11542.65,11393.85,253.69M,-0.38%
04-09-2018,11520.30,11598.75,11602.55,11496.85,262.70M,-0.54%
03-09-2018,11582.35,11751.80,11751.80,11567.40,241.73M,-0.84%
31-08-2018,11680.50,11675.85,11727.65,11640.10,357.23M,+0.03%
30-08-2018,11676.80,11694.75,11698.80,11639.70,323.45M,-0.13%
29-08-2018,11691.90,11744.95,11753.20,11678.85,259.35M,-0.40%
28-08-2018,11738.50,11731.95,11760.20,11710.50,249.42M,+0.40%
27-08-2018,11691.95,11605.85,11700.95,11595.60,205.69M,+1.17%
24-08-2018,11557.10,11566.60,11604.60,11532.00,225.60M,-0.22%
23-08-2018,11582.75,11620.70,11620.70,11546.70,256.16M,+0.10%
21-08-2018,11570.90,11576.20,11581.75,11539.60,231.06M,+0.17%
20-08-2018,11551.75,11502.10,11565.30,11499.65,239.84M,+0.71%
17-08-2018,11470.75,11437.15,11486.45,11431.80,241.99M,+0.75%
16-08-2018,11385.05,11397.15,11449.85,11366.25,299.61M,-0.44%
14-08-2018,11435.10,11381.70,11452.45,11370.80,239.84M,+0.70%
13-08-2018,11355.75,11369.60,11406.30,11340.30,254.47M,-0.65%
10-08-2018,11429.50,11474.95,11478.75,11419.65,336.42M,-0.36%
09-08-2018,11470.70,11493.25,11495.20,11454.10,311.52M,+0.18%
08-08-2018,11450.00,11412.50,11459.95,11379.30,217.05M,+0.53%
07-08-2018,11389.45,11423.15,11428.95,11359.70,233.41M,+0.02%
06-08-2018,11387.10,11401.50,11427.65,11370.60,210.00M,+0.23%
03-08-2018,11360.80,11297.80,11368.00,11294.55,225.15M,+1.03%
02-08-2018,11244.70,11328.90,11328.90,11234.95,216.53M,-0.89%
01-08-2018,11346.20,11359.80,11390.55,11313.55,278.01M,-0.09%
31-07-2018,11356.50,11311.05,11366.00,11267.75,264.43M,+0.33%
30-07-2018,11319.55,11296.65,11328.10,11261.45,287.44M,+0.37%
27-07-2018,11278.35,11232.75,11283.40,11210.25,324.34M,+0.99%
26-07-2018,11167.30,11132.95,11185.85,11125.70,376.66M,+0.32%
25-07-2018,11132.00,11148.40,11157.15,11113.25,212.33M,-0.02%
24-07-2018,11134.30,11109.00,11143.40,11092.50,212.25M,+0.45%
23-07-2018,11084.75,11019.85,11093.40,11010.95,236.15M,+0.68%
20-07-2018,11010.20,10963.50,11030.25,10946.20,193.14M,+0.48%
19-07-2018,10957.10,10999.50,11006.50,10935.45,222.06M,-0.21%
18-07-2018,10980.45,11060.20,11076.20,10956.30,232.50M,-0.25%
17-07-2018,11008.05,10939.65,11018.50,10925.60,217.11M,+0.65%
16-07-2018,10936.85,11018.95,11019.50,10926.25,216.97M,-0.74%
13-07-2018,11018.90,11056.90,11071.35,10999.75,241.67M,-0.04%
12-07-2018,11023.20,11006.95,11078.30,10999.65,256.04M,+0.68%
11-07-2018,10948.30,10956.40,10976.65,10923.00,229.21M,+0.01%
10-07-2018,10947.25,10902.75,10956.90,10876.65,203.06M,+0.87%
09-07-2018,10852.90,10838.30,10860.35,10807.15,189.33M,+0.74%
06-07-2018,10772.65,10744.15,10816.35,10735.05,256.55M,+0.21%
05-07-2018,10749.75,10786.05,10786.05,10726.25,227.27M,-0.19%
04-07-2018,10769.90,10715.00,10777.15,10677.75,179.27M,+0.65%
03-07-2018,10699.90,10668.60,10713.30,10630.25,208.37M,+0.40%
02-07-2018,10657.30,10732.35,10736.15,10604.65,304.54M,-0.53%
29-06-2018,10714.30,10612.85,10723.05,10612.35,250.33M,+1.18%
28-06-2018,10589.10,10660.80,10674.20,10557.70,363.16M,-0.77%
27-06-2018,10671.40,10785.50,10785.50,10652.40,253.62M,-0.91%
26-06-2018,10769.15,10742.70,10805.25,10732.55,226.85M,+0.06%
25-06-2018,10762.45,10822.90,10831.05,10753.05,236.69M,-0.55%
22-06-2018,10821.85,10742.70,10837.00,10710.45,236.90M,+0.75%
21-06-2018,10741.10,10808.45,10809.60,10725.90,230.51M,-0.29%
20-06-2018,10772.05,10734.65,10781.80,10724.05,199.47M,+0.58%
19-06-2018,10710.45,10789.45,10789.45,10701.20,231.38M,-0.83%
18-06-2018,10799.85,10830.20,10830.20,10787.35,202.73M,-0.17%
15-06-2018,10817.70,10808.65,10834.00,10755.40,314.76M,+0.09%
14-06-2018,10808.05,10832.90,10833.70,10773.55,190.03M,-0.45%
13-06-2018,10856.70,10887.50,10893.25,10842.65,220.00M,+0.13%
12-06-2018,10842.85,10816.15,10856.55,10789.40,204.42M,+0.52%
11-06-2018,10786.95,10781.85,10850.55,10777.05,217.85M,+0.18%
08-06-2018,10767.65,10736.40,10779.45,10709.05,215.94M,-0.01%
07-06-2018,10768.35,10722.60,10818.00,10722.60,227.66M,+0.78%
06-06-2018,10684.65,10603.45,10698.35,10587.50,195.76M,+0.86%
05-06-2018,10593.15,10630.70,10633.15,10550.90,172.90M,-0.33%
04-06-2018,10628.50,10765.95,10770.30,10618.35,210.15M,-0.63%
01-06-2018,10696.20,10738.45,10764.75,10681.50,227.36M,-0.37%
31-05-2018,10736.15,10670.10,10763.80,10620.40,629.20M,+1.15%
30-05-2018,10614.35,10579.00,10648.70,10558.45,246.12M,-0.18%
29-05-2018,10633.30,10689.40,10717.25,10616.10,232.76M,-0.52%
28-05-2018,10688.65,10648.35,10709.80,10640.55,239.79M,+0.79%
25-05-2018,10605.15,10533.05,10628.05,10524.00,268.92M,+0.87%
24-05-2018,10513.85,10464.85,10535.15,10419.80,306.79M,+0.80%
23-05-2018,10430.35,10521.10,10533.55,10417.80,299.92M,-1.01%
22-05-2018,10536.70,10518.45,10558.60,10490.55,249.24M,+0.19%
21-05-2018,10516.70,10616.70,10621.70,10505.80,197.29M,-0.75%
18-05-2018,10596.40,10671.85,10674.95,10589.10,229.91M,-0.81%
17-05-2018,10682.70,10775.60,10777.25,10664.50,220.74M,-0.54%
16-05-2018,10741.10,10751.95,10790.45,10699.70,238.22M,-0.56%
15-05-2018,10801.85,10812.60,10929.20,10781.40,262.20M,-0.04%
14-05-2018,10806.60,10815.15,10834.85,10774.75,176.70M,0.00%
11-05-2018,10806.50,10741.95,10812.05,10724.45,209.39M,+0.84%
10-05-2018,10716.55,10779.65,10785.55,10705.00,197.99M,-0.23%
09-05-2018,10741.70,10693.35,10766.25,10689.85,222.12M,+0.22%
08-05-2018,10717.80,10757.90,10758.55,10689.40,278.12M,+0.02%
07-05-2018,10715.50,10653.15,10725.65,10635.65,173.62M,+0.92%
04-05-2018,10618.25,10700.45,10700.45,10601.60,192.30M,-0.57%
03-05-2018,10679.65,10720.15,10720.60,10647.45,190.87M,-0.36%
02-05-2018,10718.05,10783.85,10784.65,10689.80,236.76M,-0.20%
30-04-2018,10739.35,10705.75,10759.00,10704.60,179.16M,+0.44%
27-04-2018,10692.30,10651.65,10719.80,10647.55,306.67M,+0.70%
26-04-2018,10617.80,10586.50,10628.40,10559.65,345.54M,+0.45%
25-04-2018,10570.55,10612.40,10612.60,10536.45,195.13M,-0.41%
24-04-2018,10614.35,10578.10,10636.80,10569.00,225.97M,+0.28%
23-04-2018,10584.70,10592.80,10638.35,10514.95,200.20M,+0.20%
20-04-2018,10564.05,10560.35,10582.35,10527.45,252.23M,-0.01%
19-04-2018,10565.30,10563.65,10572.20,10546.20,270.74M,+0.37%
18-04-2018,10526.20,10578.90,10594.20,10509.70,211.82M,-0.21%
17-04-2018,10548.70,10557.30,10560.45,10495.65,212.45M,+0.19%
16-04-2018,10528.35,10398.30,10540.15,10396.35,200.95M,+0.46%
13-04-2018,10480.60,10495.30,10519.90,10451.45,219.72M,+0.21%
12-04-2018,10458.65,10410.65,10469.90,10395.25,246.03M,+0.40%
11-04-2018,10417.15,10428.15,10428.15,10355.60,258.08M,+0.14%
10-04-2018,10402.25,10412.90,10424.85,10381.50,259.52M,+0.22%
09-04-2018,10379.35,10333.70,10397.70,10328.50,228.51M,+0.46%
06-04-2018,10331.60,10322.75,10350.45,10290.85,206.36M,+0.06%
05-04-2018,10325.15,10228.45,10331.80,10227.45,244.12M,+1.94%
04-04-2018,10128.40,10274.60,10279.85,10111.30,238.18M,-1.14%
03-04-2018,10245.00,10186.85,10255.35,10171.05,211.65M,+0.33%
02-04-2018,10211.80,10151.65,10220.10,10127.75,232.43M,+0.97%
28-03-2018,10113.70,10143.60,10158.35,10096.90,354.98M,-0.69%
27-03-2018,10184.15,10188.00,10207.90,10139.65,232.71M,+0.53%
26-03-2018,10130.65,9989.15,10143.50,9958.55,270.66M,+1.33%
23-03-2018,9998.05,9968.80,10027.70,9951.90,294.52M,-1.15%
22-03-2018,10114.75,10167.50,10207.85,10105.40,237.63M,-0.40%
21-03-2018,10155.25,10181.95,10227.30,10132.95,211.06M,+0.31%
20-03-2018,10124.35,10051.55,10155.65,10049.10,209.33M,+0.30%
19-03-2018,10094.25,10215.35,10224.55,10075.30,216.67M,-0.99%
16-03-2018,10195.15,10345.15,10346.30,10180.25,338.70M,-1.59%
15-03-2018,10360.15,10405.45,10420.00,10346.20,179.31M,-0.49%
14-03-2018,10410.90,10393.05,10420.35,10336.30,186.99M,-0.15%
13-03-2018,10426.85,10389.50,10478.60,10377.85,274.85M,+0.05%
12-03-2018,10421.40,10301.60,10433.65,10295.45,223.14M,+1.90%
09-03-2018,10226.85,10271.30,10296.70,10211.90,192.33M,-0.15%
08-03-2018,10242.65,10216.25,10270.35,10146.40,233.38M,+0.87%
07-03-2018,10154.20,10232.95,10243.35,10141.55,257.20M,-0.93%
06-03-2018,10249.25,10420.50,10441.35,10215.90,229.78M,-1.06%
05-03-2018,10358.85,10428.30,10428.70,10323.90,199.98M,-0.95%
01-03-2018,10458.35,10479.95,10525.50,10447.15,181.38M,-0.33%
28-02-2018,10492.85,10488.95,10535.50,10461.55,294.79M,-0.58%
27-02-2018,10554.30,10615.20,10631.65,10537.25,193.25M,-0.27%
26-02-2018,10582.60,10526.55,10592.95,10520.20,177.24M,+0.87%
23-02-2018,10491.05,10408.10,10499.10,10396.65,217.13M,+1.04%
22-02-2018,10382.70,10354.35,10397.55,10340.65,323.26M,-0.14%
21-02-2018,10397.45,10426.00,10426.10,10349.60,241.33M,+0.36%
20-02-2018,10360.40,10391.00,10429.35,10347.65,193.46M,-0.17%
19-02-2018,10378.40,10488.90,10489.35,10302.75,193.09M,-0.71%
16-02-2018,10452.30,10596.20,10612.90,10434.05,190.04M,-0.88%
15-02-2018,10545.50,10537.90,10618.10,10511.05,217.09M,+0.42%
14-02-2018,10500.90,10585.75,10590.55,10456.65,236.33M,-0.37%
12-02-2018,10539.75,10518.20,10555.50,10485.40,224.12M,+0.81%
09-02-2018,10454.95,10416.50,10480.20,10398.20,197.50M,-1.15%
08-02-2018,10576.85,10518.50,10637.80,10479.55,239.41M,+0.96%
07-02-2018,10476.70,10607.20,10614.00,10446.40,258.10M,-0.21%
06-02-2018,10498.25,10295.15,10594.15,10276.30,274.66M,-1.58%
05-02-2018,10666.55,10604.30,10702.75,10586.80,247.48M,-0.87%
02-02-2018,10760.60,10938.20,10954.95,10736.10,291.43M,-2.33%
01-02-2018,11016.90,11044.55,11117.35,10878.80,315.74M,-0.10%
31-01-2018,11027.70,11018.80,11058.50,10979.30,253.46M,-0.20%
30-01-2018,11049.65,11120.85,11121.10,11033.90,234.97M,-0.73%
29-01-2018,11130.40,11079.35,11171.55,11075.95,249.22M,+0.55%
25-01-2018,11069.65,11095.60,11095.60,11009.20,340.47M,-0.15%
24-01-2018,11086.00,11069.35,11110.10,11046.15,292.20M,+0.02%
23-01-2018,11083.70,10997.40,11092.90,10994.55,293.45M,+1.07%
22-01-2018,10966.20,10883.20,10975.10,10881.40,238.82M,+0.66%
19-01-2018,10894.70,10829.20,10906.85,10793.90,214.01M,+0.72%
18-01-2018,10817.00,10873.40,10887.50,10782.40,321.61M,+0.26%
17-01-2018,10788.55,10702.45,10803.00,10666.75,260.49M,+0.82%
16-01-2018,10700.45,10761.50,10762.35,10687.85,217.47M,-0.38%
15-01-2018,10741.55,10718.50,10782.65,10713.80,181.26M,+0.56%
12-01-2018,10681.25,10682.55,10690.40,10597.10,180.59M,+0.28%
11-01-2018,10651.20,10637.05,10664.60,10612.35,158.63M,+0.18%
10-01-2018,10632.20,10652.05,10655.50,10592.70,181.90M,-0.05%
09-01-2018,10637.00,10645.10,10659.15,10603.60,211.29M,+0.13%
08-01-2018,10623.60,10591.70,10631.20,10588.55,174.18M,+0.61%
05-01-2018,10558.85,10534.25,10566.10,10520.10,186.47M,+0.51%
04-01-2018,10504.80,10469.40,10513.00,10441.45,180.26M,+0.59%
03-01-2018,10443.20,10482.65,10503.60,10429.55,172.52M,+0.01%
02-01-2018,10442.20,10477.55,10495.20,10404.65,158.09M,+0.06%
01-01-2018,10435.55,10531.70,10537.85,10423.10,134.53M,-0.90%
29-12-2017,10530.70,10492.35,10538.70,10488.65,156.74M,+0.50%
28-12-2017,10477.90,10498.20,10534.55,10460.45,281.31M,-0.12%
27-12-2017,10490.75,10531.05,10552.40,10469.25,170.31M,-0.39%
26-12-2017,10531.50,10512.30,10545.45,10477.95,160.42M,+0.37%
22-12-2017,10493.00,10457.30,10501.10,10448.25,143.12M,+0.50%
21-12-2017,10440.30,10473.95,10473.95,10426.90,156.65M,-0.04%
20-12-2017,10444.20,10494.40,10494.45,10437.15,180.60M,-0.18%
19-12-2017,10463.20,10414.80,10472.20,10406.00,174.34M,+0.72%
18-12-2017,10388.75,10263.10,10443.55,10074.80,237.51M,+0.54%
15-12-2017,10333.25,10345.65,10373.10,10319.65,262.98M,+0.79%
14-12-2017,10252.10,10229.30,10276.10,10141.55,159.10M,+0.58%
13-12-2017,10192.95,10236.60,10296.55,10169.85,187.19M,-0.46%
12-12-2017,10240.15,10324.90,10326.10,10230.20,180.55M,-0.80%
11-12-2017,10322.25,10310.50,10329.20,10282.05,152.04M,+0.55%
08-12-2017,10265.65,10198.45,10270.85,10195.25,206.23M,+0.97%
07-12-2017,10166.70,10063.45,10182.65,10061.90,171.34M,+1.22%
06-12-2017,10044.10,10088.80,10104.20,10033.35,171.21M,-0.73%
05-12-2017,10118.25,10118.25,10147.95,10069.10,160.25M,-0.09%
04-12-2017,10127.75,10175.05,10179.20,10095.70,153.24M,+0.06%
01-12-2017,10121.80,10263.70,10272.70,10108.55,147.77M,-1.02%
30-11-2017,10226.55,10332.70,10332.70,10211.25,353.10M,-1.30%
29-11-2017,10361.30,10376.65,10392.95,10345.90,157.19M,-0.09%
28-11-2017,10370.25,10387.90,10409.55,10355.20,202.05M,-0.28%
27-11-2017,10399.55,10361.05,10407.15,10340.20,146.28M,+0.09%
24-11-2017,10389.70,10366.80,10404.50,10362.25,133.18M,+0.40%
23-11-2017,10348.75,10358.45,10374.30,10307.30,157.65M,+0.06%
22-11-2017,10342.30,10350.80,10368.70,10309.55,162.50M,+0.15%
21-11-2017,10326.90,10329.25,10358.70,10315.05,191.86M,+0.27%
20-11-2017,10298.75,10287.20,10309.85,10261.50,151.75M,+0.15%
17-11-2017,10283.60,10324.55,10343.60,10268.05,209.59M,+0.67%
16-11-2017,10214.75,10152.90,10232.25,10139.20,188.18M,+0.96%
15-11-2017,10118.05,10171.95,10175.45,10094.00,213.84M,-0.67%
14-11-2017,10186.60,10223.40,10248.00,10175.55,314.41M,-0.38%
13-11-2017,10224.95,10322.00,10334.15,10216.25,216.80M,-0.94%
10-11-2017,10321.75,10304.35,10344.95,10254.10,287.96M,+0.12%
09-11-2017,10308.95,10358.65,10368.45,10266.95,247.61M,+0.06%
08-11-2017,10303.15,10361.95,10384.25,10285.50,282.95M,-0.45%
07-11-2017,10350.15,10477.15,10485.75,10340.80,295.83M,-0.97%
06-11-2017,10451.80,10431.75,10490.45,10413.75,199.56M,-0.01%
03-11-2017,10452.50,10461.55,10461.70,10403.60,206.10M,+0.28%
02-11-2017,10423.80,10440.50,10453.00,10412.55,207.74M,-0.16%
01-11-2017,10440.50,10390.35,10451.65,10383.05,268.27M,+1.02%
31-10-2017,10335.30,10364.90,10367.70,10323.95,239.81M,-0.27%
30-10-2017,10363.65,10353.85,10384.50,10344.30,244.19M,+0.39%
27-10-2017,10323.05,10362.30,10366.15,10311.30,322.41M,-0.20%
26-10-2017,10343.80,10291.80,10355.65,10271.85,443.04M,+0.47%
25-10-2017,10295.35,10321.15,10340.55,10240.90,612.62M,+0.86%
24-10-2017,10207.70,10218.55,10237.75,10182.40,223.91M,+0.22%
23-10-2017,10184.85,10176.65,10224.15,10124.50,224.80M,+0.38%
19-10-2017,10146.55,10210.35,10211.95,10123.35,31.09M,-0.63%
18-10-2017,10210.85,10209.40,10236.45,10175.75,262.11M,-0.23%
17-10-2017,10234.45,10227.65,10251.85,10212.60,201.78M,+0.04%
16-10-2017,10230.85,10207.40,10242.95,10175.10,209.33M,+0.62%
13-10-2017,10167.45,10123.70,10191.90,10120.10,237.23M,+0.70%
12-10-2017,10096.40,10011.20,10104.45,9977.10,207.11M,+1.12%
11-10-2017,9984.80,10042.60,10067.25,9955.80,195.59M,-0.32%
10-10-2017,10016.95,10013.70,10034.00,10002.30,153.25M,+0.28%
09-10-2017,9988.75,9988.20,10015.75,9959.45,148.40M,+0.09%
06-10-2017,9979.70,9908.15,9989.35,9906.60,201.86M,+0.92%
05-10-2017,9888.70,9927.00,9945.95,9881.85,152.36M,-0.26%
04-10-2017,9914.90,9884.35,9938.30,9850.65,160.99M,+0.56%
03-10-2017,9859.50,9893.30,9895.40,9831.05,167.83M,+0.72%
29-09-2017,9788.60,9814.30,9854.00,9775.35,202.35M,+0.20%
28-09-2017,9768.95,9736.40,9789.20,9687.55,396.88M,+0.34%
27-09-2017,9735.75,9920.60,9921.05,9714.40,206.31M,-1.38%
26-09-2017,9871.50,9875.25,9891.35,9813.00,196.79M,-0.01%
25-09-2017,9872.60,9960.10,9960.50,9816.05,228.21M,-0.92%
22-09-2017,9964.40,10094.35,10095.05,9952.80,233.62M,-1.56%
21-09-2017,10121.90,10139.60,10158.90,10058.60,197.71M,-0.19%
20-09-2017,10141.15,10160.95,10171.05,10134.20,205.60M,-0.06%
19-09-2017,10147.55,10175.60,10178.95,10129.95,193.35M,-0.05%
18-09-2017,10153.10,10133.10,10171.70,10131.30,160.85M,+0.67%
15-09-2017,10085.40,10062.35,10115.15,10043.65,274.80M,-0.01%
14-09-2017,10086.60,10107.40,10126.50,10070.35,232.64M,+0.07%
13-09-2017,10079.30,10099.25,10131.95,10063.15,221.61M,-0.14%
12-09-2017,10093.05,10056.85,10097.55,10028.05,188.25M,+0.87%
11-09-2017,10006.05,9971.75,10028.65,9968.80,178.41M,+0.72%
08-09-2017,9934.80,9958.65,9963.60,9913.30,168.70M,+0.05%
07-09-2017,9929.90,9945.85,9964.85,9917.20,194.63M,+0.14%
06-09-2017,9916.20,9899.25,9931.55,9882.55,153.77M,-0.36%
05-09-2017,9952.20,9933.25,9963.10,9901.05,143.52M,+0.40%
04-09-2017,9912.85,9984.15,9988.40,9861.00,153.37M,-0.62%
01-09-2017,9974.40,9937.65,9983.45,9909.85,162.73M,+0.57%
31-08-2017,9917.90,9905.70,9925.10,9856.95,337.78M,+0.34%
30-08-2017,9884.40,9859.50,9909.45,9850.80,162.70M,+0.90%
29-08-2017,9796.05,9886.40,9887.35,9783.75,178.67M,-1.18%
28-08-2017,9912.80,9907.15,9925.75,9882.00,164.49M,+0.57%
24-08-2017,9857.05,9881.20,9881.50,9848.85,190.40M,+0.05%
23-08-2017,9852.50,9803.05,9857.90,9786.75,173.82M,+0.89%
22-08-2017,9765.55,9815.75,9828.45,9752.60,189.27M,+0.11%
21-08-2017,9754.35,9864.25,9884.35,9740.10,211.63M,-0.84%
18-08-2017,9837.40,9865.95,9865.95,9783.65,253.93M,-0.67%
17-08-2017,9904.15,9945.55,9947.80,9883.75,203.65M,+0.07%
16-08-2017,9897.30,9825.85,9903.95,9773.85,226.27M,+1.05%
14-08-2017,9794.15,9755.75,9818.30,9752.10,201.61M,+0.86%
11-08-2017,9710.80,9712.15,9771.65,9685.55,294.73M,-1.11%
10-08-2017,9820.25,9872.85,9892.65,9776.20,242.82M,-0.89%
09-08-2017,9908.05,9961.15,9969.80,9893.05,174.40M,-0.71%
08-08-2017,9978.55,10068.35,10083.80,9947.00,209.64M,-0.78%
07-08-2017,10057.40,10074.80,10088.10,10046.35,141.57M,-0.09%
04-08-2017,10066.40,10008.60,10075.25,9988.35,184.08M,+0.53%
03-08-2017,10013.65,10081.15,10081.15,9998.25,198.67M,-0.67%
02-08-2017,10081.50,10136.30,10137.85,10054.20,166.46M,-0.33%
01-08-2017,10114.65,10101.05,10128.60,10065.75,190.00M,+0.37%
31-07-2017,10077.10,10034.70,10085.90,10016.95,245.10M,+0.63%
28-07-2017,10014.50,9996.55,10026.05,9944.50,197.49M,-0.06%
27-07-2017,10020.55,10063.25,10114.85,10005.50,296.78M,0.00%
26-07-2017,10020.65,9983.65,10025.95,9965.95,203.70M,+0.56%
25-07-2017,9964.55,10010.55,10011.30,9949.10,191.21M,-0.02%
24-07-2017,9966.40,9936.80,9982.05,9919.60,179.91M,+0.52%
21-07-2017,9915.25,9899.60,9924.70,9838.00,193.29M,+0.42%
20-07-2017,9873.30,9920.20,9922.55,9863.45,166.08M,-0.27%
19-07-2017,9899.60,9855.95,9905.05,9851.65,206.38M,+0.74%
18-07-2017,9827.15,9832.70,9885.35,9792.05,303.01M,-0.90%
17-07-2017,9915.95,9908.15,9928.20,9894.70,168.60M,+0.30%
14-07-2017,9886.35,9913.30,9913.30,9845.45,164.46M,-0.05%
13-07-2017,9891.70,9855.80,9897.25,9853.45,186.87M,+0.77%
12-07-2017,9816.10,9807.30,9824.95,9787.70,150.05M,+0.31%
11-07-2017,9786.05,9797.45,9830.05,9778.85,185.32M,+0.15%
10-07-2017,9771.05,9719.30,9782.15,9646.45,38.75M,+1.09%
07-07-2017,9665.80,9670.35,9684.25,9642.65,146.23M,-0.09%
06-07-2017,9674.55,9653.60,9700.70,9639.95,152.00M,+0.38%
05-07-2017,9637.60,9619.75,9643.65,9607.35,134.85M,+0.25%
04-07-2017,9613.30,9645.90,9650.65,9595.50,149.31M,-0.02%
03-07-2017,9615.00,9587.95,9624.00,9543.55,188.69M,+0.99%
30-06-2017,9520.90,9478.50,9535.80,9448.75,185.20M,+0.18%
29-06-2017,9504.10,9522.95,9575.80,9493.80,267.28M,+0.14%
28-06-2017,9491.25,9520.20,9522.50,9474.35,177.65M,-0.21%
27-06-2017,9511.40,9594.05,9615.40,9473.45,209.59M,-0.66%
23-06-2017,9574.95,9643.25,9647.65,9565.30,180.58M,-0.57%
22-06-2017,9630.00,9642.65,9698.85,9617.75,204.89M,-0.04%
21-06-2017,9633.60,9648.10,9650.45,9608.60,148.49M,-0.21%
20-06-2017,9653.50,9670.50,9676.50,9643.75,164.44M,-0.04%
19-06-2017,9657.55,9626.40,9673.30,9614.90,146.15M,+0.72%
16-06-2017,9588.05,9595.45,9615.85,9565.50,219.81M,+0.10%
15-06-2017,9578.05,9617.90,9621.40,9560.80,176.42M,-0.42%
14-06-2017,9618.15,9621.55,9627.40,9580.45,187.38M,+0.12%
13-06-2017,9606.90,9615.55,9654.15,9595.40,133.73M,-0.10%
12-06-2017,9616.40,9646.70,9647.05,9598.50,145.79M,-0.54%
09-06-2017,9668.25,9638.55,9676.25,9608.15,163.90M,+0.22%
08-06-2017,9647.25,9682.40,9688.70,9641.50,160.16M,-0.17%
07-06-2017,9663.90,9663.95,9678.55,9630.55,165.67M,+0.28%
06-06-2017,9637.15,9704.25,9709.30,9630.20,150.38M,-0.39%
05-06-2017,9675.10,9656.30,9687.20,9640.70,131.69M,+0.22%
02-06-2017,9653.50,9657.15,9673.50,9637.45,167.20M,+0.39%
01-06-2017,9616.10,9603.55,9634.65,9589.90,181.53M,-0.05%
31-05-2017,9621.25,9636.55,9649.60,9609.25,427.05M,-0.03%
30-05-2017,9624.55,9590.65,9635.30,9581.20,199.89M,+0.20%
29-05-2017,9604.90,9560.05,9637.75,9547.70,242.27M,+0.10%
26-05-2017,9595.10,9507.75,9604.90,9495.40,225.65M,+0.90%
25-05-2017,9509.75,9384.05,9523.30,9379.20,298.15M,+1.59%
24-05-2017,9360.55,9410.90,9431.90,9341.65,218.26M,-0.27%
23-05-2017,9386.15,9445.05,9448.05,9370.00,231.35M,-0.55%
22-05-2017,9438.25,9480.25,9498.65,9427.90,202.88M,+0.11%
19-05-2017,9427.90,9469.90,9505.75,9390.75,259.86M,-0.02%
18-05-2017,9429.45,9453.20,9489.10,9418.10,199.34M,-1.01%
17-05-2017,9525.75,9517.60,9532.60,9486.10,211.86M,+0.14%
16-05-2017,9512.25,9461.00,9517.20,9456.35,171.71M,+0.71%
15-05-2017,9445.40,9433.55,9449.25,9423.10,145.16M,+0.47%
12-05-2017,9400.90,9436.65,9437.75,9372.55,159.08M,-0.23%
11-05-2017,9422.40,9448.60,9450.65,9411.30,176.44M,+0.16%
10-05-2017,9407.30,9339.65,9414.75,9336.00,157.36M,+0.97%
09-05-2017,9316.85,9337.35,9338.95,9307.70,136.42M,+0.03%
08-05-2017,9314.05,9311.45,9338.70,9297.95,179.71M,+0.31%
05-05-2017,9285.30,9374.55,9377.10,9272.00,239.13M,-0.80%
04-05-2017,9359.90,9360.95,9365.65,9323.25,277.90M,+0.51%
03-05-2017,9311.95,9344.70,9346.30,9298.40,156.34M,-0.02%
02-05-2017,9313.80,9339.85,9352.55,9269.90,166.56M,+0.10%
28-04-2017,9304.05,9340.95,9342.65,9282.25,167.23M,-0.41%
27-04-2017,9342.15,9359.15,9367.15,9322.65,215.88M,-0.10%
26-04-2017,9351.85,9336.20,9367.00,9301.35,191.40M,+0.49%
25-04-2017,9306.60,9273.05,9309.20,9250.35,173.90M,+0.96%
24-04-2017,9217.95,9135.35,9225.40,9130.55,172.91M,+1.08%
21-04-2017,9119.40,9179.10,9183.65,9088.75,159.98M,-0.19%
20-04-2017,9136.40,9108.10,9143.90,9102.65,175.63M,+0.36%
19-04-2017,9103.50,9112.20,9120.50,9075.15,179.12M,-0.02%
18-04-2017,9105.15,9163.00,9217.90,9095.45,179.57M,-0.37%
17-04-2017,9139.30,9144.75,9160.00,9120.25,132.24M,-0.13%
13-04-2017,9150.80,9202.50,9202.65,9144.95,171.70M,-0.57%
12-04-2017,9203.45,9242.50,9246.40,9161.80,166.76M,-0.36%
11-04-2017,9237.00,9184.55,9242.70,9172.85,206.26M,+0.61%
10-04-2017,9181.45,9225.60,9225.65,9174.85,139.97M,-0.18%
07-04-2017,9198.30,9223.70,9250.50,9188.10,195.92M,-0.69%
06-04-2017,9261.95,9245.80,9267.95,9218.85,191.94M,-0.03%
05-04-2017,9265.15,9264.40,9273.90,9215.40,190.53M,+0.30%
03-04-2017,9237.85,9220.60,9245.35,9192.40,143.44M,+0.70%
31-03-2017,9173.75,9158.90,9191.70,9152.10,196.77M,0.00%
30-03-2017,9173.75,9142.60,9183.15,9136.35,333.41M,+0.33%
29-03-2017,9143.80,9128.70,9153.15,9109.10,250.90M,+0.47%
28-03-2017,9100.80,9081.50,9110.40,9079.80,188.99M,+0.61%
27-03-2017,9045.20,9093.45,9094.85,9024.65,209.04M,-0.69%
24-03-2017,9108.00,9104.00,9133.55,9089.40,210.02M,+0.24%
23-03-2017,9086.30,9048.75,9099.05,9048.60,197.70M,+0.62%
22-03-2017,9030.45,9047.20,9072.90,9019.30,239.46M,-1.00%
21-03-2017,9121.50,9133.95,9147.75,9087.20,255.40M,-0.06%
20-03-2017,9126.85,9166.95,9167.60,9116.30,342.40M,-0.36%
17-03-2017,9160.05,9207.80,9218.40,9147.60,295.55M,+0.07%
16-03-2017,9153.70,9129.65,9158.45,9128.55,215.10M,+0.76%
15-03-2017,9084.80,9086.85,9106.55,9075.50,248.03M,-0.02%
14-03-2017,9087.00,9091.65,9122.75,9060.50,278.73M,+1.71%
10-03-2017,8934.55,8953.70,8975.70,8903.95,157.42M,+0.08%
09-03-2017,8927.00,8914.50,8945.80,8899.50,176.81M,+0.03%
08-03-2017,8924.30,8950.70,8957.05,8891.95,183.33M,-0.25%
07-03-2017,8946.90,8977.75,8977.85,8932.80,178.83M,-0.18%
06-03-2017,8963.45,8915.10,8967.80,8914.00,180.20M,+0.74%
03-03-2017,8897.55,8883.50,8907.10,8860.10,208.92M,-0.02%
02-03-2017,8899.75,8982.85,8992.50,8879.80,225.61M,-0.51%
01-03-2017,8945.80,8904.40,8960.80,8898.60,212.33M,+0.75%
28-02-2017,8879.60,8898.95,8914.75,8867.60,302.72M,-0.19%
27-02-2017,8896.70,8943.70,8951.80,8888.65,195.85M,-0.48%
23-02-2017,8939.50,8956.40,8982.15,8927.55,388.87M,+0.14%
22-02-2017,8926.90,8931.60,8960.75,8905.25,254.68M,+0.21%
21-02-2017,8907.85,8890.75,8920.80,8860.95,181.09M,+0.32%
20-02-2017,8879.20,8818.55,8886.25,8809.80,173.02M,+0.65%
17-02-2017,8821.70,8883.70,8896.45,8804.25,307.53M,+0.50%
16-02-2017,8778.00,8739.00,8783.95,8719.60,190.28M,+0.61%
15-02-2017,8724.70,8778.95,8807.90,8712.85,222.83M,-0.77%
14-02-2017,8792.30,8819.90,8820.45,8772.50,194.13M,-0.14%
13-02-2017,8805.05,8819.80,8826.90,8754.20,211.18M,+0.13%
10-02-2017,8793.55,8812.35,8822.10,8771.20,232.95M,+0.17%
09-02-2017,8778.40,8795.55,8821.40,8724.10,193.28M,+0.11%
08-02-2017,8769.05,8774.55,8791.25,8715.00,225.49M,+0.01%
07-02-2017,8768.30,8805.70,8809.30,8741.05,233.30M,-0.37%
06-02-2017,8801.05,8785.45,8814.10,8770.20,200.40M,+0.69%
03-02-2017,8740.95,8735.15,8748.25,8707.75,196.94M,+0.08%
02-02-2017,8734.25,8724.75,8757.60,8685.80,292.33M,+0.20%
01-02-2017,8716.40,8570.35,8722.40,8537.50,337.80M,+1.81%
31-01-2017,8561.30,8629.45,8631.75,8552.40,537.11M,-0.83%
30-01-2017,8632.75,8635.55,8662.60,8617.75,314.11M,-0.10%
27-01-2017,8641.25,8610.50,8672.70,8606.90,283.91M,+0.45%
25-01-2017,8602.75,8499.45,8612.60,8493.95,301.49M,+1.50%
24-01-2017,8475.80,8407.05,8480.95,8398.15,184.75M,+1.00%
23-01-2017,8391.50,8329.60,8404.15,8327.20,200.99M,+0.50%
20-01-2017,8349.35,8404.35,8423.65,8340.95,208.90M,-1.02%
19-01-2017,8435.10,8418.40,8445.15,8404.05,170.96M,+0.22%
18-01-2017,8417.00,8403.85,8460.30,8397.40,168.87M,+0.23%
17-01-2017,8398.00,8415.05,8440.90,8378.30,125.78M,-0.18%
16-01-2017,8412.80,8390.95,8426.70,8374.40,127.94M,+0.15%
13-01-2017,8400.35,8457.65,8461.05,8373.15,190.95M,-0.08%
12-01-2017,8407.20,8391.05,8417.20,8382.30,177.95M,+0.32%
11-01-2017,8380.65,8327.80,8389.00,8322.25,192.28M,+1.11%
10-01-2017,8288.60,8262.70,8293.80,8261.00,147.31M,+0.64%
09-01-2017,8236.05,8259.35,8263.00,8227.75,102.21M,-0.09%
06-01-2017,8243.80,8281.85,8306.85,8233.25,143.69M,-0.36%
05-01-2017,8273.80,8226.65,8282.65,8223.70,163.96M,+1.02%
04-01-2017,8190.50,8202.65,8218.50,8180.90,136.48M,-0.02%
03-01-2017,8192.25,8196.05,8219.10,8148.60,131.19M,+0.16%
02-01-2017,8179.50,8210.10,8212.00,8133.80,122.02M,-0.08%
30-12-2016,8185.80,8119.65,8197.00,8114.75,131.46M,+1.01%
29-12-2016,8103.60,8030.60,8111.10,8020.80,183.98M,+0.86%
28-12-2016,8034.85,8047.55,8100.55,8028.40,130.58M,+0.02%
27-12-2016,8032.85,7915.05,8044.65,7903.70,122.46M,+1.58%
26-12-2016,7908.25,7965.10,7970.05,7893.80,110.17M,-0.97%
23-12-2016,7985.75,7972.50,8022.60,7942.05,127.92M,+0.08%
22-12-2016,7979.10,8043.85,8046.45,7964.95,126.41M,-1.02%
21-12-2016,8061.30,8105.85,8112.55,8053.25,127.54M,-0.26%
20-12-2016,8082.40,8110.60,8124.10,8062.75,132.03M,-0.27%
19-12-2016,8104.35,8126.00,8132.50,8094.85,110.67M,-0.43%
16-12-2016,8139.45,8178.20,8178.70,8127.45,209.27M,-0.17%
15-12-2016,8153.60,8128.40,8225.90,8121.95,187.43M,-0.35%
14-12-2016,8182.45,8229.35,8229.40,8165.10,149.13M,-0.48%
13-12-2016,8221.80,8196.15,8228.85,8155.80,189.74M,+0.62%
12-12-2016,8170.80,8230.65,8230.65,8154.45,111.43M,-1.10%
09-12-2016,8261.75,8271.70,8274.95,8241.95,154.34M,+0.18%
08-12-2016,8246.85,8152.10,8256.25,8151.75,146.86M,+1.79%
07-12-2016,8102.05,8168.40,8190.45,8077.50,175.02M,-0.50%
06-12-2016,8143.15,8153.15,8178.70,8130.85,118.85M,+0.18%
05-12-2016,8128.75,8088.75,8141.90,8056.85,130.44M,+0.52%
02-12-2016,8086.80,8153.55,8159.30,8070.05,176.77M,-1.30%
01-12-2016,8192.90,8244.00,8250.80,8185.05,162.60M,-0.38%
30-11-2016,8224.50,8172.15,8234.25,8139.25,255.72M,+1.01%
29-11-2016,8142.15,8131.55,8197.35,8128.70,195.62M,+0.19%
28-11-2016,8126.90,8080.65,8146.50,8066.50,195.60M,+0.16%
25-11-2016,8114.30,8007.95,8122.25,7976.75,183.36M,+1.87%
24-11-2016,7965.50,8011.80,8024.85,7952.55,268.62M,-0.84%
23-11-2016,8033.30,8051.20,8055.20,7973.10,186.60M,+0.39%
22-11-2016,8002.30,7989.15,8019.05,7938.15,216.68M,+0.92%
21-11-2016,7929.10,8102.10,8102.45,7916.40,225.61M,-1.80%
18-11-2016,8074.10,8097.55,8128.95,8048.30,166.20M,-0.07%
17-11-2016,8079.95,8105.10,8151.25,8060.30,197.18M,-0.39%
16-11-2016,8111.60,8205.65,8210.05,8089.40,277.80M,+0.04%
15-11-2016,8108.45,8284.85,8288.55,8093.20,370.30M,-2.26%
11-11-2016,8296.30,8456.65,8460.60,8284.95,275.22M,-2.69%
10-11-2016,8525.75,8555.60,8598.45,8510.70,271.20M,+1.11%
09-11-2016,8432.00,8067.50,8476.20,8002.25,323.97M,-1.31%
08-11-2016,8543.55,8540.00,8559.40,8480.10,201.76M,+0.55%
07-11-2016,8497.05,8535.75,8535.85,8481.45,178.07M,+0.75%
04-11-2016,8433.75,8503.60,8504.00,8400.25,231.78M,-0.60%
03-11-2016,8484.95,8499.85,8537.65,8476.15,175.77M,-0.34%
02-11-2016,8514.00,8542.80,8549.50,8504.85,160.13M,-1.30%
01-11-2016,8626.25,8653.15,8669.60,8614.50,170.07M,+0.01%
30-10-2016,8625.70,8672.35,8678.25,8616.25,166.11M,-0.14%
28-10-2016,8638.00,8625.00,8653.75,8581.75,180.91M,+0.26%
27-10-2016,8615.25,8607.10,8624.85,8550.25,250.34M,0.00%
26-10-2016,8615.25,8657.30,8657.30,8596.60,226.13M,-0.88%
25-10-2016,8691.30,8721.70,8722.65,8663.45,195.70M,-0.20%
24-10-2016,8708.95,8709.85,8736.95,8684.15,161.97M,+0.18%
21-10-2016,8693.05,8708.60,8709.10,8652.05,162.16M,-0.07%
20-10-2016,8699.40,8693.35,8727.00,8678.30,165.95M,+0.47%
19-10-2016,8659.10,8697.50,8698.75,8636.70,177.40M,-0.22%
18-10-2016,8677.90,8556.05,8685.10,8555.90,216.63M,+1.85%
17-10-2016,8520.40,8612.95,8615.40,8506.15,203.52M,-0.73%
14-10-2016,8583.40,8594.00,8604.45,8549.80,167.85M,+0.12%
13-10-2016,8573.35,8671.50,8681.55,8541.35,218.86M,-1.56%
10-10-2016,8708.80,8735.35,8745.80,8703.95,111.79M,+0.13%
07-10-2016,8697.60,8721.70,8723.70,8663.80,155.05M,-0.14%
06-10-2016,8709.55,8768.70,8781.15,8684.65,168.71M,-0.39%
05-10-2016,8743.95,8806.35,8806.95,8731.40,162.10M,-0.29%
04-10-2016,8769.15,8770.00,8783.65,8736.10,189.99M,+0.36%
03-10-2016,8738.10,8666.15,8745.20,8635.00,141.47M,+1.47%
30-09-2016,8611.15,8581.50,8637.15,8555.20,187.33M,+0.23%
29-09-2016,8591.25,8792.70,8800.65,8558.25,384.40M,-1.76%
28-09-2016,8745.15,8711.20,8767.05,8703.15,170.64M,+0.45%
27-09-2016,8706.40,8748.90,8768.50,8690.50,156.10M,-0.19%
26-09-2016,8723.05,8807.90,8809.55,8715.10,169.05M,-1.23%
23-09-2016,8831.55,8880.75,8885.20,8820.30,191.62M,-0.40%
22-09-2016,8867.45,8873.35,8893.35,8837.80,178.14M,+1.03%
21-09-2016,8777.15,8790.30,8826.85,8757.30,153.44M,+0.01%
20-09-2016,8775.90,8816.10,8816.45,8759.30,140.72M,-0.37%
19-09-2016,8808.40,8788.45,8824.30,8774.20,135.81M,+0.33%
16-09-2016,8779.85,8780.85,8847.65,8750.50,274.04M,+0.43%
15-09-2016,8742.55,8743.85,8751.95,8704.35,149.89M,+0.18%
14-09-2016,8726.60,8710.65,8739.85,8688.90,189.98M,+0.13%
12-09-2016,8715.60,8732.95,8746.95,8699.40,190.20M,-1.70%
09-09-2016,8866.70,8934.30,8939.15,8858.70,181.34M,-0.96%
08-09-2016,8952.50,8915.50,8960.35,8896.00,223.94M,+0.39%
07-09-2016,8917.95,8968.70,8968.70,8913.35,299.15M,-0.28%
06-09-2016,8943.00,8852.70,8950.85,8848.45,201.62M,+1.51%
02-09-2016,8809.65,8796.35,8824.10,8768.20,197.38M,+0.40%
01-09-2016,8774.65,8793.60,8813.25,8759.95,246.34M,-0.13%
31-08-2016,8786.20,8754.05,8819.20,8754.05,373.42M,+0.48%
30-08-2016,8744.35,8646.75,8750.60,8642.25,154.83M,+1.59%
29-08-2016,8607.45,8583.75,8622.00,8543.75,133.72M,+0.41%
26-08-2016,8572.55,8614.35,8622.95,8547.55,152.15M,-0.23%
25-08-2016,8592.20,8668.85,8683.05,8583.65,219.74M,-0.67%
24-08-2016,8650.30,8648.50,8661.05,8620.90,154.17M,+0.21%
23-08-2016,8632.60,8628.35,8642.15,8580.00,193.30M,+0.04%
22-08-2016,8629.15,8667.00,8684.85,8614.00,156.98M,-0.44%
19-08-2016,8666.90,8694.30,8696.60,8647.10,197.77M,-0.07%
18-08-2016,8673.25,8648.85,8690.70,8645.05,169.43M,+0.57%
17-08-2016,8624.05,8639.80,8667.10,8603.60,179.54M,-0.21%
16-08-2016,8642.55,8670.25,8682.35,8600.45,231.77M,-0.34%
12-08-2016,8672.15,8605.45,8684.30,8604.45,272.01M,+0.93%
11-08-2016,8592.15,8572.80,8601.15,8540.05,195.12M,+0.20%
10-08-2016,8575.30,8686.70,8690.10,8564.60,178.96M,-1.19%
09-08-2016,8678.25,8727.80,8728.35,8638.20,206.26M,-0.38%
08-08-2016,8711.35,8712.85,8723.50,8697.60,177.88M,+0.32%
05-08-2016,8683.15,8600.20,8689.40,8590.15,162.78M,+1.54%
04-08-2016,8551.10,8599.95,8601.40,8518.15,169.78M,+0.07%
03-08-2016,8544.85,8635.20,8635.45,8529.60,168.03M,-0.91%
02-08-2016,8622.90,8647.45,8687.20,8611.40,174.56M,-0.16%
01-08-2016,8636.55,8654.30,8711.30,8590.50,194.19M,-0.02%
29-07-2016,8638.50,8668.30,8670.35,8631.15,161.94M,-0.32%
28-07-2016,8666.30,8636.95,8674.70,8625.25,240.72M,+0.59%
27-07-2016,8615.80,8599.40,8665.00,8572.05,189.80M,+0.29%
26-07-2016,8590.65,8633.75,8644.90,8577.15,159.56M,-0.52%
25-07-2016,8635.65,8519.95,8641.15,8517.20,154.63M,+1.11%
22-07-2016,8541.20,8519.65,8548.95,8489.80,147.62M,+0.37%
21-07-2016,8510.10,8582.70,8585.25,8503.45,154.58M,-0.65%
20-07-2016,8565.85,8515.45,8569.90,8512.55,165.35M,+0.44%
19-07-2016,8528.55,8514.30,8540.05,8476.70,173.05M,+0.23%
18-07-2016,8508.70,8564.05,8587.10,8494.35,169.40M,-0.38%
15-07-2016,8541.40,8565.45,8594.80,8510.05,228.60M,-0.28%
14-07-2016,8565.00,8515.75,8571.40,8500.70,158.74M,+0.53%
13-07-2016,8519.50,8540.45,8550.25,8493.55,201.49M,-0.02%
12-07-2016,8521.05,8502.60,8526.60,8479.20,189.34M,+0.63%
11-07-2016,8467.90,8413.35,8475.25,8407.05,154.40M,+1.74%
08-07-2016,8323.20,8350.00,8353.30,8287.55,142.16M,-0.18%
07-07-2016,8337.90,8342.00,8361.95,8317.70,160.33M,+0.02%
05-07-2016,8335.95,8379.30,8381.45,8319.95,143.25M,-0.42%
04-07-2016,8370.70,8376.75,8398.45,8364.70,158.96M,+0.51%
01-07-2016,8328.35,8313.05,8356.75,8308.65,170.58M,+0.49%
30-06-2016,8287.75,8260.25,8308.15,8242.10,288.03M,+1.02%
29-06-2016,8204.00,8173.10,8212.40,8157.65,151.50M,+0.94%
28-06-2016,8127.85,8096.05,8146.35,8086.85,175.72M,+0.41%
27-06-2016,8094.70,8039.35,8120.65,8039.35,167.46M,+0.08%
24-06-2016,8088.60,8029.10,8100.70,7927.05,306.80M,-2.20%
23-06-2016,8270.45,8201.15,8285.60,8188.30,158.85M,+0.81%
22-06-2016,8203.70,8213.65,8238.35,8153.25,140.27M,-0.20%
21-06-2016,8219.90,8255.40,8257.25,8202.15,141.16M,-0.23%
20-06-2016,8238.50,8115.75,8244.15,8107.35,173.75M,+0.84%
17-06-2016,8170.20,8176.65,8195.25,8135.80,171.84M,+0.36%
16-06-2016,8140.75,8180.65,8180.65,8074.45,195.03M,-0.80%
15-06-2016,8206.60,8139.40,8213.20,8123.15,174.95M,+1.21%
14-06-2016,8108.85,8134.40,8134.95,8069.50,150.04M,-0.02%
13-06-2016,8110.60,8102.25,8125.25,8063.90,174.92M,-0.73%
10-06-2016,8170.05,8180.25,8265.60,8162.85,187.76M,-0.41%
09-06-2016,8203.60,8273.35,8273.35,8184.60,180.29M,-0.84%
08-06-2016,8273.05,8285.50,8288.90,8252.05,179.71M,+0.08%
07-06-2016,8266.45,8235.55,8294.95,8216.40,249.37M,+0.80%
06-06-2016,8201.05,8228.75,8234.70,8186.05,176.88M,-0.24%
03-06-2016,8220.80,8246.20,8262.00,8209.85,390.65M,+0.02%
02-06-2016,8218.95,8156.90,8229.50,8154.75,187.32M,+0.48%
01-06-2016,8179.95,8179.20,8215.35,8171.05,200.37M,+0.24%
31-05-2016,8160.10,8209.85,8213.60,8134.30,485.65M,-0.22%
30-05-2016,8178.50,8166.50,8200.00,8150.80,255.09M,+0.27%
27-05-2016,8156.65,8081.95,8164.20,8077.05,268.96M,+1.08%
26-05-2016,8069.65,7974.45,8083.00,7948.50,272.46M,+1.70%
25-05-2016,7934.90,7811.80,7941.20,7809.30,181.64M,+2.40%
24-05-2016,7748.85,7738.05,7761.55,7715.80,151.54M,+0.23%
23-05-2016,7731.05,7813.95,7820.60,7722.20,177.35M,-0.24%
20-05-2016,7749.70,7792.20,7812.40,7735.75,161.89M,-0.43%
19-05-2016,7783.40,7875.50,7876.20,7766.80,175.71M,-1.10%
18-05-2016,7870.15,7846.75,7882.05,7810.75,161.17M,-0.26%
17-05-2016,7890.75,7896.85,7940.10,7879.70,189.14M,+0.38%
16-05-2016,7860.75,7831.20,7873.90,7772.15,211.55M,+0.59%
13-05-2016,7814.90,7881.00,7881.00,7784.20,185.06M,-1.08%
12-05-2016,7900.40,7871.45,7916.05,7849.65,157.44M,+0.66%
11-05-2016,7848.85,7804.65,7893.10,7780.90,220.71M,-0.49%
10-05-2016,7887.80,7873.55,7896.90,7837.70,166.96M,+0.28%
09-05-2016,7866.05,7755.25,7873.65,7753.55,165.62M,+1.71%
06-05-2016,7733.45,7717.65,7738.90,7678.35,168.66M,-0.03%
05-05-2016,7735.50,7731.00,7777.55,7706.85,190.79M,+0.38%
04-05-2016,7706.55,7724.15,7749.00,7697.25,205.94M,-0.52%
03-05-2016,7747.00,7824.80,7890.25,7735.15,192.27M,-0.75%
02-05-2016,7805.90,7822.70,7829.80,7777.30,150.82M,-0.56%
29-04-2016,7849.80,7844.25,7889.05,7788.70,251.23M,+0.03%
28-04-2016,7847.25,7967.40,7992.00,7834.45,301.48M,-1.66%
27-04-2016,7979.90,7942.00,7991.00,7940.55,213.17M,+0.22%
26-04-2016,7962.65,7828.15,7974.50,7822.55,208.66M,+1.37%
25-04-2016,7855.05,7894.80,7911.00,7827.00,150.78M,-0.56%
22-04-2016,7899.30,7891.80,7923.35,7873.35,188.99M,-0.16%
21-04-2016,7912.05,7953.65,7978.45,7884.10,230.58M,-0.03%
20-04-2016,7914.75,7950.05,7950.40,7877.55,211.63M,0.00%
18-04-2016,7914.70,7908.15,7920.60,7842.75,190.26M,+0.82%
13-04-2016,7850.45,7777.15,7864.80,7772.20,227.22M,+1.84%
12-04-2016,7708.95,7669.25,7717.40,7663.35,168.51M,+0.49%
11-04-2016,7671.40,7577.80,7678.80,7516.85,185.35M,+1.54%
08-04-2016,7555.20,7542.35,7569.35,7526.70,147.82M,+0.12%
07-04-2016,7546.45,7630.40,7630.75,7535.85,241.68M,-0.89%
06-04-2016,7614.35,7636.05,7638.65,7591.75,170.65M,+0.15%
05-04-2016,7603.20,7736.30,7736.30,7588.65,210.13M,-2.01%
04-04-2016,7758.80,7733.15,7764.45,7704.40,160.28M,+0.59%
01-04-2016,7713.05,7718.05,7740.15,7666.10,189.57M,-0.33%
31-03-2016,7738.40,7727.65,7777.60,7702.00,391.91M,+0.04%
30-03-2016,7735.20,7651.10,7741.95,7643.45,239.84M,+1.82%
29-03-2016,7597.00,7606.55,7652.90,7582.25,223.49M,-0.24%
28-03-2016,7615.10,7741.00,7749.40,7587.70,249.90M,-1.31%
23-03-2016,7716.50,7717.45,7726.85,7670.60,205.80M,+0.02%
22-03-2016,7714.90,7695.55,7728.20,7643.80,215.36M,+0.14%
21-03-2016,7704.25,7619.20,7713.55,7617.70,202.85M,+1.31%
18-03-2016,7604.35,7534.65,7613.60,7517.90,244.73M,+1.22%
17-03-2016,7512.55,7557.40,7585.30,7479.40,247.04M,+0.18%
16-03-2016,7498.75,7457.05,7508.00,7405.15,201.43M,+0.51%
15-03-2016,7460.60,7535.85,7545.20,7452.80,199.65M,-1.04%
14-03-2016,7538.75,7542.60,7583.70,7515.05,172.07M,+0.38%
11-03-2016,7510.20,7484.85,7543.95,7460.60,204.81M,+0.32%
10-03-2016,7486.15,7545.35,7547.10,7447.40,231.58M,-0.61%
09-03-2016,7531.80,7436.10,7539.00,7424.30,252.71M,+0.62%
08-03-2016,7485.30,7486.40,7527.15,7442.15,264.94M,0.00%
04-03-2016,7485.35,7505.40,7505.90,7444.10,290.44M,+0.13%
03-03-2016,7475.60,7429.55,7483.95,7406.05,287.25M,+1.45%
02-03-2016,7368.85,7321.70,7380.35,7308.15,348.97M,+2.03%
01-03-2016,7222.30,7038.25,7235.50,7035.10,283.56M,+3.37%
29-02-2016,6987.05,7050.45,7094.60,6825.80,487.97M,-0.61%
26-02-2016,7029.75,7039.30,7052.90,6985.10,213.14M,+0.85%
25-02-2016,6970.60,7029.85,7034.20,6961.40,291.93M,-0.69%
24-02-2016,7018.70,7075.00,7090.80,7009.75,205.90M,-1.28%
23-02-2016,7109.55,7240.30,7241.70,7090.70,200.40M,-1.73%
22-02-2016,7234.55,7208.85,7252.40,7200.70,159.16M,+0.33%
19-02-2016,7210.75,7170.55,7226.85,7145.95,198.21M,+0.26%
18-02-2016,7191.75,7177.40,7215.10,7127.85,254.33M,+1.17%
17-02-2016,7108.45,7058.85,7123.70,6960.65,268.02M,+0.85%
16-02-2016,7048.25,7201.25,7204.65,7037.70,261.61M,-1.60%
15-02-2016,7162.95,7057.35,7182.80,7056.80,365.22M,+2.61%
12-02-2016,6980.95,7023.65,7034.80,6869.00,344.21M,+0.07%
11-02-2016,6976.35,7203.60,7208.65,6959.95,301.30M,-3.32%
10-02-2016,7215.70,7264.30,7271.85,7177.75,254.48M,-1.13%
09-02-2016,7298.20,7303.95,7323.45,7275.15,218.73M,-1.21%
08-02-2016,7387.25,7489.70,7512.55,7363.20,176.76M,-1.36%
05-02-2016,7489.10,7418.25,7503.15,7406.65,257.52M,+1.15%
04-02-2016,7404.00,7411.45,7457.05,7365.95,229.56M,+0.57%
03-02-2016,7361.80,7392.45,7419.40,7350.30,197.86M,-1.26%
02-02-2016,7455.55,7566.65,7576.30,7428.05,237.34M,-1.33%
01-02-2016,7555.95,7589.50,7600.45,7541.25,206.64M,-0.10%
29-01-2016,7563.55,7413.35,7575.65,7402.80,307.93M,+1.87%
28-01-2016,7424.65,7426.50,7468.85,7409.60,283.04M,-0.18%
27-01-2016,7437.75,7469.60,7477.90,7419.70,193.39M,+0.02%
25-01-2016,7436.15,7468.75,7487.15,7421.20,168.20M,+0.18%
22-01-2016,7422.45,7355.70,7433.40,7327.60,236.28M,+2.00%
21-01-2016,7276.80,7376.65,7398.70,7250.00,248.11M,-0.44%
20-01-2016,7309.30,7357.00,7470.90,7241.50,232.61M,-1.69%
19-01-2016,7435.10,7381.80,7462.75,7364.15,194.07M,+1.14%
18-01-2016,7351.00,7420.35,7463.65,7336.40,240.80M,-1.17%
15-01-2016,7437.80,7561.65,7566.50,7427.30,203.64M,-1.31%
14-01-2016,7536.80,7467.40,7604.80,7443.80,206.99M,-0.34%
13-01-2016,7562.40,7557.90,7590.95,7425.80,221.91M,+0.69%
12-01-2016,7510.30,7587.20,7588.30,7487.80,168.98M,-0.71%
11-01-2016,7563.85,7527.45,7605.10,7494.35,194.84M,-0.49%
08-01-2016,7601.35,7611.65,7634.10,7581.05,162.35M,+0.44%
07-01-2016,7568.30,7673.35,7674.95,7556.60,194.73M,-2.23%
06-01-2016,7741.00,7788.05,7800.95,7721.20,151.72M,-0.56%
05-01-2016,7784.65,7828.40,7831.20,7763.25,149.67M,-0.09%
04-01-2016,7791.30,7924.55,7937.55,7781.10,138.86M,-2.16%
01-01-2016,7963.20,7938.45,7972.55,7909.80,64.84M,+0.21%
31-12-2015,7946.35,7897.80,7955.55,7891.15,155.64M,+0.63%
30-12-2015,7896.25,7938.60,7944.75,7889.85,110.15M,-0.41%
29-12-2015,7928.95,7929.20,7942.15,7902.75,116.54M,+0.05%
28-12-2015,7925.15,7863.20,7937.20,7863.00,126.74M,+0.82%
24-12-2015,7861.05,7888.75,7888.75,7835.50,96.37M,-0.06%
23-12-2015,7865.95,7830.45,7871.45,7826.10,121.48M,+1.03%
22-12-2015,7786.10,7829.40,7846.30,7776.85,129.63M,-0.62%
21-12-2015,7834.45,7745.65,7840.75,7733.45,130.17M,+0.93%
18-12-2015,7761.95,7828.90,7836.15,7753.35,197.32M,-1.05%
17-12-2015,7844.35,7783.05,7852.90,7737.55,181.26M,+1.21%
16-12-2015,7750.90,7725.25,7776.60,7715.75,159.15M,+0.65%
15-12-2015,7700.90,7659.15,7705.00,7625.10,138.48M,+0.66%
14-12-2015,7650.05,7558.20,7663.95,7551.05,153.49M,+0.52%
11-12-2015,7610.45,7699.60,7703.05,7575.30,173.00M,-0.95%
10-12-2015,7683.30,7643.30,7691.95,7610.00,145.25M,+0.93%
09-12-2015,7612.50,7695.50,7702.85,7606.90,144.32M,-1.16%
08-12-2015,7701.70,7738.50,7771.25,7685.45,139.32M,-0.82%
07-12-2015,7765.40,7816.55,7825.40,7746.05,141.89M,-0.21%
04-12-2015,7781.90,7817.60,7821.40,7775.70,157.23M,-1.05%
03-12-2015,7864.15,7902.30,7912.30,7853.30,129.63M,-0.85%
02-12-2015,7931.35,7976.70,7979.30,7910.80,130.21M,-0.30%
01-12-2015,7954.90,7958.15,7972.15,7934.15,142.94M,+0.25%
30-11-2015,7935.25,7936.25,7966.00,7922.80,223.04M,-0.09%
27-11-2015,7942.70,7910.60,7959.30,7879.45,154.86M,+0.75%
26-11-2015,7883.80,7837.15,7897.10,7832.00,226.63M,+0.67%
24-11-2015,7831.60,7837.00,7870.35,7812.65,134.56M,-0.22%
23-11-2015,7849.25,7869.50,7877.50,7825.20,130.87M,-0.09%
20-11-2015,7856.55,7841.90,7906.95,7817.80,156.61M,+0.18%
19-11-2015,7842.75,7788.50,7854.90,7765.45,136.70M,+1.43%
18-11-2015,7731.80,7823.15,7843.40,7725.05,148.04M,-1.35%
17-11-2015,7837.55,7848.75,7860.45,7793.00,149.45M,+0.40%
16-11-2015,7806.60,7732.95,7838.85,7714.15,154.14M,+0.57%
13-11-2015,7762.25,7762.45,7775.10,7730.90,165.88M,-0.80%
11-11-2015,7825.00,7838.80,7847.95,7819.10,223.80M,+0.54%
10-11-2015,7783.35,7877.60,7885.10,7772.85,170.27M,-1.67%
09-11-2015,7915.20,7788.25,7937.75,7771.70,218.42M,-0.49%
06-11-2015,7954.30,7956.55,8002.65,7926.15,226.33M,-0.01%
05-11-2015,7955.45,8030.35,8031.20,7944.10,136.22M,-1.05%
04-11-2015,8040.20,8104.90,8116.10,8027.30,125.94M,-0.25%
03-11-2015,8060.70,8086.35,8100.35,8031.75,136.62M,+0.12%
02-11-2015,8050.80,8054.55,8060.70,7995.60,140.32M,-0.19%
30-10-2015,8065.80,8123.55,8146.10,8044.40,205.66M,-0.57%
29-10-2015,8111.75,8175.45,8179.60,8098.00,224.23M,-0.73%
28-10-2015,8171.20,8188.90,8209.10,8131.80,194.71M,-0.75%
27-10-2015,8232.90,8230.35,8241.95,8217.05,161.49M,-0.33%
26-10-2015,8260.55,8333.65,8336.30,8252.05,138.01M,-0.42%
23-10-2015,8295.45,8308.25,8328.10,8280.75,156.66M,+0.53%
21-10-2015,8251.70,8258.35,8294.40,8217.15,149.27M,-0.12%
20-10-2015,8261.65,8280.30,8294.05,8229.20,159.95M,-0.16%
19-10-2015,8275.05,8262.55,8283.05,8239.20,128.30M,+0.45%
16-10-2015,8238.15,8193.65,8246.40,8147.65,161.15M,+0.72%
15-10-2015,8179.50,8134.35,8190.55,8129.80,172.43M,+0.88%
14-10-2015,8107.90,8102.40,8139.30,8096.35,143.16M,-0.29%
13-10-2015,8131.70,8121.95,8150.25,8088.60,150.43M,-0.15%
12-10-2015,8143.60,8231.50,8244.50,8128.20,205.26M,-0.56%
09-10-2015,8189.70,8186.35,8232.20,8139.65,205.86M,+0.74%
08-10-2015,8129.35,8196.75,8196.75,8105.85,177.03M,-0.59%
07-10-2015,8177.40,8146.20,8188.90,8132.90,199.91M,+0.30%
06-10-2015,8152.90,8180.45,8180.95,8096.50,184.04M,+0.41%
05-10-2015,8119.30,8005.10,8128.90,8005.10,188.83M,+2.12%
01-10-2015,7950.90,7992.05,8008.25,7930.65,161.81M,+0.03%
30-09-2015,7948.90,7924.25,7957.70,7874.50,217.19M,+1.35%
29-09-2015,7843.30,7725.70,7926.55,7691.20,248.11M,+0.61%
28-09-2015,7795.70,7892.80,7893.95,7787.95,140.48M,-0.93%
24-09-2015,7868.50,7838.40,7894.50,7804.10,208.77M,+0.29%
23-09-2015,7845.95,7737.35,7882.90,7723.25,151.20M,+0.43%
22-09-2015,7812.00,8014.80,8021.60,7787.75,173.57M,-2.07%
21-09-2015,7977.10,7911.50,7987.90,7908.35,125.63M,-0.06%
18-09-2015,7981.90,7967.45,8055.00,7955.85,249.31M,+1.05%
16-09-2015,7899.15,7886.85,7913.90,7853.30,144.33M,+0.89%
15-09-2015,7829.10,7867.35,7880.00,7799.75,140.72M,-0.55%
14-09-2015,7872.25,7811.10,7879.95,7761.85,126.63M,+1.06%
11-09-2015,7789.30,7833.80,7864.85,7759.90,140.58M,+0.02%
10-09-2015,7788.10,7729.05,7819.85,7678.50,165.31M,-0.39%
09-09-2015,7818.60,7805.85,7846.05,7764.55,214.84M,+1.70%
08-09-2015,7688.25,7587.70,7720.90,7539.50,177.52M,+1.71%
07-09-2015,7558.80,7685.85,7705.05,7545.90,145.76M,-1.26%
04-09-2015,7655.05,7803.40,7804.90,7626.85,199.57M,-2.15%
03-09-2015,7823.00,7774.45,7845.60,7754.05,160.61M,+1.37%
02-09-2015,7717.00,7856.65,7862.55,7699.25,222.00M,-0.88%
01-09-2015,7785.85,7907.95,7929.10,7746.50,190.58M,-2.33%
31-08-2015,7971.30,8009.25,8043.60,7947.95,204.26M,-0.38%
28-08-2015,8001.95,8053.70,8091.80,7961.65,201.57M,+0.67%
27-08-2015,7948.95,7921.60,7963.60,7862.30,314.42M,+2.02%
26-08-2015,7791.85,7865.25,7930.05,7777.10,223.26M,-1.13%
25-08-2015,7880.70,7895.40,7925.40,7667.25,308.26M,+0.92%
24-08-2015,7809.00,8055.95,8060.05,7769.40,322.10M,-5.92%
21-08-2015,8299.95,8305.40,8322.20,8225.05,207.54M,-0.87%
20-08-2015,8372.75,8471.05,8501.35,8359.75,189.84M,-1.44%
19-08-2015,8495.15,8468.05,8520.45,8425.95,134.51M,+0.34%
18-08-2015,8466.55,8505.85,8525.75,8433.60,157.99M,-0.13%
17-08-2015,8477.30,8530.50,8530.60,8428.05,180.08M,-0.48%
14-08-2015,8518.55,8402.35,8530.10,8381.20,160.68M,+1.95%
13-08-2015,8355.85,8384.45,8429.50,8339.75,195.08M,+0.08%
12-08-2015,8349.45,8445.70,8446.95,8337.95,195.90M,-1.33%
11-08-2015,8462.35,8548.45,8556.25,8441.30,159.19M,-0.74%
10-08-2015,8525.60,8577.00,8621.55,8497.80,127.20M,-0.46%
07-08-2015,8564.60,8580.80,8595.95,8552.70,148.07M,-0.28%
06-08-2015,8588.65,8585.80,8606.30,8551.50,139.12M,+0.24%
05-08-2015,8567.95,8547.45,8591.85,8545.85,136.95M,+0.60%
04-08-2015,8516.90,8564.10,8565.15,8448.25,193.23M,-0.31%
03-08-2015,8543.05,8510.65,8563.95,8508.10,161.49M,+0.12%
31-07-2015,8532.85,8456.10,8548.95,8448.00,209.63M,+1.32%
30-07-2015,8421.80,8417.00,8458.90,8408.30,221.94M,+0.56%
29-07-2015,8375.05,8365.60,8381.50,8338.45,145.40M,+0.46%
28-07-2015,8337.00,8371.10,8397.40,8321.75,179.98M,-0.29%
27-07-2015,8361.00,8492.10,8492.20,8351.55,140.83M,-1.88%
24-07-2015,8521.55,8588.15,8589.15,8513.50,131.35M,-0.79%
23-07-2015,8589.80,8643.95,8654.75,8573.80,136.96M,-0.51%
22-07-2015,8633.50,8512.25,8643.90,8498.65,141.02M,+1.22%
21-07-2015,8529.45,8601.50,8646.75,8517.90,169.15M,-0.86%
20-07-2015,8603.45,8623.90,8624.10,8559.00,93.44M,-0.07%
17-07-2015,8609.85,8623.65,8642.95,8593.15,108.19M,+0.02%
16-07-2015,8608.05,8546.15,8616.10,8542.90,119.64M,+0.99%
15-07-2015,8523.80,8463.40,8531.40,8462.95,108.84M,+0.82%
14-07-2015,8454.10,8470.60,8480.25,8424.10,104.89M,-0.07%
13-07-2015,8459.65,8397.25,8471.65,8355.40,121.38M,+1.19%
10-07-2015,8360.55,8365.70,8377.10,8315.40,158.88M,+0.38%
09-07-2015,8328.55,8364.85,8400.30,8323.00,135.36M,-0.41%
08-07-2015,8363.05,8439.20,8457.50,8341.40,193.89M,-1.74%
07-07-2015,8510.80,8525.50,8561.35,8483.85,126.04M,-0.13%
06-07-2015,8522.15,8386.15,8533.15,8386.15,104.58M,+0.44%
03-07-2015,8484.90,8440.10,8497.75,8424.15,91.14M,+0.47%
02-07-2015,8444.90,8471.95,8479.25,8433.20,115.47M,-0.10%
01-07-2015,8453.05,8376.25,8481.60,8370.15,135.89M,+1.01%
30-06-2015,8368.50,8316.35,8378.00,8298.95,163.37M,+0.60%
29-06-2015,8318.40,8247.05,8329.45,8195.65,136.11M,-0.75%
26-06-2015,8381.10,8393.95,8408.55,8339.70,113.96M,-0.20%
25-06-2015,8398.00,8336.25,8423.15,8329.50,207.42M,+0.44%
24-06-2015,8360.85,8399.40,8421.35,8338.90,134.06M,-0.25%
23-06-2015,8381.55,8377.45,8398.45,8334.95,135.84M,+0.34%
22-06-2015,8353.10,8259.30,8369.45,8257.40,126.54M,+1.56%
19-06-2015,8224.95,8201.15,8250.80,8195.65,151.58M,+0.62%
18-06-2015,8174.60,8113.70,8186.90,8101.80,149.27M,+1.03%
17-06-2015,8091.55,8084.20,8136.85,8048.95,157.21M,+0.55%
16-06-2015,8047.30,8004.20,8061.85,7952.35,127.81M,+0.42%
15-06-2015,8013.90,7986.60,8057.70,7944.85,137.12M,+0.39%
12-06-2015,7982.90,7959.85,7995.60,7940.30,140.84M,+0.22%
11-06-2015,7965.35,8157.30,8163.05,7958.25,171.35M,-1.96%
10-06-2015,8124.45,8024.15,8152.25,8023.80,141.03M,+1.27%
09-06-2015,8022.40,8026.50,8057.15,8005.15,140.22M,-0.27%
08-06-2015,8044.15,8124.35,8131.00,8030.55,140.08M,-0.87%
05-06-2015,8114.70,8119.15,8191.00,8100.15,167.06M,-0.20%
04-06-2015,8130.65,8155.15,8160.05,8056.75,159.47M,-0.05%
03-06-2015,8135.10,8232.45,8236.70,8094.15,176.66M,-1.23%
02-06-2015,8236.45,8442.80,8445.35,8226.05,151.34M,-2.34%
01-06-2015,8433.40,8417.25,8467.15,8405.40,125.99M,0.00%
29-05-2015,8433.65,8327.10,8443.90,8305.70,375.23M,+1.38%
28-05-2015,8319.00,8345.70,8364.50,8270.15,239.55M,-0.19%
27-05-2015,8334.60,8302.75,8342.85,8277.95,170.58M,-0.06%
26-05-2015,8339.35,8377.10,8378.90,8320.05,120.43M,-0.37%
25-05-2015,8370.25,8438.15,8441.95,8364.15,125.05M,-1.05%
22-05-2015,8458.95,8432.50,8489.55,8420.60,193.08M,+0.45%
21-05-2015,8421.00,8434.50,8446.35,8382.50,148.19M,-0.03%
20-05-2015,8423.25,8392.65,8440.35,8391.45,127.39M,+0.69%
19-05-2015,8365.65,8356.20,8427.80,8335.00,144.64M,-0.10%
18-05-2015,8373.65,8284.95,8384.60,8271.95,153.34M,+1.35%
15-05-2015,8262.35,8240.30,8279.20,8212.20,133.84M,+0.46%
14-05-2015,8224.20,8232.45,8236.25,8137.30,138.96M,-0.14%
13-05-2015,8235.45,8181.55,8254.95,8089.80,175.02M,+1.34%
12-05-2015,8126.95,8326.15,8326.65,8115.30,178.75M,-2.38%
11-05-2015,8325.25,8243.20,8332.75,8224.65,197.88M,+1.63%
08-05-2015,8191.50,8131.50,8224.95,8123.45,188.78M,+1.67%
07-05-2015,8057.30,8077.00,8122.60,7997.15,166.56M,-0.49%
06-05-2015,8097.00,8316.60,8331.95,8083.00,216.09M,-2.74%
05-05-2015,8324.80,8338.40,8355.65,8280.60,160.34M,-0.09%
04-05-2015,8331.95,8230.05,8346.00,8220.45,135.76M,+1.84%
30-04-2015,8181.50,8224.50,8229.40,8144.75,276.02M,-0.71%
29-04-2015,8239.75,8274.80,8308.20,8219.20,165.36M,-0.55%
28-04-2015,8285.60,8215.55,8308.00,8185.15,179.97M,+0.87%
27-04-2015,8213.80,8330.55,8334.45,8202.35,176.84M,-1.10%
24-04-2015,8305.25,8405.70,8413.30,8273.35,178.99M,-1.11%
23-04-2015,8398.30,8478.20,8504.95,8361.85,160.80M,-0.37%
22-04-2015,8429.70,8400.40,8449.95,8284.70,177.13M,+0.62%
21-04-2015,8377.75,8416.10,8469.35,8352.70,420.43M,-0.83%
20-04-2015,8448.10,8618.80,8619.95,8422.75,153.51M,-1.83%
17-04-2015,8606.00,8698.05,8699.85,8596.70,154.98M,-1.16%
16-04-2015,8706.70,8757.05,8760.00,8645.65,147.27M,-0.50%
15-04-2015,8750.20,8844.75,8844.80,8722.40,168.58M,-0.95%
13-04-2015,8834.00,8801.75,8841.65,8762.10,125.37M,+0.61%
10-04-2015,8780.35,8774.35,8787.40,8733.60,143.29M,+0.02%
09-04-2015,8778.30,8756.20,8785.50,8682.45,157.41M,+0.73%
08-04-2015,8714.40,8698.95,8730.50,8679.80,152.80M,+0.62%
07-04-2015,8660.30,8684.45,8693.60,8586.85,153.26M,0.00%
06-04-2015,8659.90,8615.80,8667.55,8573.75,151.38M,+0.86%
01-04-2015,8586.25,8483.70,8603.40,8464.75,129.45M,+1.12%
31-03-2015,8491.00,8527.60,8550.45,8454.15,172.36M,-0.02%
30-03-2015,8492.30,8390.95,8504.55,8380.75,138.88M,+1.81%
27-03-2015,8341.40,8396.00,8413.20,8269.15,198.98M,-0.01%
26-03-2015,8342.15,8474.95,8499.45,8325.35,288.76M,-2.21%
25-03-2015,8530.80,8568.90,8573.75,8516.55,165.95M,-0.14%
24-03-2015,8542.95,8537.05,8627.75,8535.85,161.46M,-0.09%
23-03-2015,8550.90,8591.55,8608.35,8540.55,155.43M,-0.23%
20-03-2015,8570.90,8627.90,8627.90,8553.00,179.98M,-0.74%
19-03-2015,8634.65,8749.45,8788.20,8614.65,168.63M,-0.59%
18-03-2015,8685.90,8742.90,8747.25,8664.00,161.15M,-0.43%
17-03-2015,8723.30,8689.10,8742.55,8630.80,182.50M,+1.04%
16-03-2015,8633.15,8656.75,8663.55,8612.00,168.44M,-0.17%
13-03-2015,8647.75,8844.05,8849.75,8631.75,184.67M,-1.46%
12-03-2015,8776.00,8740.65,8787.20,8732.90,179.34M,+0.87%
11-03-2015,8699.95,8728.75,8755.60,8682.35,178.05M,-0.14%
10-03-2015,8712.05,8769.75,8778.00,8677.35,168.92M,-0.51%
09-03-2015,8756.75,8891.15,8891.30,8740.45,160.33M,-2.03%
05-03-2015,8937.75,8929.40,8957.55,8849.35,165.08M,+0.17%
04-03-2015,8922.65,9109.15,9119.20,8893.95,256.06M,-0.82%
03-03-2015,8996.25,8962.85,9008.40,8925.55,183.25M,+0.44%
02-03-2015,8956.75,8953.85,8972.35,8885.45,224.77M,+0.62%
28-02-2015,8901.85,8913.05,8941.10,8751.35,246.45M,+0.65%
27-02-2015,8844.60,8729.50,8856.95,8717.45,257.23M,+1.85%
26-02-2015,8683.85,8779.00,8786.05,8669.45,224.18M,-0.95%
25-02-2015,8767.25,8801.90,8840.65,8751.40,139.41M,+0.06%
24-02-2015,8762.10,8772.90,8800.50,8726.75,154.37M,+0.08%
23-02-2015,8754.95,8856.85,8869.00,8736.10,143.93M,-0.89%
20-02-2015,8833.60,8895.50,8899.95,8816.30,203.72M,-0.69%
19-02-2015,8895.30,8883.05,8913.45,8794.45,219.87M,+0.30%
18-02-2015,8869.10,8811.55,8894.30,8808.90,152.15M,+0.68%
16-02-2015,8809.35,8831.40,8870.10,8793.40,140.64M,+0.04%
13-02-2015,8805.50,8741.50,8822.10,8729.65,228.81M,+1.08%
12-02-2015,8711.55,8676.95,8732.55,8599.25,163.68M,+0.98%
11-02-2015,8627.40,8603.30,8651.95,8593.65,166.56M,+0.72%
10-02-2015,8565.55,8478.10,8646.25,8470.50,202.30M,+0.46%
09-02-2015,8526.35,8584.40,8605.55,8516.35,151.33M,-1.56%
06-02-2015,8661.05,8696.85,8726.20,8645.55,176.55M,-0.58%
05-02-2015,8711.70,8733.10,8838.45,8683.65,179.01M,-0.14%
04-02-2015,8723.70,8789.15,8792.85,8704.40,201.25M,-0.38%
03-02-2015,8756.55,8823.15,8837.30,8726.65,208.67M,-0.46%
02-02-2015,8797.40,8802.50,8840.80,8751.10,216.56M,-0.13%
30-01-2015,8808.90,8996.60,8996.60,8775.10,275.59M,-1.60%
29-01-2015,8952.35,8901.50,8966.65,8861.25,264.25M,+0.43%
28-01-2015,8914.30,8902.75,8985.05,8874.05,190.81M,+0.04%
27-01-2015,8910.50,8871.35,8925.05,8825.45,192.01M,+0.85%
23-01-2015,8835.60,8827.95,8866.40,8795.40,197.12M,+0.85%
22-01-2015,8761.40,8745.85,8774.15,8727.00,180.91M,+0.37%
21-01-2015,8729.50,8719.65,8741.85,8689.60,191.65M,+0.39%
20-01-2015,8695.60,8575.10,8707.90,8574.50,158.71M,+1.69%
19-01-2015,8550.70,8550.05,8570.95,8531.50,129.35M,+0.43%
16-01-2015,8513.80,8504.05,8530.75,8452.25,181.37M,+0.23%
15-01-2015,8494.15,8424.50,8527.10,8380.55,232.14M,+2.62%
14-01-2015,8277.55,8307.25,8326.45,8236.65,150.62M,-0.26%
13-01-2015,8299.40,8346.15,8356.65,8267.90,129.56M,-0.28%
12-01-2015,8323.00,8291.35,8332.60,8245.60,103.15M,+0.46%
09-01-2015,8284.50,8285.45,8303.30,8190.80,152.61M,+0.61%
08-01-2015,8234.60,8191.40,8243.50,8167.30,143.80M,+1.64%
07-01-2015,8102.10,8118.65,8151.20,8065.45,164.08M,-0.31%
06-01-2015,8127.35,8325.30,8327.85,8111.35,172.80M,-3.00%
05-01-2015,8378.40,8407.95,8445.60,8363.90,118.16M,-0.20%
02-01-2015,8395.45,8288.70,8410.60,8288.70,101.89M,+1.35%
01-01-2015,8284.00,8272.80,8294.70,8248.75,56.56M,+0.02%
31-12-2014,8282.70,8243.90,8291.00,8243.75,84.53M,+0.42%
30-12-2014,8248.25,8260.30,8268.25,8220.55,77.70M,+0.02%
29-12-2014,8246.30,8214.70,8279.15,8214.70,82.09M,+0.56%
26-12-2014,8200.70,8204.80,8234.55,8147.95,75.53M,+0.33%
24-12-2014,8174.10,8272.05,8286.40,8155.25,221.91M,-1.12%
23-12-2014,8267.00,8324.60,8364.75,8252.85,132.19M,-0.68%
22-12-2014,8324.00,8255.00,8330.95,8228.20,139.16M,+1.20%
19-12-2014,8225.20,8230.45,8263.45,8208.60,174.80M,+0.81%
18-12-2014,8159.30,8138.90,8174.30,8084.90,162.11M,+1.61%
17-12-2014,8029.80,8041.20,8082.00,7961.35,216.22M,-0.47%
16-12-2014,8067.60,8172.60,8189.35,8052.60,197.34M,-1.85%
15-12-2014,8219.60,8160.75,8242.40,8152.50,137.14M,-0.05%
12-12-2014,8224.10,8302.00,8321.90,8216.30,138.08M,-0.83%
11-12-2014,8292.90,8338.85,8348.30,8272.40,133.86M,-0.75%
10-12-2014,8355.65,8318.05,8376.80,8317.00,136.66M,+0.18%
09-12-2014,8340.70,8439.30,8444.50,8330.50,146.27M,-1.16%
08-12-2014,8438.25,8538.65,8546.35,8432.25,163.82M,-1.17%
05-12-2014,8538.30,8584.25,8588.35,8523.90,143.35M,-0.30%
04-12-2014,8564.40,8582.40,8626.95,8526.40,143.48M,+0.31%
03-12-2014,8537.65,8528.70,8546.95,8508.35,153.20M,+0.15%
02-12-2014,8524.70,8535.45,8560.20,8504.65,137.39M,-0.36%
01-12-2014,8555.90,8605.10,8623.00,8545.15,151.99M,-0.38%
28-11-2014,8588.25,8516.80,8617.00,8516.25,197.22M,+1.11%
27-11-2014,8494.20,8477.80,8506.75,8456.35,194.30M,+0.22%
26-11-2014,8475.75,8450.30,8500.30,8438.65,151.92M,+0.15%
25-11-2014,8463.10,8530.80,8535.35,8429.45,271.91M,-0.79%
24-11-2014,8530.15,8490.95,8534.65,8490.80,140.66M,+0.62%
21-11-2014,8477.35,8408.20,8489.80,8398.60,137.02M,+0.90%
20-11-2014,8401.90,8406.50,8410.85,8353.15,122.78M,+0.23%
19-11-2014,8382.30,8440.65,8455.65,8360.50,125.40M,-0.52%
18-11-2014,8425.90,8441.25,8454.50,8407.25,134.68M,-0.06%
17-11-2014,8430.75,8378.40,8438.10,8349.10,113.88M,+0.49%
14-11-2014,8389.90,8360.70,8400.65,8346.80,146.77M,+0.38%
13-11-2014,8357.85,8405.25,8408.00,8320.35,127.36M,-0.30%
12-11-2014,8383.30,8378.90,8415.05,8370.50,125.24M,+0.25%
11-11-2014,8362.65,8354.10,8378.70,8321.85,122.01M,+0.22%
10-11-2014,8344.25,8337.80,8383.05,8304.45,130.75M,+0.09%
07-11-2014,8337.00,8331.85,8360.35,8290.25,153.43M,-0.02%
05-11-2014,8338.30,8351.25,8365.55,8323.50,161.62M,+0.17%
03-11-2014,8324.15,8348.15,8350.60,8297.65,141.09M,+0.02%
31-10-2014,8322.20,8200.80,8330.75,8198.05,176.16M,+1.87%
30-10-2014,8169.20,8085.20,8181.55,8085.20,205.67M,+0.97%
29-10-2014,8090.45,8077.05,8097.95,8052.25,148.31M,+0.78%
28-10-2014,8027.60,8002.40,8037.80,7995.05,124.06M,+0.45%
27-10-2014,7991.70,8064.35,8064.40,7985.65,132.83M,-0.29%
23-10-2014,8014.55,8027.70,8031.75,8008.85,19.64M,+0.23%
22-10-2014,7995.90,7997.80,8005.00,7974.55,151.10M,+0.86%
21-10-2014,7927.75,7906.15,7936.60,7874.35,163.40M,+0.61%
20-10-2014,7879.40,7896.95,7905.95,7856.95,176.17M,+1.28%
17-10-2014,7779.70,7733.75,7819.20,7723.85,177.62M,+0.41%
16-10-2014,7748.20,7837.30,7893.90,7729.65,213.53M,-1.47%
14-10-2014,7864.00,7923.25,7928.00,7825.45,225.47M,-0.26%
13-10-2014,7884.25,7831.00,7901.15,7796.00,118.78M,+0.31%
10-10-2014,7859.95,7911.00,7924.05,7848.45,142.93M,-1.26%
09-10-2014,7960.55,7886.50,7972.35,7886.50,123.77M,+1.50%
08-10-2014,7842.70,7828.75,7869.90,7815.75,135.91M,-0.12%
07-10-2014,7852.40,7897.40,7943.05,7842.70,148.20M,-1.17%
01-10-2014,7945.55,7960.50,7977.50,7936.70,113.00M,-0.24%
30-09-2014,7964.80,7948.80,8030.90,7923.85,141.14M,+0.07%
29-09-2014,7958.90,7978.45,7991.75,7934.70,97.27M,-0.12%
26-09-2014,7968.85,7885.85,7993.30,7841.80,147.84M,+0.72%
25-09-2014,7911.85,8003.30,8019.30,7877.35,231.90M,-1.13%
24-09-2014,8002.40,8015.55,8042.05,7950.05,182.21M,-0.19%
23-09-2014,8017.55,8144.40,8159.75,8008.10,140.78M,-1.58%
22-09-2014,8146.30,8084.45,8159.90,8064.80,105.51M,+0.31%
19-09-2014,8121.45,8129.40,8160.90,8105.35,161.28M,+0.08%
18-09-2014,8114.75,7950.65,8120.85,7939.70,116.93M,+1.75%
17-09-2014,7975.50,7971.50,7990.65,7936.95,123.72M,+0.54%
16-09-2014,7932.90,8036.60,8044.90,7925.15,127.95M,-1.36%
15-09-2014,8042.00,8070.35,8077.30,8030.00,96.50M,-0.78%
12-09-2014,8105.50,8087.05,8114.30,8071.60,111.44M,+0.24%
11-09-2014,8085.70,8115.15,8127.95,8057.30,122.82M,-0.10%
10-09-2014,8094.10,8135.55,8135.75,8082.10,107.06M,-0.72%
09-09-2014,8152.95,8161.90,8174.55,8126.50,104.74M,-0.26%
08-09-2014,8173.90,8132.95,8180.20,8126.15,120.69M,+1.08%
05-09-2014,8086.85,8099.90,8122.70,8049.85,125.98M,-0.11%
04-09-2014,8095.95,8114.20,8114.80,8060.90,141.28M,-0.23%
03-09-2014,8114.60,8110.85,8141.90,8092.25,150.73M,+0.39%
02-09-2014,8083.05,8038.60,8101.95,8036.55,134.90M,+0.69%
01-09-2014,8027.70,7990.35,8035.00,7984.00,139.33M,+0.92%
28-08-2014,7954.35,7942.25,7967.80,7939.20,189.70M,+0.23%
27-08-2014,7936.05,7933.90,7946.85,7916.55,119.96M,+0.40%
26-08-2014,7904.75,7874.50,7915.45,7862.45,142.83M,-0.02%
25-08-2014,7906.30,7931.75,7968.25,7897.95,118.47M,-0.09%
22-08-2014,7913.20,7904.55,7929.05,7900.05,104.08M,+0.28%
21-08-2014,7891.10,7875.35,7919.65,7855.95,115.22M,+0.20%
20-08-2014,7875.30,7915.80,7922.70,7864.05,117.32M,-0.28%
19-08-2014,7897.50,7901.00,7918.55,7881.15,140.62M,+0.30%
18-08-2014,7874.25,7785.25,7880.50,7779.20,126.74M,+1.06%
14-08-2014,7791.70,7756.15,7796.70,7739.10,127.33M,+0.67%
13-08-2014,7739.55,7717.30,7757.10,7695.70,154.08M,+0.16%
12-08-2014,7727.05,7688.80,7735.75,7654.80,120.61M,+1.33%
11-08-2014,7625.95,7619.85,7635.55,7598.60,106.97M,+0.76%
08-08-2014,7568.55,7588.70,7592.45,7540.10,118.43M,-1.06%
07-08-2014,7649.25,7651.15,7708.95,7630.40,116.79M,-0.30%
06-08-2014,7672.05,7726.15,7740.95,7658.95,116.36M,-0.96%
05-08-2014,7746.55,7706.65,7752.45,7638.05,128.24M,+0.82%
04-08-2014,7683.65,7639.55,7694.80,7622.05,137.04M,+1.07%
01-08-2014,7602.60,7662.50,7716.70,7593.90,181.07M,-1.54%
31-07-2014,7721.30,7784.65,7791.85,7711.15,208.86M,-0.90%
30-07-2014,7791.40,7746.20,7798.70,7707.60,178.11M,+0.55%
28-07-2014,7748.70,7792.90,7799.90,7722.65,116.54M,-0.54%
25-07-2014,7790.45,7828.20,7840.95,7748.60,153.94M,-0.51%
24-07-2014,7830.60,7796.25,7835.65,7771.65,117.61M,+0.45%
23-07-2014,7795.75,7794.90,7809.20,7752.90,122.12M,+0.36%
22-07-2014,7767.85,7708.20,7773.85,7704.80,120.08M,+1.09%
21-07-2014,7684.20,7701.65,7722.10,7674.00,105.40M,+0.26%
18-07-2014,7663.90,7630.25,7685.00,7595.50,134.60M,+0.31%
17-07-2014,7640.45,7612.70,7655.65,7612.70,141.61M,+0.21%
16-07-2014,7624.40,7564.15,7640.10,7532.45,167.97M,+1.30%
15-07-2014,7526.65,7491.30,7534.90,7459.15,122.07M,+0.97%
14-07-2014,7454.15,7469.00,7478.45,7422.15,135.23M,-0.07%
11-07-2014,7459.60,7584.10,7625.85,7447.20,187.59M,-1.43%
10-07-2014,7567.75,7589.50,7731.05,7479.05,258.39M,-0.23%
09-07-2014,7585.00,7637.95,7650.10,7551.65,168.35M,-0.50%
08-07-2014,7623.20,7804.05,7808.85,7595.90,180.65M,-2.11%
07-07-2014,7787.15,7780.40,7792.00,7755.10,173.93M,+0.46%
04-07-2014,7751.60,7718.10,7758.00,7661.30,113.07M,+0.48%
03-07-2014,7714.80,7734.35,7754.65,7706.80,133.76M,-0.13%
02-07-2014,7725.15,7683.05,7732.40,7677.30,136.32M,+1.18%
01-07-2014,7634.70,7629.00,7649.50,7618.15,139.43M,+0.31%
30-06-2014,7611.35,7534.05,7623.65,7531.60,152.30M,+1.37%
27-06-2014,7508.80,7514.20,7538.75,7482.30,126.67M,+0.21%
26-06-2014,7493.20,7554.10,7570.20,7481.30,171.68M,-1.00%
25-06-2014,7569.25,7588.55,7589.25,7557.05,114.97M,-0.14%
24-06-2014,7580.20,7515.20,7593.35,7515.20,137.00M,+1.16%
23-06-2014,7493.35,7514.00,7534.80,7441.60,127.41M,-0.24%
20-06-2014,7511.45,7543.30,7560.55,7497.30,124.13M,-0.39%
19-06-2014,7540.70,7580.05,7606.45,7502.55,148.85M,-0.23%
18-06-2014,7558.20,7636.05,7663.00,7515.50,165.08M,-0.96%
17-06-2014,7631.70,7525.05,7637.60,7509.25,157.96M,+1.30%
16-06-2014,7533.55,7534.80,7548.60,7487.55,155.38M,-0.11%
13-06-2014,7542.10,7668.20,7678.50,7525.35,174.52M,-1.41%
12-06-2014,7649.90,7641.30,7658.00,7593.80,148.21M,+0.30%
11-06-2014,7626.85,7672.40,7700.05,7589.05,186.18M,-0.39%
10-06-2014,7656.40,7679.05,7683.20,7579.30,188.67M,+0.02%
09-06-2014,7654.60,7621.65,7673.70,7580.25,231.88M,+0.94%
06-06-2014,7583.40,7521.50,7592.70,7497.65,248.40M,+1.46%
05-06-2014,7474.10,7399.75,7484.70,7360.50,250.66M,+0.97%
04-06-2014,7402.25,7417.55,7433.30,7391.35,204.59M,-0.18%
03-06-2014,7415.85,7375.35,7424.95,7342.15,234.68M,+0.72%
02-06-2014,7362.50,7264.05,7368.60,7239.50,169.89M,+1.83%
30-05-2014,7229.95,7254.85,7272.50,7118.45,312.15M,-0.08%
29-05-2014,7235.65,7316.60,7325.40,7224.40,241.12M,-1.28%
28-05-2014,7329.65,7324.95,7344.75,7302.60,175.60M,+0.16%
27-05-2014,7318.00,7363.10,7372.95,7274.75,168.60M,-0.56%
26-05-2014,7359.05,7428.75,7504.00,7269.05,273.24M,-0.11%
23-05-2014,7367.10,7306.50,7381.00,7293.90,259.64M,+1.25%
22-05-2014,7276.40,7289.95,7319.55,7258.15,240.94M,+0.32%
21-05-2014,7252.90,7274.85,7287.15,7206.70,203.14M,-0.31%
20-05-2014,7275.50,7309.95,7353.65,7247.70,255.33M,+0.16%
19-05-2014,7263.55,7276.85,7291.10,7193.55,316.25M,+0.84%
16-05-2014,7203.00,7270.20,7563.50,7130.65,393.16M,+1.12%
15-05-2014,7123.15,7111.30,7152.55,7082.55,186.85M,+0.20%
14-05-2014,7108.75,7112.00,7142.25,7080.90,177.20M,0.00%
13-05-2014,7108.75,7080.00,7172.35,7067.15,232.22M,+1.35%
12-05-2014,7014.25,6863.40,7020.05,6862.90,157.72M,+2.27%
09-05-2014,6858.80,6654.15,6871.35,6652.15,166.44M,+2.99%
08-05-2014,6659.85,6669.90,6688.40,6638.55,101.55M,+0.11%
07-05-2014,6652.55,6708.60,6718.75,6642.90,114.10M,-0.93%
06-05-2014,6715.30,6719.25,6743.45,6701.90,88.29M,+0.24%
05-05-2014,6699.35,6681.65,6741.05,6680.45,104.99M,+0.07%
02-05-2014,6694.80,6709.95,6737.65,6689.50,114.28M,-0.02%
30-04-2014,6696.40,6724.95,6780.15,6656.80,161.11M,-0.28%
29-04-2014,6715.25,6769.00,6779.70,6708.65,115.51M,-0.68%
28-04-2014,6761.25,6778.55,6786.25,6750.30,118.16M,-0.32%
25-04-2014,6782.75,6855.80,6869.85,6772.85,154.32M,-0.85%
23-04-2014,6840.80,6823.25,6861.60,6820.75,182.97M,+0.37%
22-04-2014,6815.35,6822.90,6838.00,6806.25,114.69M,-0.03%
21-04-2014,6817.65,6789.25,6825.45,6786.90,111.84M,+0.56%
17-04-2014,6779.40,6695.45,6783.05,6684.40,131.49M,+1.56%
16-04-2014,6675.30,6727.25,6748.65,6665.15,119.77M,-0.86%
15-04-2014,6733.10,6792.70,6813.40,6711.75,123.20M,-0.64%
11-04-2014,6776.30,6758.35,6789.35,6743.15,140.74M,-0.30%
10-04-2014,6796.40,6803.05,6819.05,6777.30,191.13M,0.00%
09-04-2014,6796.20,6722.00,6808.70,6705.10,169.80M,+1.51%
07-04-2014,6695.05,6694.25,6725.15,6650.40,133.95M,+0.01%
04-04-2014,6694.35,6741.85,6741.85,6685.15,155.13M,-0.62%
03-04-2014,6736.10,6772.05,6776.75,6696.90,197.55M,-0.24%
02-04-2014,6752.55,6757.60,6763.50,6723.60,173.34M,+0.47%
01-04-2014,6721.05,6729.50,6732.25,6675.45,177.84M,+0.25%
31-03-2014,6704.20,6723.15,6730.05,6662.40,220.62M,+0.12%
28-03-2014,6695.90,6673.05,6702.60,6643.80,184.82M,+0.82%
27-03-2014,6641.75,6613.10,6673.95,6599.50,312.38M,+0.61%
26-03-2014,6601.40,6615.65,6627.45,6580.60,186.57M,+0.18%
25-03-2014,6589.75,6550.10,6595.55,6544.85,168.12M,+0.09%
24-03-2014,6583.50,6510.50,6591.50,6510.50,158.40M,+1.36%
22-03-2014,6494.90,6497.80,6502.65,6481.35,9.77M,+0.03%
21-03-2014,6493.20,6515.20,6522.90,6485.70,189.85M,+0.16%
20-03-2014,6483.10,6508.35,6523.65,6473.25,141.98M,-0.63%
19-03-2014,6524.05,6530.00,6541.20,6506.00,172.46M,+0.11%
18-03-2014,6516.65,6532.45,6574.95,6497.65,179.31M,+0.19%
14-03-2014,6504.20,6447.25,6518.45,6432.70,177.34M,+0.17%
13-03-2014,6493.10,6491.75,6561.45,6476.65,167.86M,-0.37%
12-03-2014,6516.90,6497.50,6546.15,6487.30,174.98M,+0.08%
11-03-2014,6511.90,6537.35,6562.85,6494.25,239.00M,-0.39%
10-03-2014,6537.25,6491.70,6562.20,6487.35,242.14M,+0.16%
07-03-2014,6526.65,6413.95,6537.80,6413.55,284.92M,+1.96%
06-03-2014,6401.15,6344.75,6406.60,6339.70,180.73M,+1.15%
05-03-2014,6328.65,6328.45,6336.25,6287.80,160.30M,+0.49%
04-03-2014,6297.95,6216.75,6302.15,6215.70,166.82M,+1.23%
03-03-2014,6221.45,6264.35,6277.75,6212.25,144.56M,-0.88%
28-02-2014,6276.95,6228.45,6282.70,6228.10,180.60M,+0.61%
26-02-2014,6238.80,6202.45,6245.95,6202.10,181.66M,+0.62%
25-02-2014,6200.05,6205.70,6216.85,6176.60,146.26M,+0.23%
24-02-2014,6186.10,6140.95,6191.85,6130.80,144.88M,+0.50%
21-02-2014,6155.45,6108.30,6159.65,6108.00,112.60M,+1.05%
20-02-2014,6091.45,6127.15,6129.10,6086.45,132.11M,-1.00%
19-02-2014,6152.75,6132.05,6160.35,6125.75,95.25M,+0.42%
18-02-2014,6127.10,6071.30,6141.70,6066.80,126.64M,+0.89%
17-02-2014,6073.30,6057.10,6080.65,6038.30,108.49M,+0.41%
14-02-2014,6048.35,6023.75,6056.40,5984.60,140.20M,+0.79%
13-02-2014,6001.10,6087.55,6094.40,5991.10,153.65M,-1.36%
12-02-2014,6084.00,6085.35,6106.60,6077.40,138.55M,+0.35%
11-02-2014,6062.70,6072.45,6081.85,6053.25,150.52M,+0.15%
10-02-2014,6053.45,6072.80,6083.05,6046.40,133.07M,-0.16%
07-02-2014,6063.20,6077.65,6079.95,6030.90,181.93M,+0.45%
06-02-2014,6036.30,6028.35,6048.35,5965.40,185.50M,+0.23%
05-02-2014,6022.40,6004.25,6028.05,5962.05,166.63M,+0.36%
04-02-2014,6000.90,5947.60,6017.80,5933.30,183.25M,-0.01%
03-02-2014,6001.80,6058.80,6074.85,5994.45,134.89M,-1.44%
31-01-2014,6089.50,6082.75,6097.85,6067.35,146.71M,+0.26%
30-01-2014,6073.70,6067.00,6082.85,6027.25,208.06M,-0.76%
29-01-2014,6120.25,6161.00,6170.45,6109.80,146.73M,-0.10%
28-01-2014,6126.25,6131.85,6163.60,6085.95,184.11M,-0.16%
27-01-2014,6135.85,6186.30,6188.55,6130.25,190.44M,-2.09%
24-01-2014,6266.75,6301.65,6331.45,6263.90,160.27M,-1.24%
23-01-2014,6345.65,6325.95,6355.60,6316.40,120.06M,+0.11%
22-01-2014,6338.95,6309.05,6349.95,6287.45,137.49M,+0.40%
21-01-2014,6313.80,6320.15,6330.30,6297.90,141.73M,+0.16%
20-01-2014,6303.95,6261.75,6307.45,6243.35,122.14M,+0.68%
17-01-2014,6261.65,6306.25,6327.10,6246.35,167.72M,-0.91%
16-01-2014,6318.90,6341.35,6346.50,6299.85,153.42M,-0.03%
15-01-2014,6320.90,6265.95,6325.20,6265.30,145.92M,+1.27%
14-01-2014,6241.85,6260.25,6280.35,6234.15,110.23M,-0.49%
13-01-2014,6272.75,6189.55,6288.20,6189.55,135.01M,+1.64%
10-01-2014,6171.45,6178.85,6239.10,6139.60,159.92M,+0.05%
09-01-2014,6168.35,6181.70,6188.05,6148.25,150.06M,-0.10%
08-01-2014,6174.60,6178.05,6192.10,6160.35,146.91M,+0.20%
07-01-2014,6162.25,6203.90,6221.50,6144.75,138.56M,-0.47%
06-01-2014,6191.45,6220.85,6224.70,6170.25,118.35M,-0.32%
03-01-2014,6211.15,6194.55,6221.70,6171.25,139.04M,-0.16%
02-01-2014,6221.15,6301.25,6358.30,6211.30,158.13M,-1.28%
01-01-2014,6301.65,6323.80,6327.20,6298.25,69.57M,-0.04%
31-12-2013,6304.00,6307.35,6317.30,6287.30,103.44M,+0.21%
30-12-2013,6291.10,6336.40,6344.05,6273.15,101.27M,-0.36%
27-12-2013,6313.80,6292.80,6324.90,6289.40,96.87M,+0.56%
26-12-2013,6278.90,6270.10,6302.75,6259.45,182.31M,+0.17%
24-12-2013,6268.40,6296.45,6301.50,6262.00,107.64M,-0.26%
23-12-2013,6284.50,6267.20,6317.50,6266.95,131.19M,+0.16%
20-12-2013,6274.25,6179.95,6284.50,6170.35,171.97M,+1.74%
19-12-2013,6166.65,6253.90,6263.75,6150.70,437.04M,-0.81%
18-12-2013,6217.15,6129.95,6236.00,6129.95,243.25M,+1.27%
17-12-2013,6139.05,6178.20,6190.55,6133.00,154.18M,-0.25%
16-12-2013,6154.70,6168.35,6183.25,6146.05,146.45M,-0.22%
13-12-2013,6168.40,6201.30,6208.60,6161.40,169.65M,-1.10%
12-12-2013,6237.05,6276.75,6286.85,6230.55,148.53M,-1.12%
11-12-2013,6307.90,6307.20,6326.60,6280.25,148.20M,-0.39%
10-12-2013,6332.85,6354.70,6362.25,6307.55,242.41M,-0.49%
09-12-2013,6363.90,6415.00,6415.25,6345.00,198.29M,+1.66%
06-12-2013,6259.90,6234.40,6275.35,6230.75,158.54M,+0.30%
05-12-2013,6241.10,6262.45,6300.55,6232.00,186.06M,+1.30%
04-12-2013,6160.95,6187.95,6209.15,6149.90,186.17M,-0.66%
03-12-2013,6201.85,6204.25,6225.40,6191.40,156.85M,-0.26%
02-12-2013,6217.85,6171.15,6228.70,6171.15,145.95M,+0.68%
29-11-2013,6176.10,6103.90,6182.50,6103.80,190.71M,+1.38%
28-11-2013,6091.85,6092.00,6112.95,6068.30,195.32M,+0.57%
27-11-2013,6057.10,6062.70,6074.00,6030.30,124.88M,-0.03%
26-11-2013,6059.10,6099.25,6112.70,6047.75,150.66M,-0.92%
25-11-2013,6115.35,6035.95,6123.50,6035.95,127.20M,+2.00%
22-11-2013,5995.45,6027.35,6049.60,5972.80,134.76M,-0.06%
21-11-2013,5999.05,6096.50,6097.35,5985.40,137.23M,-2.02%
20-11-2013,6122.90,6186.85,6204.35,6106.95,155.80M,-1.30%
19-11-2013,6203.35,6197.25,6212.40,6180.20,161.51M,+0.23%
18-11-2013,6189.00,6111.05,6196.80,6110.40,163.99M,+2.19%
14-11-2013,6056.15,6037.00,6101.65,6036.65,154.91M,+1.11%
13-11-2013,5989.60,5998.85,6042.25,5972.45,162.54M,-0.47%
12-11-2013,6018.05,6087.25,6108.70,6011.75,153.81M,-1.00%
11-11-2013,6078.80,6110.40,6141.65,6067.75,146.06M,-1.01%
08-11-2013,6140.75,6170.15,6185.15,6120.95,150.05M,-0.75%
07-11-2013,6187.25,6228.90,6288.95,6180.80,168.83M,-0.45%
06-11-2013,6215.15,6260.55,6269.70,6208.70,157.08M,-0.61%
05-11-2013,6253.15,6282.15,6304.75,6244.30,181.05M,-1.14%
03-11-2013,6324.95,6332.05,6342.95,6319.25,9.36M,+0.28%
01-11-2013,6307.20,6289.75,6332.60,6286.95,191.64M,+0.13%
31-10-2013,6299.15,6237.15,6309.05,6235.90,239.61M,+0.76%
30-10-2013,6251.70,6230.80,6269.20,6222.60,177.58M,+0.50%
29-10-2013,6220.90,6107.55,6228.05,6079.20,197.35M,+1.96%
28-10-2013,6101.10,6155.10,6168.75,6094.10,146.34M,-0.71%
25-10-2013,6144.90,6154.00,6174.75,6125.95,144.53M,-0.32%
24-10-2013,6164.35,6162.80,6252.45,6142.95,148.91M,-0.23%
23-10-2013,6178.35,6209.55,6217.95,6116.60,188.28M,-0.39%
22-10-2013,6202.80,6192.30,6220.10,6181.80,161.94M,-0.03%
21-10-2013,6204.95,6202.00,6218.95,6163.30,196.99M,+0.25%
18-10-2013,6189.35,6070.90,6201.45,6070.90,250.34M,+2.37%
17-10-2013,6045.85,6098.50,6110.75,6032.55,230.56M,-0.71%
15-10-2013,6089.05,6147.55,6156.30,6056.55,218.30M,-0.39%
14-10-2013,6112.70,6093.00,6124.10,6082.90,142.17M,+0.27%
11-10-2013,6096.20,6104.85,6107.60,6046.40,180.83M,+1.25%
10-10-2013,6020.95,6001.05,6033.95,5979.80,159.61M,+0.22%
09-10-2013,6007.45,5893.25,6015.50,5877.10,192.04M,+1.33%
08-10-2013,5928.40,5975.00,5981.70,5913.00,158.53M,+0.38%
07-10-2013,5906.15,5889.05,5912.00,5825.85,156.39M,-0.02%
04-10-2013,5907.30,5891.30,5950.45,5885.00,191.47M,-0.04%
03-10-2013,5909.70,5819.10,5917.60,5802.70,199.79M,+2.24%
01-10-2013,5780.05,5756.10,5786.45,5700.95,159.25M,+0.78%
30-09-2013,5735.30,5801.05,5810.20,5718.50,155.68M,-1.68%
27-09-2013,5833.20,5905.55,5909.20,5819.30,163.07M,-0.83%
26-09-2013,5882.25,5872.80,5917.65,5864.10,220.59M,+0.14%
25-09-2013,5873.85,5901.55,5910.55,5811.10,200.16M,-0.32%
24-09-2013,5892.45,5855.00,5938.40,5854.55,187.58M,+0.05%
23-09-2013,5889.75,5945.80,5989.40,5871.40,188.32M,-2.04%
20-09-2013,6012.10,6104.55,6130.95,5932.85,318.64M,-1.69%
19-09-2013,6115.55,6044.15,6142.50,6040.15,287.19M,+3.66%
18-09-2013,5899.45,5872.75,5916.90,5840.20,153.58M,+0.84%
17-09-2013,5850.20,5824.20,5857.80,5804.90,157.94M,+0.17%
16-09-2013,5840.55,5930.30,5957.25,5798.15,219.46M,-0.17%
13-09-2013,5850.60,5828.00,5884.30,5822.90,190.77M,0.00%
12-09-2013,5850.70,5931.15,5932.00,5815.80,272.99M,-1.06%
11-09-2013,5913.15,5887.25,5924.35,5832.70,265.01M,+0.28%
10-09-2013,5896.75,5738.50,5904.85,5738.20,275.24M,+3.81%
06-09-2013,5680.40,5617.45,5688.60,5566.15,253.03M,+1.56%
05-09-2013,5592.95,5553.75,5625.75,5552.70,274.94M,+2.66%
04-09-2013,5448.10,5358.65,5460.25,5318.90,237.23M,+2.00%
03-09-2013,5341.45,5574.70,5580.95,5323.75,250.30M,-3.77%
02-09-2013,5550.75,5480.25,5564.90,5478.85,214.23M,+1.44%
30-08-2013,5471.80,5407.45,5493.30,5360.20,336.40M,+1.16%
29-08-2013,5409.05,5316.50,5428.90,5303.00,326.50M,+2.35%
28-08-2013,5285.00,5233.45,5317.70,5118.85,335.99M,-0.05%
27-08-2013,5287.45,5426.50,5427.40,5274.25,306.04M,-3.45%
26-08-2013,5476.50,5499.40,5528.70,5454.45,242.00M,+0.09%
23-08-2013,5471.75,5428.75,5478.80,5377.80,251.51M,+1.17%
22-08-2013,5408.45,5282.80,5418.95,5254.05,284.47M,+2.00%
21-08-2013,5302.55,5494.45,5504.10,5268.45,255.00M,-1.83%
20-08-2013,5401.45,5353.45,5417.80,5306.35,261.05M,-0.25%
19-08-2013,5414.75,5497.55,5499.65,5360.65,219.67M,-1.69%
16-08-2013,5507.85,5705.45,5716.60,5496.05,248.09M,-4.08%
14-08-2013,5742.30,5715.40,5754.55,5690.20,223.66M,+0.75%
13-08-2013,5699.30,5600.25,5704.75,5578.90,223.00M,+1.55%
12-08-2013,5612.40,5606.70,5644.10,5557.10,195.71M,+0.84%
08-08-2013,5565.65,5510.05,5577.60,5510.05,204.92M,+0.84%
07-08-2013,5519.10,5549.30,5561.45,5486.85,245.01M,-0.42%
06-08-2013,5542.25,5664.90,5664.90,5521.80,216.23M,-2.52%
05-08-2013,5685.40,5682.40,5721.00,5661.50,197.17M,+0.13%
02-08-2013,5677.90,5750.05,5761.85,5649.00,222.49M,-0.87%
01-08-2013,5727.85,5776.90,5808.50,5676.85,216.76M,-0.25%
31-07-2013,5742.00,5738.35,5752.10,5675.75,235.47M,-0.23%
30-07-2013,5755.05,5836.05,5861.30,5747.60,181.49M,-1.31%
29-07-2013,5831.65,5869.95,5886.00,5825.80,173.43M,-0.93%
26-07-2013,5886.20,5937.95,5944.50,5869.50,174.54M,-0.36%
25-07-2013,5907.50,5970.40,5990.65,5896.40,237.08M,-1.39%
24-07-2013,5990.50,6032.20,6047.25,5962.60,151.93M,-1.44%
23-07-2013,6077.80,6064.30,6093.35,6061.30,126.47M,+0.76%
22-07-2013,6031.80,6009.75,6064.15,6004.25,115.17M,+0.04%
19-07-2013,6029.20,6057.20,6066.85,6020.25,163.31M,-0.15%
18-07-2013,6038.05,5984.70,6051.10,5974.55,171.73M,+1.08%
17-07-2013,5973.30,5972.25,5989.80,5926.75,191.52M,+0.30%
16-07-2013,5955.25,5930.80,5966.05,5910.95,151.16M,-1.25%
15-07-2013,6030.80,5991.20,6038.20,5980.95,116.28M,+0.36%
12-07-2013,6009.00,6000.50,6019.00,5951.15,127.71M,+1.25%
11-07-2013,5935.10,5894.50,5948.85,5887.95,120.20M,+2.04%
10-07-2013,5816.70,5869.90,5879.35,5802.85,117.52M,-0.72%
09-07-2013,5859.00,5834.60,5864.95,5834.60,110.43M,+0.82%
08-07-2013,5811.55,5833.15,5833.85,5775.55,127.63M,-0.96%
05-07-2013,5867.90,5889.95,5900.45,5858.45,123.59M,+0.53%
04-07-2013,5836.95,5794.75,5848.20,5786.05,151.93M,+1.14%
03-07-2013,5770.90,5811.95,5815.00,5760.40,160.52M,-1.48%
02-07-2013,5857.55,5885.50,5898.80,5852.30,145.72M,-0.70%
01-07-2013,5898.85,5834.10,5904.35,5822.20,144.79M,+0.97%
28-06-2013,5842.20,5749.50,5852.95,5749.50,214.40M,+2.81%
27-06-2013,5682.35,5647.95,5699.35,5630.95,239.03M,+1.68%
26-06-2013,5588.70,5627.95,5635.25,5579.35,160.10M,-0.36%
25-06-2013,5609.10,5606.95,5666.25,5570.25,196.57M,+0.34%
24-06-2013,5590.25,5638.05,5640.00,5566.25,193.49M,-1.37%
21-06-2013,5667.65,5639.90,5686.15,5616.85,182.41M,+0.21%
20-06-2013,5655.90,5754.15,5755.00,5645.65,198.40M,-2.86%
19-06-2013,5822.25,5805.75,5828.40,5777.90,115.54M,+0.15%
18-06-2013,5813.60,5841.90,5863.40,5804.30,117.54M,-0.62%
17-06-2013,5850.05,5820.40,5854.90,5770.25,107.16M,+0.72%
14-06-2013,5808.40,5748.95,5819.40,5739.40,124.41M,+1.92%
13-06-2013,5699.10,5709.35,5729.85,5683.10,142.04M,-1.06%
12-06-2013,5760.20,5771.75,5792.90,5738.60,140.39M,-0.49%
11-06-2013,5788.80,5848.75,5868.05,5780.35,180.90M,-1.52%
10-06-2013,5878.00,5907.90,5931.65,5857.40,100.13M,-0.05%
07-06-2013,5881.00,5900.05,5972.70,5871.30,118.35M,-0.68%
06-06-2013,5921.40,5895.00,5956.55,5869.50,114.18M,-0.04%
05-06-2013,5923.85,5908.30,5935.20,5883.70,110.22M,+0.07%
04-06-2013,5919.45,5941.10,5981.60,5910.25,114.45M,-0.33%
03-06-2013,5939.30,5997.35,6011.00,5916.35,112.12M,-0.78%
31-05-2013,5985.95,6098.70,6106.25,5975.55,175.31M,-2.26%
30-05-2013,6124.05,6072.15,6133.75,6072.15,194.09M,+0.32%
29-05-2013,6104.30,6120.45,6125.05,6069.80,120.21M,-0.11%
28-05-2013,6111.25,6086.35,6127.65,6055.40,139.67M,+0.46%
27-05-2013,6083.15,5989.40,6099.90,5975.55,115.12M,+1.66%
24-05-2013,5983.55,6010.70,6015.30,5936.80,161.62M,+0.28%
23-05-2013,5967.05,6050.40,6081.45,5955.70,198.93M,-2.09%
22-05-2013,6094.50,6127.05,6147.60,6074.45,133.76M,-0.32%
21-05-2013,6114.10,6152.35,6180.25,6102.35,130.59M,-0.70%
20-05-2013,6156.90,6198.00,6229.45,6146.05,122.25M,-0.49%
17-05-2013,6187.30,6172.95,6199.95,6146.15,147.28M,+0.28%
16-05-2013,6169.90,6128.25,6187.30,6128.25,158.64M,+0.38%
15-05-2013,6146.75,6018.85,6157.10,6018.85,153.89M,+2.52%
14-05-2013,5995.40,5989.70,6026.20,5970.05,119.27M,+0.25%
13-05-2013,5980.45,6098.20,6104.95,5972.90,107.95M,-2.08%
11-05-2013,6107.25,6088.20,6114.55,6084.15,7.99M,+0.21%
10-05-2013,6094.75,6046.25,6105.30,6045.60,111.35M,+0.74%
09-05-2013,6050.15,6078.35,6084.70,6040.45,110.00M,-0.32%
08-05-2013,6069.30,6064.15,6083.55,6024.95,122.28M,+0.43%
07-05-2013,6043.55,5983.45,6050.50,5982.95,136.37M,+1.21%
06-05-2013,5971.05,5944.90,5976.50,5928.45,110.17M,+0.46%
03-05-2013,5944.00,5993.50,6000.30,5930.15,145.75M,-0.92%
02-05-2013,5999.35,5911.40,6019.45,5910.95,162.38M,+1.17%
30-04-2013,5930.20,5932.60,5962.30,5867.80,153.19M,+0.44%
29-04-2013,5904.10,5877.60,5918.65,5868.80,118.88M,+0.56%
26-04-2013,5871.45,5899.75,5907.05,5860.50,141.31M,-0.76%
25-04-2013,5916.30,5856.10,5924.60,5853.30,199.60M,+1.36%
23-04-2013,5836.90,5843.10,5844.30,5791.55,132.22M,+0.04%
22-04-2013,5834.40,5789.85,5844.85,5789.80,135.10M,+0.89%
18-04-2013,5783.10,5682.70,5794.35,5681.85,149.88M,+1.66%
17-04-2013,5688.70,5708.65,5732.15,5669.00,154.58M,0.00%
16-04-2013,5688.95,5562.45,5699.25,5555.85,142.68M,+2.16%
15-04-2013,5568.40,5508.50,5592.85,5500.30,142.92M,+0.72%
12-04-2013,5528.55,5520.70,5544.50,5494.90,127.32M,-1.17%
11-04-2013,5594.00,5601.65,5610.65,5542.85,146.83M,+0.64%
10-04-2013,5558.70,5536.25,5569.25,5477.20,128.56M,+1.16%
09-04-2013,5495.10,5568.75,5603.05,5487.00,138.18M,-0.86%
08-04-2013,5542.95,5550.50,5569.20,5537.05,97.02M,-0.19%
05-04-2013,5553.25,5568.10,5577.30,5534.70,137.46M,-0.39%
04-04-2013,5574.75,5640.65,5644.45,5565.65,134.59M,-1.73%
03-04-2013,5672.90,5740.20,5744.95,5650.10,140.71M,-1.31%
02-04-2013,5748.10,5701.70,5754.60,5687.15,106.42M,+0.77%
01-04-2013,5704.40,5697.35,5720.95,5675.90,97.78M,+0.38%
28-03-2013,5682.55,5647.75,5692.95,5604.85,209.66M,+0.73%
26-03-2013,5641.60,5613.75,5655.30,5612.05,126.50M,+0.14%
25-03-2013,5633.85,5707.30,5718.40,5624.40,150.39M,-0.31%
22-03-2013,5651.35,5659.80,5691.45,5631.80,165.29M,-0.13%
21-03-2013,5658.75,5705.90,5757.75,5647.95,179.18M,-0.63%
20-03-2013,5694.40,5740.55,5745.30,5682.30,187.62M,-0.90%
19-03-2013,5745.95,5859.50,5863.60,5724.30,182.31M,-1.53%
18-03-2013,5835.25,5816.75,5850.20,5814.35,102.66M,-0.64%
15-03-2013,5872.60,5914.90,5945.65,5861.00,152.16M,-0.62%
14-03-2013,5908.95,5845.95,5920.15,5791.75,149.01M,+0.99%
13-03-2013,5851.20,5884.80,5893.85,5842.25,116.71M,-1.06%
12-03-2013,5914.10,5944.60,5952.00,5893.65,115.94M,-0.48%
11-03-2013,5942.35,5946.10,5971.20,5930.35,125.39M,-0.06%
08-03-2013,5945.70,5883.65,5952.85,5883.00,150.78M,+1.41%
07-03-2013,5863.30,5801.30,5878.00,5801.30,134.68M,+0.77%
06-03-2013,5818.60,5816.40,5828.70,5795.05,156.90M,+0.59%
05-03-2013,5784.25,5722.45,5790.10,5722.40,154.41M,+1.50%
04-03-2013,5698.50,5704.70,5712.00,5663.60,144.89M,-0.37%
01-03-2013,5719.70,5702.45,5739.45,5679.90,174.52M,+0.47%
28-02-2013,5693.05,5834.35,5849.90,5671.90,334.85M,-1.79%
27-02-2013,5796.90,5784.90,5818.20,5749.70,175.17M,+0.62%
26-02-2013,5761.35,5838.30,5838.85,5748.60,157.36M,-1.60%
25-02-2013,5854.75,5870.55,5878.40,5825.00,125.13M,+0.08%
22-02-2013,5850.30,5837.95,5873.80,5835.80,157.05M,-0.03%
21-02-2013,5852.25,5909.65,5921.15,5844.40,159.40M,-1.53%
20-02-2013,5943.05,5966.30,5971.00,5937.55,135.35M,+0.06%
19-02-2013,5939.70,5900.20,5947.55,5883.15,100.99M,+0.70%
18-02-2013,5898.20,5888.65,5911.00,5878.45,114.28M,+0.18%
15-02-2013,5887.40,5869.95,5899.95,5853.90,125.09M,-0.16%
14-02-2013,5896.95,5933.20,5940.20,5884.55,143.83M,-0.61%
13-02-2013,5932.95,5943.15,5969.50,5922.95,142.64M,+0.18%
12-02-2013,5922.50,5894.35,5927.65,5886.45,142.84M,+0.42%
11-02-2013,5897.85,5920.05,5924.15,5879.10,121.96M,-0.10%
08-02-2013,5903.50,5929.10,5953.70,5883.65,192.61M,-0.59%
07-02-2013,5938.80,5936.45,5978.50,5927.60,157.65M,-0.34%
06-02-2013,5959.20,5988.05,5990.90,5953.15,157.82M,+0.04%
05-02-2013,5956.90,5948.20,5970.35,5946.90,136.23M,-0.51%
04-02-2013,5987.25,6025.20,6038.50,5981.25,141.74M,-0.19%
01-02-2013,5998.90,6040.95,6052.95,5983.20,159.27M,-0.59%
31-01-2013,6034.75,6045.65,6058.05,6025.15,168.52M,-0.35%
30-01-2013,6055.75,6065.00,6071.95,6044.15,124.22M,+0.10%
29-01-2013,6049.90,6064.70,6111.80,6042.45,157.55M,-0.41%
28-01-2013,6074.80,6082.10,6088.40,6061.40,113.11M,0.00%
25-01-2013,6074.65,6024.50,6080.55,6014.45,147.59M,+0.92%
24-01-2013,6019.35,6046.20,6065.30,6007.85,185.21M,-0.58%
23-01-2013,6054.30,6052.85,6069.80,6021.15,136.99M,+0.10%
22-01-2013,6048.50,6080.15,6101.30,6040.50,129.04M,-0.56%
21-01-2013,6082.30,6085.75,6094.35,6065.10,130.87M,+0.30%
18-01-2013,6064.40,6059.85,6083.40,6048.30,186.46M,+0.42%
17-01-2013,6039.20,6001.25,6053.20,5988.10,178.96M,+0.62%
16-01-2013,6001.85,6049.00,6055.95,5992.05,128.99M,-0.90%
15-01-2013,6056.60,6037.85,6068.50,6018.60,138.36M,+0.54%
14-01-2013,6024.05,5967.20,6036.90,5962.15,134.71M,+1.22%
11-01-2013,5951.30,6012.40,6018.85,5940.60,128.02M,-0.29%
10-01-2013,5968.65,5998.80,6005.15,5947.30,129.77M,-0.05%
09-01-2013,5971.50,6006.20,6020.10,5958.45,129.64M,-0.50%
08-01-2013,6001.70,5983.45,6007.05,5964.40,109.94M,+0.22%
07-01-2013,5988.40,6042.15,6042.15,5977.15,110.25M,-0.46%
04-01-2013,6016.15,6011.95,6020.75,5981.55,113.23M,+0.11%
03-01-2013,6009.50,6015.80,6017.00,5986.55,99.99M,+0.27%
02-01-2013,5993.25,5982.60,6006.05,5982.00,116.06M,+0.71%
01-01-2013,5950.85,5937.65,5963.90,5935.20,77.90M,+0.77%
31-12-2012,5905.10,5901.20,5919.00,5897.15,64.81M,-0.06%
28-12-2012,5908.35,5887.15,5915.75,5879.50,89.67M,+0.65%
27-12-2012,5870.10,5930.20,5930.80,5864.70,139.61M,-0.60%
26-12-2012,5905.60,5864.95,5917.30,5859.55,83.87M,+0.85%
24-12-2012,5855.75,5869.00,5871.90,5844.70,85.34M,+0.14%
21-12-2012,5847.70,5888.00,5888.00,5841.65,141.15M,-1.16%
20-12-2012,5916.40,5934.45,5937.60,5881.45,123.91M,-0.22%
19-12-2012,5929.60,5917.30,5939.40,5910.80,149.44M,+0.56%
18-12-2012,5896.80,5873.60,5905.80,5823.15,148.91M,+0.66%
17-12-2012,5857.90,5860.50,5886.05,5850.15,109.55M,-0.37%
14-12-2012,5879.60,5846.90,5886.10,5839.15,115.16M,+0.48%
13-12-2012,5851.50,5900.35,5907.45,5841.35,136.62M,-0.62%
12-12-2012,5888.00,5917.80,5924.60,5874.25,132.67M,-0.18%
11-12-2012,5898.80,5923.80,5965.15,5865.45,137.42M,-0.17%
10-12-2012,5908.90,5916.05,5919.95,5888.10,95.98M,+0.03%
07-12-2012,5907.40,5934.00,5949.85,5888.65,127.61M,-0.40%
06-12-2012,5930.90,5926.30,5942.55,5838.90,140.27M,+0.52%
05-12-2012,5900.50,5906.60,5917.80,5891.35,139.65M,+0.19%
04-12-2012,5889.25,5866.80,5894.95,5859.00,131.02M,+0.31%
03-12-2012,5870.95,5878.25,5899.15,5854.60,113.42M,-0.15%
30-11-2012,5879.85,5836.00,5885.25,5827.85,257.05M,+0.94%
29-11-2012,5825.00,5736.70,5833.50,5736.10,207.30M,+1.70%
27-11-2012,5727.45,5658.50,5733.20,5658.00,134.41M,+1.62%
26-11-2012,5635.90,5648.65,5649.20,5623.45,79.29M,+0.17%
23-11-2012,5626.60,5635.45,5637.75,5593.55,85.08M,-0.02%
22-11-2012,5627.75,5628.60,5643.35,5608.00,94.06M,+0.23%
21-11-2012,5614.80,5582.50,5620.20,5561.40,105.15M,+0.78%
20-11-2012,5571.55,5604.80,5613.70,5548.35,107.48M,0.00%
19-11-2012,5571.40,5577.30,5592.75,5549.25,106.99M,-0.05%
16-11-2012,5574.05,5624.80,5650.15,5559.80,121.90M,-1.01%
15-11-2012,5631.00,5650.35,5651.65,5603.55,133.98M,-0.63%
13-11-2012,5666.95,5689.70,5698.25,5660.35,16.52M,-0.29%
12-11-2012,5683.70,5688.45,5718.90,5665.75,92.70M,-0.04%
09-11-2012,5686.25,5731.10,5751.70,5677.75,98.76M,-0.91%
08-11-2012,5738.75,5709.00,5744.50,5693.95,117.59M,-0.37%
07-11-2012,5760.10,5718.60,5777.30,5711.40,133.74M,+0.62%
06-11-2012,5724.40,5694.10,5730.80,5693.65,115.02M,+0.35%
05-11-2012,5704.20,5693.05,5709.20,5679.50,74.83M,+0.11%
02-11-2012,5697.70,5696.35,5711.30,5682.55,111.16M,+0.93%
01-11-2012,5645.05,5609.85,5649.75,5601.95,107.39M,+0.45%
31-10-2012,5619.70,5596.75,5624.40,5583.05,112.08M,+0.39%
30-10-2012,5597.90,5656.35,5689.90,5589.90,116.68M,-1.19%
29-10-2012,5665.60,5665.20,5698.30,5645.10,93.56M,+0.02%
26-10-2012,5664.30,5683.55,5697.20,5641.75,101.66M,-0.72%
25-10-2012,5705.30,5688.80,5718.75,5685.70,158.34M,+0.24%
23-10-2012,5691.40,5715.65,5720.80,5681.45,81.50M,-0.45%
22-10-2012,5717.15,5667.60,5721.55,5658.05,103.37M,+0.58%
19-10-2012,5684.25,5703.30,5711.70,5660.00,124.26M,-0.60%
18-10-2012,5718.70,5675.30,5722.50,5650.55,144.10M,+1.03%
17-10-2012,5660.25,5681.10,5684.35,5633.90,123.97M,+0.22%
16-10-2012,5648.00,5705.60,5714.00,5635.60,117.42M,-0.69%
15-10-2012,5687.25,5674.25,5693.70,5651.05,93.69M,+0.20%
12-10-2012,5676.05,5681.70,5725.00,5659.35,130.08M,-0.56%
11-10-2012,5708.05,5663.50,5721.10,5636.95,148.28M,+0.99%
10-10-2012,5652.15,5671.15,5686.50,5647.05,126.29M,-0.92%
09-10-2012,5704.60,5708.15,5728.65,5677.90,119.30M,+0.50%
08-10-2012,5676.00,5751.85,5751.85,5666.20,142.32M,-1.23%
05-10-2012,5746.95,5815.00,5815.35,4888.20,255.57M,-0.70%
04-10-2012,5787.60,5751.55,5807.25,5751.35,179.19M,+0.98%
03-10-2012,5731.25,5727.70,5743.25,5715.80,173.22M,+0.22%
01-10-2012,5718.80,5704.75,5722.95,5694.00,128.04M,+0.27%
28-09-2012,5703.30,5684.80,5735.15,5683.45,173.26M,+0.95%
27-09-2012,5649.50,5673.75,5693.70,5639.70,238.99M,-0.25%
26-09-2012,5663.45,5653.40,5672.80,5638.65,170.77M,-0.18%
25-09-2012,5673.90,5674.90,5702.70,5652.45,341.39M,+0.08%
24-09-2012,5669.60,5691.95,5709.85,5662.75,210.42M,-0.38%
21-09-2012,5691.15,5577.00,5720.00,5575.45,278.02M,+2.46%
20-09-2012,5554.25,5536.95,5581.35,5534.90,165.68M,-0.82%
18-09-2012,5600.05,5602.40,5620.55,5586.45,175.49M,-0.18%
17-09-2012,5610.00,5631.75,5652.20,5585.15,258.91M,+0.58%
14-09-2012,5577.65,5528.35,5586.65,5526.95,233.78M,+2.62%
13-09-2012,5435.35,5435.20,5447.45,5421.85,110.77M,+0.08%
12-09-2012,5431.00,5404.45,5435.55,5393.95,139.92M,+0.76%
11-09-2012,5390.00,5336.10,5393.35,5332.10,112.88M,+0.50%
10-09-2012,5363.45,5361.90,5375.45,5349.10,109.61M,+0.09%
08-09-2012,5358.70,5343.65,5366.30,5343.45,11.22M,+0.31%
07-09-2012,5342.10,5309.45,5347.15,5309.20,149.58M,+1.98%
06-09-2012,5238.40,5217.65,5260.60,5217.65,134.01M,+0.24%
05-09-2012,5225.70,5243.90,5259.50,5215.70,126.16M,-0.92%
04-09-2012,5274.00,5249.15,5278.35,5233.20,106.32M,+0.39%
03-09-2012,5253.75,5276.50,5295.80,5243.15,110.38M,-0.09%
31-08-2012,5258.50,5298.20,5303.25,5238.90,167.39M,-1.06%
30-08-2012,5315.05,5268.60,5342.80,5255.05,226.49M,+0.52%
29-08-2012,5287.80,5343.85,5345.50,5282.70,157.47M,-0.88%
28-08-2012,5334.60,5348.05,5359.25,5312.60,123.68M,-0.29%
27-08-2012,5350.25,5387.85,5399.15,5346.65,89.99M,-0.68%
24-08-2012,5386.70,5392.60,5399.65,5371.00,114.35M,-0.53%
23-08-2012,5415.35,5426.15,5448.60,5393.85,128.00M,+0.05%
22-08-2012,5412.85,5395.75,5433.35,5394.80,103.10M,-0.15%
21-08-2012,5421.00,5368.70,5425.15,5368.70,124.34M,+1.02%
17-08-2012,5366.30,5368.60,5399.95,5341.70,134.98M,+0.06%
16-08-2012,5362.95,5385.95,5390.65,5356.65,134.00M,-0.32%
14-08-2012,5380.35,5343.25,5387.05,5328.80,109.79M,+0.61%
13-08-2012,5347.90,5316.35,5352.45,5309.05,107.58M,+0.52%
10-08-2012,5320.40,5308.20,5330.10,5294.10,130.09M,-0.05%
09-08-2012,5322.95,5348.30,5368.20,5312.10,181.42M,-0.28%
08-08-2012,5338.00,5345.25,5377.60,5331.05,165.96M,+0.02%
07-08-2012,5336.70,5295.40,5350.10,5281.65,130.43M,+1.03%
06-08-2012,5282.55,5260.85,5293.20,5260.85,103.15M,+1.28%
03-08-2012,5215.70,5195.60,5220.20,5164.65,112.92M,-0.23%
02-08-2012,5227.75,5233.10,5236.90,5209.95,92.97M,-0.24%
01-08-2012,5240.50,5220.70,5246.35,5212.65,113.82M,+0.22%
31-07-2012,5229.00,5214.85,5234.55,5154.05,147.06M,+0.56%
30-07-2012,5199.80,5129.75,5206.60,5129.75,117.52M,+1.96%
27-07-2012,5099.85,5124.30,5149.95,5077.50,131.95M,+1.13%
26-07-2012,5043.00,5126.30,5126.30,5032.40,180.13M,-1.30%
25-07-2012,5109.60,5118.40,5121.60,5076.60,130.97M,-0.36%
24-07-2012,5128.20,5128.80,5144.00,5103.25,116.52M,+0.20%
23-07-2012,5117.95,5163.25,5164.20,5108.10,104.77M,-1.67%
20-07-2012,5205.10,5233.55,5238.70,5197.50,89.73M,-0.72%
19-07-2012,5242.70,5249.85,5257.75,5233.15,109.77M,+0.51%
18-07-2012,5216.30,5199.10,5222.85,5169.05,109.65M,+0.45%
17-07-2012,5192.85,5228.05,5236.70,5181.70,111.77M,-0.08%
16-07-2012,5197.25,5232.35,5246.85,5190.45,106.31M,-0.57%
13-07-2012,5227.25,5242.75,5267.15,5216.85,99.05M,-0.15%
12-07-2012,5235.25,5240.00,5261.75,5217.70,131.19M,-1.34%
11-07-2012,5306.30,5315.25,5336.45,5300.25,113.53M,-0.73%
10-07-2012,5345.35,5286.60,5348.55,5284.55,123.95M,+1.33%
09-07-2012,5275.15,5283.70,5300.60,5257.75,101.17M,-0.79%
06-07-2012,5316.95,5324.70,5327.20,5287.75,113.30M,-0.19%
05-07-2012,5327.30,5297.05,5333.65,5288.85,118.92M,+0.47%
04-07-2012,5302.55,5310.40,5317.65,5273.30,156.00M,+0.28%
03-07-2012,5287.95,5298.85,5317.00,5265.95,133.12M,+0.18%
02-07-2012,5278.60,5283.85,5302.15,5263.35,126.16M,-0.01%
29-06-2012,5278.90,5191.25,5286.25,5189.00,226.52M,+2.52%
28-06-2012,5149.15,5148.95,5159.05,5125.30,143.07M,+0.14%
27-06-2012,5141.90,5149.45,5160.10,5129.25,112.27M,+0.41%
26-06-2012,5120.80,5107.45,5134.55,5095.50,99.41M,+0.12%
25-06-2012,5114.65,5158.50,5194.60,5105.65,123.50M,-0.61%
22-06-2012,5146.05,5101.75,5159.80,5094.00,159.75M,-0.37%
21-06-2012,5165.00,5097.35,5170.40,5093.45,142.99M,+0.87%
20-06-2012,5120.55,5114.55,5141.70,5100.70,160.51M,+0.33%
19-06-2012,5103.85,5050.80,5113.60,5048.10,149.42M,+0.78%
18-06-2012,5064.25,5174.00,5190.20,5041.70,153.46M,-1.46%
15-06-2012,5139.05,5069.55,5146.20,5069.15,155.44M,+1.67%
14-06-2012,5054.75,5105.10,5130.00,5047.60,118.35M,-1.30%
13-06-2012,5121.45,5117.55,5144.90,5095.45,125.67M,+0.11%
12-06-2012,5115.90,5015.50,5128.90,5015.15,135.48M,+1.22%
11-06-2012,5054.10,5096.70,5124.45,5040.70,125.62M,-0.28%
08-06-2012,5068.35,5044.25,5084.45,4994.80,138.39M,+0.37%
07-06-2012,5049.65,5035.35,5059.65,5007.75,150.56M,+1.05%
06-06-2012,4997.10,4886.65,5010.45,4886.15,185.34M,+2.75%
05-06-2012,4863.30,4869.45,4898.95,4847.70,141.48M,+0.31%
04-06-2012,4848.15,4797.30,4858.30,4770.35,152.34M,+0.14%
01-06-2012,4841.60,4910.85,4925.00,4831.75,138.77M,-1.68%
31-05-2012,4924.25,4896.10,4949.25,4883.55,296.91M,-0.54%
30-05-2012,4950.75,4964.25,4982.25,4944.90,146.00M,-0.79%
29-05-2012,4990.10,5005.35,5020.15,4982.15,124.22M,+0.09%
28-05-2012,4985.65,4931.70,4994.95,4931.30,97.26M,+1.33%
25-05-2012,4920.40,4905.95,4935.80,4889.35,118.19M,-0.02%
24-05-2012,4921.40,4863.40,4931.90,4830.15,140.48M,+1.77%
23-05-2012,4835.65,4843.00,4853.75,4803.95,136.11M,-0.51%
22-05-2012,4860.50,4954.70,4956.35,4849.90,130.81M,-0.93%
21-05-2012,4906.05,4888.50,4937.50,4888.50,116.51M,+0.30%
18-05-2012,4891.45,4796.40,4908.50,4788.95,154.51M,+0.44%
17-05-2012,4870.20,4878.60,4922.25,4850.20,155.65M,+0.25%
16-05-2012,4858.25,4875.30,4882.25,4837.05,165.05M,-1.71%
15-05-2012,4942.80,4869.85,4955.20,4868.55,142.12M,+0.71%
14-05-2012,4907.80,4934.35,4957.20,4874.50,126.95M,-0.43%
11-05-2012,4928.90,4938.85,4976.25,4906.15,138.53M,-0.74%
10-05-2012,4965.70,4984.15,5039.30,4950.30,141.03M,-0.18%
09-05-2012,4974.80,4967.90,5016.25,4956.45,180.44M,-0.50%
08-05-2012,4999.95,5114.70,5119.95,4983.60,164.26M,-2.23%
07-05-2012,5114.15,5017.80,5124.75,4988.00,168.27M,+0.54%
04-05-2012,5086.85,5166.65,5177.20,5070.60,153.30M,-1.96%
03-05-2012,5188.40,5211.20,5217.30,5180.65,118.57M,-0.97%
02-05-2012,5239.15,5254.30,5279.60,5226.45,119.33M,-0.17%
30-04-2012,5248.15,5201.45,5262.15,5201.45,108.14M,+1.11%
27-04-2012,5190.60,5189.00,5223.05,5154.30,128.76M,+0.03%
26-04-2012,5189.00,5214.75,5215.60,5179.05,185.90M,-0.25%
25-04-2012,5202.00,5222.20,5236.10,5160.65,142.91M,-0.40%
24-04-2012,5222.65,5215.90,5232.35,5180.35,155.68M,+0.42%
23-04-2012,5200.60,5277.40,5310.55,5187.15,138.04M,-1.71%
20-04-2012,5290.85,5313.95,5336.15,5245.45,135.25M,-0.78%
19-04-2012,5332.40,5320.60,5342.45,5291.30,133.55M,+0.61%
18-04-2012,5300.00,5320.70,5342.00,5293.45,152.74M,+0.19%
17-04-2012,5289.70,5266.60,5298.20,5208.35,178.90M,+1.22%
16-04-2012,5226.20,5190.60,5233.50,5183.50,119.73M,+0.36%
13-04-2012,5207.45,5255.70,5306.75,5185.40,164.23M,-1.32%
12-04-2012,5276.85,5246.75,5290.60,5246.75,152.68M,+0.96%
11-04-2012,5226.85,5209.45,5263.65,5190.80,167.01M,-0.32%
10-04-2012,5243.60,5254.10,5255.80,5211.85,156.11M,+0.18%
09-04-2012,5234.40,5282.50,5287.90,5228.00,111.92M,-1.66%
04-04-2012,5322.90,5328.65,5338.40,5305.30,122.11M,-0.66%
03-04-2012,5358.50,5353.20,5378.75,5344.45,152.50M,+0.76%
02-04-2012,5317.90,5296.35,5331.55,5278.80,134.54M,+0.42%
30-03-2012,5295.55,5206.60,5307.10,5203.65,164.79M,+2.25%
29-03-2012,5178.85,5145.95,5194.30,5135.95,242.56M,-0.31%
28-03-2012,5194.75,5231.70,5236.55,5169.60,145.80M,-0.92%
27-03-2012,5243.15,5242.95,5277.95,5184.65,208.78M,+1.14%
26-03-2012,5184.25,5274.35,5274.95,5174.90,169.79M,-1.78%
23-03-2012,5278.20,5255.65,5312.00,5220.00,172.74M,+0.95%
22-03-2012,5228.45,5361.10,5385.95,5205.65,205.58M,-2.54%
21-03-2012,5364.95,5267.20,5372.35,5256.00,199.79M,+1.71%
20-03-2012,5274.85,5257.15,5297.35,5233.25,181.34M,+0.34%
19-03-2012,5257.05,5337.35,5340.70,5238.55,179.88M,-1.14%
16-03-2012,5317.90,5380.35,5445.65,5305.00,267.52M,-1.16%
15-03-2012,5380.50,5462.50,5462.50,5362.30,160.26M,-1.53%
14-03-2012,5463.90,5490.55,5499.40,5437.80,181.71M,+0.63%
13-03-2012,5429.50,5391.05,5438.65,5390.80,179.96M,+1.31%
12-03-2012,5359.55,5420.10,5421.90,5327.30,176.67M,+0.49%
09-03-2012,5333.55,5294.10,5342.30,5291.60,203.01M,+2.17%
07-03-2012,5220.45,5207.05,5243.85,5171.45,230.73M,-0.04%
06-03-2012,5222.40,5266.00,5382.05,5206.40,290.40M,-1.10%
05-03-2012,5280.35,5342.55,5344.50,5265.70,196.42M,-1.47%
03-03-2012,5359.40,5360.05,5369.60,5353.40,16.77M,0.00%
02-03-2012,5359.35,5369.45,5392.55,5315.05,185.02M,+0.37%
01-03-2012,5339.75,5366.00,5372.45,5297.50,196.87M,-0.84%
29-02-2012,5385.20,5424.95,5458.80,5352.25,226.02M,+0.18%
28-02-2012,5375.50,5310.50,5391.10,5306.45,208.13M,+1.79%
27-02-2012,5281.20,5448.10,5449.80,5268.15,235.32M,-2.73%
24-02-2012,5429.30,5479.15,5521.40,5405.90,364.66M,-0.98%
23-02-2012,5483.30,5490.05,5537.40,5460.80,307.25M,-0.40%
22-02-2012,5505.35,5609.75,5629.95,5491.35,263.01M,-1.82%
21-02-2012,5607.15,5561.90,5621.50,5561.75,231.13M,+0.77%
17-02-2012,5564.30,5574.20,5606.70,5545.20,329.31M,+0.77%
16-02-2012,5521.95,5513.75,5531.40,5483.75,270.06M,-0.18%
15-02-2012,5531.95,5460.60,5542.10,5460.60,314.37M,+2.14%
14-02-2012,5416.05,5380.80,5428.05,5377.95,201.41M,+0.48%
13-02-2012,5390.20,5382.10,5421.05,5351.40,181.56M,+0.16%
10-02-2012,5381.60,5399.80,5427.75,5341.05,225.35M,-0.57%
09-02-2012,5412.35,5343.05,5423.40,5338.90,255.31M,+0.82%
08-02-2012,5368.15,5343.80,5396.90,5325.20,236.14M,+0.62%
07-02-2012,5335.15,5412.95,5413.35,5322.95,181.20M,-0.49%
06-02-2012,5361.65,5379.45,5390.05,5327.25,215.08M,+0.67%
03-02-2012,5325.85,5276.10,5334.85,5255.55,217.36M,+1.06%
02-02-2012,5269.90,5272.10,5289.95,5225.75,337.96M,+0.65%
01-02-2012,5235.70,5198.15,5244.60,5159.00,234.90M,+0.70%
31-01-2012,5199.25,5125.25,5215.40,5120.15,215.77M,+2.20%
30-01-2012,5087.30,5163.55,5166.15,5076.70,181.14M,-2.26%
27-01-2012,5204.70,5216.75,5217.00,5162.40,215.92M,+0.90%
25-01-2012,5158.30,5151.50,5174.15,5130.25,219.18M,+0.60%
24-01-2012,5127.35,5064.80,5141.05,5049.80,202.01M,+1.61%
23-01-2012,5046.25,5025.35,5059.55,5021.35,158.18M,-0.05%
20-01-2012,5048.60,5044.85,5064.15,5004.30,221.05M,+0.60%
19-01-2012,5018.40,4995.00,5023.80,4991.40,203.49M,+1.26%
18-01-2012,4955.80,4977.75,4980.65,4931.05,211.20M,-0.23%
17-01-2012,4967.30,4904.50,4975.55,4904.00,223.00M,+1.92%
16-01-2012,4873.90,4844.00,4880.80,4827.05,160.48M,+0.16%
13-01-2012,4866.00,4861.95,4898.85,4834.20,230.94M,+0.72%
12-01-2012,4831.25,4840.95,4869.20,4803.90,183.07M,-0.61%
11-01-2012,4860.95,4863.15,4877.20,4841.60,209.08M,+0.24%
10-01-2012,4849.55,4771.85,4855.90,4768.25,201.66M,+2.25%
09-01-2012,4742.80,4747.55,4758.70,4695.45,147.54M,-0.09%
07-01-2012,4746.90,4755.60,4759.40,4743.05,187.84M,-0.15%
06-01-2012,4754.10,4724.15,4794.90,4686.85,176.06M,+0.09%
05-01-2012,4749.95,4749.00,4779.80,4730.15,177.86M,+0.01%
04-01-2012,4749.65,4774.95,4782.85,4728.85,165.94M,-0.33%
03-01-2012,4765.30,4675.80,4773.10,4675.80,146.62M,+2.77%
02-01-2012,4636.75,4640.20,4645.95,4588.05,108.46M,+0.27%
30-12-2011,4624.30,4659.95,4690.45,4608.90,113.90M,-0.47%
29-12-2011,4646.25,4681.15,4701.80,4639.05,146.00M,-1.27%
28-12-2011,4705.80,4756.20,4756.20,4685.65,117.46M,-0.94%
27-12-2011,4750.50,4780.20,4800.50,4723.65,104.83M,-0.60%
26-12-2011,4779.00,4718.15,4787.25,4718.15,90.85M,+1.38%
23-12-2011,4714.00,4763.20,4763.45,4693.20,141.98M,-0.42%
22-12-2011,4733.85,4636.90,4740.60,4632.95,170.79M,+0.87%
21-12-2011,4693.15,4636.45,4707.35,4601.95,211.31M,+3.28%
20-12-2011,4544.20,4635.80,4637.25,4531.15,195.30M,-1.49%
19-12-2011,4613.10,4623.15,4623.15,4555.90,176.45M,-0.83%
16-12-2011,4651.60,4752.50,4818.85,4628.20,202.06M,-2.00%
15-12-2011,4746.35,4712.80,4768.65,4673.85,200.32M,-0.35%
14-12-2011,4763.25,4788.70,4839.55,4750.40,176.25M,-0.78%
13-12-2011,4800.60,4733.60,4824.70,4728.50,181.04M,+0.76%
12-12-2011,4764.60,4906.85,4910.25,4755.55,178.34M,-2.10%
09-12-2011,4866.70,4870.75,4918.35,4841.75,173.61M,-1.56%
08-12-2011,4943.65,5037.40,5049.05,4921.45,178.85M,-2.35%
07-12-2011,5062.60,5050.10,5099.25,5032.25,169.43M,+0.47%
05-12-2011,5039.15,5036.50,5055.40,5002.55,137.25M,-0.22%
02-12-2011,5050.15,4940.85,5062.55,4918.40,180.19M,+2.29%
01-12-2011,4936.85,4970.85,5011.90,4916.70,183.92M,+2.17%
30-11-2011,4832.05,4766.15,4851.55,4754.80,282.22M,+0.56%
29-11-2011,4805.10,4864.20,4866.10,4787.10,155.57M,-0.95%
28-11-2011,4851.30,4769.30,4859.10,4766.40,145.26M,+3.00%
25-11-2011,4710.05,4731.30,4767.30,4693.10,162.84M,-0.98%
24-11-2011,4756.45,4707.55,4771.10,4639.10,213.36M,+1.06%
23-11-2011,4706.45,4779.50,4779.50,4640.95,178.82M,-2.20%
22-11-2011,4812.35,4794.85,4854.00,4782.55,174.21M,+0.71%
21-11-2011,4778.35,4873.80,4873.80,4764.80,154.12M,-2.60%
18-11-2011,4905.80,4899.15,4915.90,4837.95,192.27M,-0.59%
17-11-2011,4934.75,5027.10,5036.80,4919.45,149.24M,-1.90%
16-11-2011,5030.45,5059.10,5065.20,4989.50,161.41M,-0.75%
15-11-2011,5068.50,5131.20,5158.75,5052.85,149.59M,-1.55%
14-11-2011,5148.35,5217.35,5228.90,5140.55,134.45M,-0.40%
11-11-2011,5168.85,5159.75,5198.60,5142.25,168.51M,-1.00%
09-11-2011,5221.05,5309.70,5317.50,5211.75,146.43M,-1.29%
08-11-2011,5289.35,5292.25,5304.25,5252.00,120.65M,+0.10%
04-11-2011,5284.20,5325.40,5326.45,5256.80,149.02M,+0.35%
03-11-2011,5265.75,5241.55,5281.60,5201.85,160.28M,+0.14%
02-11-2011,5258.45,5216.75,5300.10,5204.95,144.38M,+0.01%
01-11-2011,5257.95,5278.60,5310.85,5238.30,152.49M,-1.29%
31-10-2011,5326.60,5358.90,5360.25,5314.60,149.48M,-0.64%
28-10-2011,5360.70,5341.90,5399.70,5322.80,246.08M,+3.05%
26-10-2011,5201.80,5214.95,5219.25,5196.15,27.50M,+0.20%
25-10-2011,5191.60,5137.90,5211.00,5085.55,221.08M,+1.83%
24-10-2011,5098.35,5114.70,5145.65,5084.75,126.07M,+0.96%
21-10-2011,5049.95,5106.60,5120.75,5037.95,109.89M,-0.82%
20-10-2011,5091.90,5086.55,5099.00,5033.95,119.33M,-0.92%
19-10-2011,5139.15,5080.45,5148.05,5075.30,117.47M,+2.02%
18-10-2011,5037.50,5049.45,5057.50,5011.05,125.55M,-1.58%
17-10-2011,5118.25,5156.20,5160.20,5084.50,130.46M,-0.27%
14-10-2011,5132.30,5057.35,5141.40,5056.60,157.78M,+1.07%
13-10-2011,5077.85,5130.80,5136.95,5067.65,157.30M,-0.42%
12-10-2011,5099.40,5011.20,5109.80,4997.65,188.01M,+2.51%
11-10-2011,4974.35,5019.90,5045.10,4964.00,182.04M,-0.11%
10-10-2011,4979.60,4886.85,4991.15,4882.05,188.84M,+1.87%
07-10-2011,4888.05,4883.65,4922.60,4861.20,198.29M,+2.88%
05-10-2011,4751.30,4791.30,4827.80,4741.00,179.14M,-0.44%
04-10-2011,4772.15,4823.50,4869.75,4728.30,184.41M,-1.60%
03-10-2011,4849.50,4874.40,4879.15,4823.90,148.92M,-1.90%
30-09-2011,4943.25,4990.15,5025.55,4924.30,201.96M,-1.44%
29-09-2011,5015.45,4924.20,5034.25,4906.00,216.16M,+1.41%
28-09-2011,4945.90,5005.50,5006.05,4918.45,166.87M,-0.51%
27-09-2011,4971.25,4905.15,4982.95,4905.15,151.31M,+2.81%
26-09-2011,4835.40,4878.60,4879.80,4758.85,156.08M,-0.66%
23-09-2011,4867.75,4873.75,4930.25,4829.60,205.77M,-1.14%
22-09-2011,4923.65,5054.45,5059.85,4907.75,147.61M,-4.08%
21-09-2011,5133.25,5153.75,5168.40,5109.85,132.92M,-0.14%
20-09-2011,5140.20,5042.55,5149.90,5035.25,146.60M,+2.15%
19-09-2011,5031.95,5068.40,5068.40,5019.25,115.74M,-1.03%
16-09-2011,5084.25,5123.35,5143.60,5068.10,225.19M,+0.17%
15-09-2011,5075.70,5062.35,5091.45,4967.45,153.65M,+1.26%
14-09-2011,5012.55,4965.05,5026.15,4917.40,154.28M,+1.45%
13-09-2011,4940.95,4977.80,5030.15,4911.05,146.00M,-0.12%
12-09-2011,4946.80,4981.70,4985.60,4911.25,135.50M,-2.23%
09-09-2011,5059.45,5161.30,5163.75,5046.80,158.71M,-1.82%
08-09-2011,5153.25,5139.20,5169.25,5098.25,140.86M,+0.56%
07-09-2011,5124.65,5080.15,5154.50,5076.30,193.86M,+1.19%
06-09-2011,5064.30,4993.35,5072.90,4942.90,183.68M,+0.94%
05-09-2011,5017.20,4998.90,5030.30,4964.45,162.90M,-0.45%
02-09-2011,5040.00,5109.80,5113.70,4993.35,195.06M,+0.78%
30-08-2011,5001.00,4973.25,5016.25,4927.55,181.54M,+1.65%
29-08-2011,4919.60,4806.20,4934.40,4806.05,145.12M,+3.62%
26-08-2011,4747.80,4839.25,4872.00,4720.00,149.72M,-1.90%
25-08-2011,4839.60,4914.65,4915.85,4825.05,184.91M,-1.01%
24-08-2011,4888.90,4934.35,4962.40,4875.30,129.41M,-1.21%
23-08-2011,4948.90,4925.15,4965.80,4863.80,130.01M,+1.02%
22-08-2011,4898.80,4843.70,4910.05,4808.75,123.81M,+1.10%
19-08-2011,4845.65,4859.30,4893.60,4796.10,166.70M,-1.99%
18-08-2011,4944.15,5077.95,5078.60,4932.15,139.82M,-2.22%
17-08-2011,5056.60,5030.30,5112.15,5017.25,143.34M,+0.41%
16-08-2011,5035.80,5125.75,5132.20,5015.40,130.90M,-0.73%
12-08-2011,5072.95,5194.40,5194.45,5053.35,128.84M,-1.27%
11-08-2011,5138.30,5128.00,5184.95,5121.00,113.04M,-0.44%
10-08-2011,5161.00,5196.55,5197.95,5123.35,158.40M,+1.74%
09-08-2011,5072.85,4947.90,5167.00,4946.45,233.87M,-0.89%
08-08-2011,5118.50,5083.85,5204.20,5054.05,188.31M,-1.78%
05-08-2011,5211.25,5204.35,5229.65,5116.45,196.02M,-2.26%
04-08-2011,5331.80,5412.40,5434.50,5323.15,118.48M,-1.35%
03-08-2011,5404.80,5402.00,5422.60,5378.85,133.22M,-0.95%
02-08-2011,5456.55,5493.20,5496.30,5433.65,110.37M,-1.09%
01-08-2011,5516.80,5527.50,5551.90,5486.45,98.96M,+0.63%
29-07-2011,5482.00,5479.00,5520.30,5453.95,156.13M,-0.10%
28-07-2011,5487.75,5492.40,5512.10,5475.65,164.52M,-1.06%
27-07-2011,5546.80,5588.55,5591.70,5521.50,122.32M,-0.50%
26-07-2011,5574.85,5688.45,5702.25,5560.15,134.11M,-1.86%
25-07-2011,5680.30,5633.80,5700.55,5616.70,142.01M,+0.82%
22-07-2011,5633.95,5576.95,5642.20,5567.10,106.78M,+1.67%
21-07-2011,5541.60,5554.60,5578.90,5532.70,76.33M,-0.46%
20-07-2011,5567.05,5642.05,5645.40,5555.10,87.09M,-0.83%
19-07-2011,5613.55,5569.85,5627.65,5557.20,86.56M,+0.84%
18-07-2011,5567.05,5581.75,5596.60,5550.95,73.61M,-0.25%
15-07-2011,5581.10,5602.95,5631.70,5562.75,80.43M,-0.33%
14-07-2011,5599.80,5569.00,5653.95,5541.70,123.02M,+0.26%
13-07-2011,5585.45,5542.05,5596.15,5541.40,106.02M,+1.07%
12-07-2011,5526.15,5556.90,5580.25,5496.95,104.91M,-1.60%
11-07-2011,5616.10,5648.05,5652.90,5601.70,78.90M,-0.79%
08-07-2011,5660.65,5734.65,5740.40,5651.05,129.28M,-1.19%
07-07-2011,5728.95,5633.35,5737.15,5632.95,112.22M,+1.84%
06-07-2011,5625.45,5622.70,5655.40,5610.75,86.11M,-0.12%
05-07-2011,5632.10,5659.85,5659.85,5612.30,100.78M,-0.33%
04-07-2011,5650.50,5679.55,5679.65,5633.10,103.53M,+0.41%
01-07-2011,5627.20,5705.75,5705.80,5609.75,141.09M,-0.36%
30-06-2011,5647.40,5614.50,5657.90,5606.10,179.22M,+0.84%
29-06-2011,5600.45,5566.50,5608.65,5566.50,124.59M,+0.99%
28-06-2011,5545.30,5548.85,5558.30,5496.35,114.41M,+0.34%
27-06-2011,5526.60,5441.20,5552.65,5434.25,143.40M,+1.01%
24-06-2011,5471.25,5343.40,5477.85,5343.40,140.10M,+2.84%
23-06-2011,5320.00,5269.10,5330.60,5252.25,89.00M,+0.79%
22-06-2011,5278.30,5304.65,5310.50,5262.50,95.77M,+0.05%
21-06-2011,5275.85,5280.80,5322.45,5257.00,107.19M,+0.34%
20-06-2011,5257.90,5372.20,5377.40,5195.90,135.34M,-2.02%
17-06-2011,5366.40,5412.50,5421.15,5355.85,97.88M,-0.56%
16-06-2011,5396.75,5419.65,5447.50,5389.80,128.06M,-0.93%
15-06-2011,5447.50,5494.45,5499.35,5438.95,95.88M,-0.96%
14-06-2011,5500.50,5485.60,5520.15,5484.20,97.84M,+0.32%
13-06-2011,5482.80,5469.85,5496.70,5436.95,80.11M,-0.05%
10-06-2011,5485.80,5518.05,5521.45,5457.45,84.19M,-0.64%
09-06-2011,5521.05,5523.55,5540.10,5502.05,87.03M,-0.10%
08-06-2011,5526.85,5535.25,5556.60,5514.90,92.93M,-0.53%
07-06-2011,5556.15,5509.15,5570.10,5507.80,81.86M,+0.44%
06-06-2011,5532.05,5504.30,5542.65,5479.85,77.14M,+0.28%
03-06-2011,5516.75,5565.70,5604.95,5507.20,101.02M,-0.61%
02-06-2011,5550.35,5529.90,5568.20,5521.95,110.95M,-0.74%
01-06-2011,5592.00,5561.05,5597.35,5559.45,98.63M,+0.57%
31-05-2011,5560.15,5492.00,5571.60,5489.70,149.41M,+1.59%
30-05-2011,5473.10,5493.75,5509.30,5458.60,100.77M,-0.05%
27-05-2011,5476.10,5413.70,5485.80,5413.60,117.23M,+1.18%
26-05-2011,5412.35,5372.75,5422.20,5356.35,161.61M,+1.19%
25-05-2011,5348.95,5389.10,5389.10,5328.70,99.92M,-0.85%
24-05-2011,5394.85,5385.10,5422.60,5367.45,100.05M,+0.15%
23-05-2011,5386.55,5456.70,5456.70,5373.00,94.67M,-1.82%
20-05-2011,5486.35,5450.65,5517.55,5432.75,127.40M,+1.07%
19-05-2011,5428.10,5448.15,5452.60,5411.25,94.18M,+0.14%
18-05-2011,5420.60,5448.20,5460.50,5401.25,107.36M,-0.34%
17-05-2011,5438.95,5496.10,5523.85,5421.05,109.20M,-1.09%
16-05-2011,5499.00,5541.70,5541.80,5487.65,94.22M,-0.83%
13-05-2011,5544.75,5492.35,5605.00,5472.15,119.42M,+1.07%
12-05-2011,5486.15,5537.80,5572.50,5476.30,91.63M,-1.42%
11-05-2011,5565.05,5547.20,5574.70,5525.00,82.51M,+0.43%
10-05-2011,5541.25,5555.55,5592.90,5514.55,88.82M,-0.18%
09-05-2011,5551.10,5575.20,5586.05,5502.40,75.44M,-0.01%
06-05-2011,5551.45,5477.65,5564.40,5472.45,122.68M,+1.68%
05-05-2011,5459.85,5531.60,5560.30,5443.65,126.43M,-1.40%
04-05-2011,5537.15,5567.70,5578.80,5503.00,119.08M,-0.50%
03-05-2011,5565.25,5689.70,5710.80,5554.85,125.52M,-2.39%
02-05-2011,5701.30,5766.90,5775.25,5687.70,86.51M,-0.84%
29-04-2011,5749.50,5782.50,5804.30,5706.05,184.75M,-0.62%
28-04-2011,5785.45,5851.35,5856.40,5776.95,159.34M,-0.83%
27-04-2011,5833.90,5884.20,5892.35,5819.95,108.74M,-0.59%
26-04-2011,5868.40,5876.85,5893.20,5791.55,117.17M,-0.10%
25-04-2011,5874.50,5859.60,5906.60,5857.00,94.38M,-0.17%
21-04-2011,5884.70,5882.85,5912.90,5864.35,119.75M,+0.56%
20-04-2011,5851.65,5786.05,5857.35,5759.65,117.90M,+1.93%
19-04-2011,5740.75,5716.00,5762.95,5693.25,101.24M,+0.20%
18-04-2011,5729.10,5824.35,5897.90,5722.25,121.11M,-1.64%
15-04-2011,5824.55,5898.75,5907.35,5806.45,140.59M,-1.47%
13-04-2011,5911.50,5747.95,5923.60,5735.55,145.70M,+2.17%
11-04-2011,5785.70,5805.35,5830.30,5777.90,92.73M,-0.96%
08-04-2011,5842.00,5886.75,5926.95,5822.00,99.86M,-0.74%
07-04-2011,5885.70,5888.55,5906.10,5866.25,98.16M,-0.10%
06-04-2011,5891.75,5908.00,5944.45,5868.80,125.96M,-0.31%
05-04-2011,5910.05,5923.85,5928.65,5855.85,110.63M,+0.03%
04-04-2011,5908.45,5842.00,5918.70,5833.20,106.39M,+1.41%
01-04-2011,5826.05,5835.00,5860.20,5810.40,118.32M,-0.13%
31-03-2011,5833.75,5803.05,5872.00,5778.65,219.44M,+0.80%
30-03-2011,5787.65,5755.80,5803.15,5753.90,133.21M,+0.89%
29-03-2011,5736.35,5686.50,5770.35,5680.70,140.48M,+0.86%
28-03-2011,5687.25,5645.25,5709.10,5643.20,130.72M,+0.58%
25-03-2011,5654.25,5588.65,5667.10,5560.95,133.45M,+2.39%
24-03-2011,5522.40,5501.80,5529.00,5496.10,115.26M,+0.77%
23-03-2011,5480.25,5411.40,5484.95,5401.95,112.04M,+1.23%
22-03-2011,5413.85,5390.85,5428.15,5376.15,94.94M,+0.92%
21-03-2011,5364.75,5408.75,5413.30,5348.20,107.18M,-0.17%
18-03-2011,5373.70,5475.35,5483.05,5366.40,129.49M,-1.34%
17-03-2011,5446.65,5455.40,5510.05,5435.30,135.26M,-1.17%
16-03-2011,5511.15,5475.95,5535.10,5475.95,135.20M,+1.13%
15-03-2011,5449.65,5420.00,5497.85,5373.65,191.04M,-1.48%
14-03-2011,5531.50,5436.50,5537.30,5434.25,173.52M,+1.58%
11-03-2011,5445.45,5456.15,5502.70,5411.55,133.44M,-0.89%
10-03-2011,5494.40,5516.10,5516.30,5468.45,135.73M,-0.66%
09-03-2011,5531.00,5542.40,5563.30,5477.45,149.82M,+0.18%
08-03-2011,5520.80,5466.10,5530.55,5464.75,127.51M,+1.06%
07-03-2011,5463.15,5490.05,5491.25,5408.45,134.58M,-1.36%
04-03-2011,5538.75,5586.20,5608.20,5524.10,162.01M,+0.05%
03-03-2011,5536.20,5478.45,5570.75,5468.25,218.80M,+0.25%
01-03-2011,5522.30,5382.00,5533.05,5373.55,210.50M,+3.54%
28-02-2011,5333.25,5330.15,5477.00,5308.60,317.25M,+0.56%
25-02-2011,5303.55,5321.05,5338.20,5232.75,193.54M,+0.78%
24-02-2011,5262.70,5408.75,5423.40,5242.50,259.35M,-3.21%
23-02-2011,5437.35,5452.45,5495.20,5427.55,173.58M,-0.58%
22-02-2011,5469.20,5504.40,5519.45,5437.30,166.27M,-0.90%
21-02-2011,5518.60,5456.60,5526.25,5413.10,137.63M,+1.09%
18-02-2011,5458.95,5557.55,5599.25,5441.95,180.91M,-1.58%
17-02-2011,5546.45,5501.70,5553.00,5463.40,143.67M,+1.18%
16-02-2011,5481.70,5467.60,5504.80,5460.35,140.52M,+0.01%
15-02-2011,5481.00,5467.75,5506.50,5408.35,170.46M,+0.46%
14-02-2011,5456.00,5340.25,5463.80,5340.25,175.71M,+2.75%
11-02-2011,5310.00,5219.65,5319.45,5177.70,211.25M,+1.61%
10-02-2011,5225.80,5246.05,5272.60,5196.80,225.24M,-0.53%
09-02-2011,5253.55,5293.05,5339.45,5225.65,246.53M,-1.11%
08-02-2011,5312.55,5432.35,5432.35,5303.40,155.60M,-1.55%
07-02-2011,5396.00,5430.15,5440.35,5376.95,150.45M,0.00%
04-02-2011,5395.75,5519.90,5556.30,5369.05,187.82M,-2.37%
03-02-2011,5526.75,5430.45,5532.65,5418.00,154.23M,+1.74%
02-02-2011,5432.00,5469.55,5490.60,5415.65,172.20M,+0.27%
01-02-2011,5417.20,5537.30,5539.15,5402.00,171.23M,-1.61%
31-01-2011,5505.90,5452.55,5526.85,5416.65,177.85M,-0.11%
28-01-2011,5512.15,5614.00,5614.40,5459.55,173.11M,-1.64%
27-01-2011,5604.30,5725.30,5726.10,5594.95,201.50M,-1.46%
25-01-2011,5687.40,5763.30,5801.55,5680.65,126.13M,-0.97%
24-01-2011,5743.25,5717.10,5756.00,5697.75,108.83M,+0.82%
21-01-2011,5696.50,5692.05,5717.55,5674.50,119.99M,-0.26%
20-01-2011,5711.60,5656.00,5729.45,5634.50,130.50M,+0.36%
19-01-2011,5691.05,5737.35,5747.65,5662.55,146.72M,-0.58%
18-01-2011,5724.05,5682.55,5730.50,5671.25,141.01M,+1.23%
17-01-2011,5654.75,5648.80,5696.15,5624.15,148.50M,0.00%
14-01-2011,5654.55,5752.10,5833.65,5639.65,174.57M,-1.69%
13-01-2011,5751.90,5850.75,5857.75,5736.70,175.35M,-1.90%
12-01-2011,5863.25,5800.05,5874.20,5711.30,188.12M,+1.90%
11-01-2011,5754.10,5767.95,5842.60,5698.20,161.26M,-0.15%
10-01-2011,5762.85,5901.30,5907.25,5740.95,156.95M,-2.40%
07-01-2011,5904.60,6030.90,6051.20,5883.60,171.81M,-2.38%
06-01-2011,6048.25,6107.00,6116.15,6022.30,152.34M,-0.52%
05-01-2011,6079.80,6141.35,6141.35,6062.35,139.61M,-1.08%
04-01-2011,6146.35,6172.75,6181.05,6124.40,181.73M,-0.18%
03-01-2011,6157.60,6177.45,6178.55,6147.20,96.03M,+0.38%
31-12-2010,6134.50,6105.10,6147.30,6103.55,113.76M,+0.54%
30-12-2010,6101.85,6062.35,6106.40,6062.35,194.35M,+0.68%
29-12-2010,6060.35,6005.15,6067.55,6002.85,93.00M,+1.07%
28-12-2010,5996.00,6005.35,6010.90,5982.25,90.72M,-0.04%
27-12-2010,5998.10,6013.30,6045.75,5991.10,95.96M,-0.22%
24-12-2010,6011.60,5940.25,6017.35,5940.25,123.58M,+0.53%
23-12-2010,5980.00,6005.90,6006.45,5964.60,85.46M,-0.07%
22-12-2010,5984.40,6019.00,6023.80,5958.00,118.82M,-0.27%
21-12-2010,6000.65,5960.40,6007.45,5960.05,126.54M,+0.90%
20-12-2010,5947.05,5926.85,5985.00,5900.25,121.82M,-0.03%
16-12-2010,5948.75,5910.55,5956.15,5855.05,149.83M,+0.96%
15-12-2010,5892.30,5931.15,5942.75,5865.80,126.32M,-0.87%
14-12-2010,5944.10,5928.70,5953.95,5888.75,125.30M,+0.62%
13-12-2010,5907.65,5882.65,5913.80,5795.90,138.23M,+0.86%
10-12-2010,5857.35,5761.00,5865.50,5721.15,167.49M,+1.58%
09-12-2010,5766.50,5924.25,5927.30,5742.30,169.51M,-2.32%
08-12-2010,5903.70,5954.40,5960.00,5878.60,122.57M,-1.22%
07-12-2010,5976.55,5995.05,6001.00,5939.70,145.41M,-0.26%
06-12-2010,5992.25,6033.65,6069.45,5981.70,145.32M,-0.01%
03-12-2010,5992.80,6013.35,6025.40,5964.25,165.38M,-0.31%
02-12-2010,6011.70,6023.05,6029.50,5980.60,197.38M,+0.85%
01-12-2010,5960.90,5871.00,5971.00,5865.55,173.36M,+1.67%
30-11-2010,5862.70,5811.60,5892.25,5768.35,217.96M,+0.56%
29-11-2010,5830.00,5789.95,5843.15,5754.70,155.07M,+1.36%
26-11-2010,5751.95,5828.55,5838.50,5690.35,287.20M,-0.82%
25-11-2010,5799.75,5883.95,5907.10,5780.35,371.67M,-1.13%
24-11-2010,5865.75,5946.80,5976.65,5833.60,125.85M,-1.16%
23-11-2010,5934.75,5971.55,5973.35,5824.95,158.87M,-1.25%
22-11-2010,6010.00,5920.90,6020.25,5905.15,123.42M,+2.03%
19-11-2010,5890.30,6011.30,6013.25,5863.95,150.74M,-1.81%
18-11-2010,5998.80,6075.95,6076.20,5906.75,190.22M,+0.17%
16-11-2010,5988.70,6143.45,6144.05,5970.60,139.19M,-2.17%
15-11-2010,6121.60,6079.90,6128.75,6039.40,124.27M,+0.82%
12-11-2010,6071.65,6182.30,6202.50,6056.75,155.20M,-1.98%
11-11-2010,6194.25,6286.35,6296.55,6179.50,169.30M,-1.30%
10-11-2010,6275.70,6303.20,6307.65,6269.25,125.61M,-0.41%
09-11-2010,6301.55,6281.00,6310.90,6243.55,139.82M,+0.45%
08-11-2010,6273.20,6335.25,6335.90,6265.35,153.93M,-0.62%
05-11-2010,6312.45,6321.85,6338.50,6303.10,27.18M,+0.49%
04-11-2010,6281.80,6209.60,6290.15,6199.35,125.03M,+1.97%
03-11-2010,6160.50,6150.60,6182.50,6146.80,111.32M,+0.68%
02-11-2010,6119.00,6127.55,6138.10,6094.40,122.09M,+0.02%
01-11-2010,6117.55,6092.30,6132.40,6084.75,128.91M,+1.66%
29-10-2010,6017.70,6021.15,6032.65,5937.10,137.88M,+0.50%
28-10-2010,5987.70,6039.95,6071.10,5968.10,228.79M,-0.41%
27-10-2010,6012.65,6075.45,6075.95,5987.55,116.71M,-1.14%
26-10-2010,6082.00,6116.30,6120.25,6074.65,113.45M,-0.39%
25-10-2010,6105.80,6101.25,6151.30,6094.60,123.12M,+0.66%
22-10-2010,6066.05,6113.40,6121.10,6041.35,109.38M,-0.58%
21-10-2010,6101.50,6008.90,6113.50,5984.90,123.10M,+2.00%
20-10-2010,5982.10,6002.95,6038.10,5966.75,105.11M,-0.75%
19-10-2010,6027.30,6114.45,6127.05,6008.15,130.46M,-0.80%
18-10-2010,6075.95,6112.75,6115.10,5985.10,138.75M,+0.22%
15-10-2010,6062.65,6175.90,6200.60,6050.35,111.06M,-1.86%
14-10-2010,6177.35,6234.30,6284.10,6157.90,128.49M,-0.91%
13-10-2010,6233.90,6091.45,6240.25,6089.75,148.66M,+2.35%
12-10-2010,6090.90,6135.95,6144.95,6057.95,109.94M,-0.73%
11-10-2010,6135.85,6105.95,6187.75,6105.95,115.78M,+0.53%
08-10-2010,6103.45,6121.40,6148.60,6067.00,134.64M,-0.28%
07-10-2010,6120.30,6186.85,6199.45,6107.50,168.88M,-1.07%
06-10-2010,6186.45,6150.95,6223.40,6148.60,152.50M,+0.66%
05-10-2010,6145.80,6159.45,6188.35,6118.05,145.24M,-0.22%
04-10-2010,6159.45,6144.70,6222.10,6144.70,184.60M,+0.26%
01-10-2010,6143.40,6030.30,6153.10,6030.30,179.17M,+1.88%
30-09-2010,6029.95,5991.35,6048.45,5963.60,217.77M,+0.65%
29-09-2010,5991.30,6029.15,6071.55,5979.65,183.15M,-0.63%
28-09-2010,6029.50,6036.05,6049.80,5991.30,170.65M,-0.10%
27-09-2010,6035.65,6018.30,6073.50,6018.30,166.77M,+0.29%
24-09-2010,6018.30,5959.45,6029.10,5951.20,176.46M,+0.99%
23-09-2010,5959.55,5991.05,6006.80,5932.40,135.58M,-0.52%
22-09-2010,5991.00,6008.40,6037.40,5946.45,170.15M,-0.30%
21-09-2010,6009.05,5980.50,6032.80,5961.85,200.95M,+0.48%
20-09-2010,5980.45,5885.05,5989.50,5885.05,193.48M,+1.62%
17-09-2010,5884.95,5828.70,5898.40,5828.70,211.38M,+0.97%
16-09-2010,5828.70,5861.10,5901.65,5815.80,192.47M,-0.55%
15-09-2010,5860.95,5795.25,5869.45,5792.20,187.21M,+1.13%
14-09-2010,5795.55,5760.30,5838.45,5760.30,188.43M,+0.62%
13-09-2010,5760.00,5639.20,5770.60,5639.20,152.80M,+2.13%
09-09-2010,5640.05,5608.30,5647.45,5608.10,138.06M,+0.57%
08-09-2010,5607.85,5604.25,5625.30,5567.75,135.33M,+0.07%
07-09-2010,5604.00,5575.90,5625.50,5571.65,177.48M,+0.49%
06-09-2010,5576.95,5479.55,5589.40,5479.55,158.94M,+1.78%
03-09-2010,5479.40,5486.30,5510.40,5473.65,146.81M,-0.12%
02-09-2010,5486.15,5471.90,5513.95,5471.85,159.67M,+0.26%
01-09-2010,5471.85,5403.05,5478.60,5403.05,144.23M,+1.29%
31-08-2010,5402.40,5413.55,5413.90,5348.90,157.13M,-0.24%
30-08-2010,5415.45,5408.90,5469.00,5390.35,113.84M,+0.12%
27-08-2010,5408.70,5489.60,5495.20,5391.95,142.33M,-1.26%
26-08-2010,5477.90,5462.10,5486.55,5454.70,186.38M,+0.28%
25-08-2010,5462.35,5505.30,5506.15,5452.55,157.76M,-0.78%
24-08-2010,5505.10,5541.10,5547.25,5488.45,139.15M,-0.69%
23-08-2010,5543.50,5531.15,5549.80,5519.40,118.74M,+0.23%
20-08-2010,5530.65,5540.80,5546.60,5513.35,144.07M,-0.17%
19-08-2010,5540.20,5478.25,5544.70,5478.10,167.74M,+1.11%
18-08-2010,5479.15,5416.25,5487.95,5416.25,154.25M,+1.20%
17-08-2010,5414.15,5422.15,5443.55,5408.80,138.28M,-0.08%
16-08-2010,5418.30,5452.10,5465.25,5397.40,189.45M,-0.62%
13-08-2010,5452.10,5420.65,5476.50,5415.50,154.91M,+0.66%
12-08-2010,5416.45,5418.70,5431.10,5372.45,172.04M,-0.08%
11-08-2010,5420.60,5460.70,5474.60,5412.00,174.63M,-0.73%
10-08-2010,5460.70,5486.80,5491.45,5445.35,164.22M,-0.46%
09-08-2010,5486.15,5439.80,5492.30,5433.25,137.00M,+0.86%
06-08-2010,5439.25,5448.25,5471.90,5431.35,116.67M,-0.14%
05-08-2010,5447.10,5470.15,5487.15,5443.10,129.64M,-0.38%
04-08-2010,5467.85,5441.35,5481.90,5428.40,120.78M,+0.52%
03-08-2010,5439.55,5432.50,5459.20,5426.40,130.73M,+0.15%
02-08-2010,5431.65,5369.55,5438.85,5351.30,104.23M,+1.19%
30-07-2010,5367.60,5408.40,5413.25,5349.20,131.80M,-0.76%
29-07-2010,5408.90,5397.85,5415.85,5381.55,162.31M,+0.21%
28-07-2010,5397.55,5436.10,5447.85,5386.25,146.94M,-0.61%
27-07-2010,5430.60,5420.20,5450.95,5407.20,155.31M,+0.22%
26-07-2010,5418.60,5446.55,5466.25,5409.20,147.33M,-0.56%
23-07-2010,5449.10,5441.90,5477.50,5435.15,165.93M,+0.13%
22-07-2010,5441.95,5399.15,5447.15,5372.20,156.00M,+0.79%
21-07-2010,5399.35,5368.85,5409.10,5368.85,122.86M,+0.58%
20-07-2010,5368.00,5387.00,5416.45,5353.60,121.63M,-0.34%
19-07-2010,5386.45,5392.70,5409.10,5361.50,116.59M,-0.14%
16-07-2010,5393.90,5376.65,5401.35,5374.40,143.22M,+0.28%
15-07-2010,5378.75,5387.10,5399.20,5360.60,155.12M,-0.14%
14-07-2010,5386.15,5402.00,5453.45,5371.70,211.04M,-0.27%
13-07-2010,5400.65,5370.20,5406.20,5357.85,226.05M,+0.33%
12-07-2010,5383.00,5352.25,5402.70,5351.60,189.50M,+0.57%
09-07-2010,5352.45,5297.20,5359.05,5297.20,216.66M,+1.05%
08-07-2010,5296.85,5242.00,5320.50,5242.00,127.30M,+1.06%
07-07-2010,5241.10,5293.10,5296.75,5233.45,132.39M,-0.91%
06-07-2010,5289.05,5236.10,5297.45,5231.50,115.51M,+1.02%
05-07-2010,5235.90,5237.00,5252.75,5225.85,100.62M,-0.02%
02-07-2010,5237.10,5251.25,5277.25,5225.60,149.98M,-0.27%
01-07-2010,5251.40,5312.05,5312.55,5232.10,141.43M,-1.15%
30-06-2010,5312.50,5254.25,5320.35,5210.00,183.72M,+1.07%
29-06-2010,5256.15,5333.55,5334.15,5235.80,158.72M,-1.45%
28-06-2010,5333.50,5271.10,5339.45,5270.75,154.14M,+1.22%
25-06-2010,5269.05,5320.50,5320.50,5259.90,164.97M,-0.97%
24-06-2010,5320.60,5323.25,5348.30,5284.55,218.79M,-0.05%
23-06-2010,5323.15,5316.15,5333.30,5288.15,150.16M,+0.12%
22-06-2010,5316.55,5353.95,5354.35,5311.05,162.04M,-0.69%
21-06-2010,5353.30,5266.50,5366.75,5266.50,186.20M,+1.72%
18-06-2010,5262.60,5274.95,5302.30,5245.50,205.20M,-0.23%
17-06-2010,5274.85,5233.65,5285.55,5206.55,189.95M,+0.79%
16-06-2010,5233.35,5225.05,5255.65,5214.90,203.73M,+0.21%
15-06-2010,5222.35,5201.30,5231.45,5171.05,218.93M,+0.47%
14-06-2010,5197.70,5120.15,5201.25,5120.15,158.83M,+1.53%
11-06-2010,5119.35,5078.75,5139.05,5078.75,198.34M,+0.80%
10-06-2010,5078.60,4999.60,5085.20,4997.60,176.85M,+1.57%
09-06-2010,5000.30,4985.05,5050.60,4980.10,199.91M,+0.26%
08-06-2010,4987.10,5036.70,5071.35,4967.30,180.66M,-0.93%
07-06-2010,5034.00,5132.95,5132.95,5004.25,175.61M,-1.98%
04-06-2010,5135.50,5112.60,5147.90,5091.60,174.56M,+0.49%
03-06-2010,5110.50,5020.15,5125.70,5020.15,174.61M,+1.81%
02-06-2010,5019.85,4970.75,5031.20,4967.05,217.93M,+1.00%
01-06-2010,4970.20,5086.25,5086.95,4961.05,183.23M,-2.28%
31-05-2010,5086.30,5076.10,5097.60,5038.55,179.56M,+0.39%
28-05-2010,5066.55,5005.60,5077.25,5005.60,188.07M,+1.27%
27-05-2010,5003.10,4915.15,5016.60,4897.60,238.53M,+1.74%
26-05-2010,4917.40,4807.30,4925.45,4807.30,221.98M,+2.30%
25-05-2010,4806.75,4945.30,4946.60,4786.45,198.19M,-2.78%
24-05-2010,4943.95,4944.30,5029.55,4923.45,184.42M,+0.26%
21-05-2010,4931.15,4946.70,4946.70,4842.30,230.48M,-0.33%
20-05-2010,4947.60,4924.30,4980.25,4924.30,197.30M,+0.57%
19-05-2010,4919.65,5065.10,5065.10,4908.15,212.95M,-2.89%
18-05-2010,5066.20,5059.55,5105.20,5024.25,137.03M,+0.12%
17-05-2010,5059.90,5093.90,5094.55,4966.25,169.31M,-0.66%
14-05-2010,5093.50,5180.55,5192.75,5070.95,144.38M,-1.65%
13-05-2010,5178.90,5157.55,5212.70,5147.95,179.38M,+0.43%
12-05-2010,5156.65,5133.75,5172.85,5098.80,187.11M,+0.40%
11-05-2010,5136.15,5189.75,5206.70,5126.50,168.75M,-1.11%
10-05-2010,5193.60,5026.60,5203.30,5026.60,191.63M,+3.50%
07-05-2010,5018.05,5072.30,5085.65,4984.60,233.35M,-1.43%
06-05-2010,5090.85,5124.40,5124.90,5037.75,192.11M,-0.66%
05-05-2010,5124.90,5148.35,5148.35,5056.50,207.68M,-0.46%
04-05-2010,5148.50,5223.90,5250.15,5134.85,145.54M,-1.42%
03-05-2010,5222.75,5278.40,5278.70,5210.05,111.45M,-1.05%
30-04-2010,5278.00,5254.20,5294.80,5254.20,152.50M,+0.45%
29-04-2010,5254.15,5215.25,5264.75,5214.80,171.68M,+0.74%
28-04-2010,5215.45,5308.20,5308.25,5202.45,178.64M,-1.75%
27-04-2010,5308.35,5322.10,5330.55,5301.40,144.43M,-0.26%
26-04-2010,5322.45,5299.35,5342.35,5299.35,127.02M,+0.35%
23-04-2010,5304.10,5269.65,5311.05,5269.65,154.12M,+0.66%
22-04-2010,5269.35,5248.60,5331.80,5221.10,180.29M,+0.47%
21-04-2010,5244.90,5230.30,5266.30,5230.30,196.90M,+0.28%
20-04-2010,5230.10,5208.30,5257.25,5208.30,199.48M,+0.51%
19-04-2010,5203.65,5279.05,5279.05,5160.90,155.32M,-1.12%
16-04-2010,5262.60,5273.40,5283.05,5237.55,151.01M,-0.21%
15-04-2010,5273.60,5323.30,5373.15,5265.30,195.01M,-0.93%
13-04-2010,5322.95,5340.85,5356.50,5301.70,126.58M,-0.31%
12-04-2010,5339.70,5354.15,5382.15,5324.90,134.90M,-0.41%
09-04-2010,5361.75,5302.40,5377.45,5302.25,154.50M,+1.08%
08-04-2010,5304.45,5376.30,5383.65,5290.25,156.58M,-1.31%
07-04-2010,5374.65,5365.70,5399.65,5345.05,166.79M,+0.16%
06-04-2010,5366.00,5369.65,5388.65,5351.70,147.05M,-0.04%
05-04-2010,5368.40,5291.40,5377.55,5291.40,132.42M,+1.47%
01-04-2010,5290.50,5249.20,5298.60,5249.20,127.77M,+0.79%
31-03-2010,5249.10,5260.40,5293.90,5235.15,147.62M,-0.25%
30-03-2010,5262.45,5302.95,5325.00,5251.35,133.48M,-0.76%
29-03-2010,5302.85,5283.90,5329.55,5242.15,132.19M,+0.39%
26-03-2010,5282.00,5260.55,5293.75,5260.55,140.97M,+0.41%
25-03-2010,5260.40,5225.30,5267.30,5202.95,207.84M,+0.67%
23-03-2010,5225.30,5205.85,5243.60,5193.40,146.48M,+0.39%
22-03-2010,5205.20,5260.95,5260.95,5187.05,130.04M,-1.09%
19-03-2010,5262.80,5246.80,5269.95,5237.10,136.87M,+0.32%
18-03-2010,5245.90,5232.55,5255.65,5214.40,160.34M,+0.27%
17-03-2010,5231.90,5198.45,5260.50,5177.15,169.77M,+0.65%
16-03-2010,5198.10,5128.95,5209.25,5125.70,120.69M,+1.35%
15-03-2010,5128.90,5134.45,5151.05,5101.20,134.88M,-0.16%
12-03-2010,5137.00,5131.80,5158.10,5122.10,152.56M,+0.07%
11-03-2010,5133.40,5116.35,5152.60,5102.10,155.70M,+0.34%
10-03-2010,5116.25,5101.60,5137.40,5092.05,167.18M,+0.29%
09-03-2010,5101.50,5121.05,5131.80,5094.35,158.74M,-0.44%
08-03-2010,5124.00,5092.15,5147.10,5092.15,188.57M,+0.69%
05-03-2010,5088.70,5080.55,5118.65,5068.05,209.60M,+0.17%
04-03-2010,5080.25,5096.95,5096.95,5049.00,205.10M,-0.15%
03-03-2010,5088.10,5015.80,5093.25,5015.10,191.79M,+1.42%
02-03-2010,5017.00,4935.60,5029.45,4935.35,233.13M,+1.92%
26-02-2010,4922.30,4858.50,4992.00,4858.45,341.14M,+1.29%
25-02-2010,4859.75,4859.00,4880.15,4835.60,179.44M,+0.02%
24-02-2010,4858.60,4869.55,4880.55,4834.65,141.21M,-0.24%
23-02-2010,4870.05,4856.60,4884.10,4833.15,129.23M,+0.28%
22-02-2010,4856.40,4849.35,4912.05,4845.90,149.36M,+0.24%
19-02-2010,4844.90,4887.30,4887.30,4805.55,194.31M,-0.88%
18-02-2010,4887.75,4915.10,4922.05,4873.70,193.51M,-0.53%
17-02-2010,4914.00,4858.65,4929.70,4857.60,176.50M,+1.20%
16-02-2010,4855.75,4801.80,4880.00,4791.35,156.01M,+1.12%
15-02-2010,4801.95,4827.90,4845.60,4783.90,153.76M,-0.52%
11-02-2010,4826.85,4757.25,4843.80,4757.25,142.64M,+1.46%
10-02-2010,4757.20,4793.00,4826.85,4748.10,185.05M,-0.74%
09-02-2010,4792.65,4760.55,4810.40,4739.35,175.45M,+0.68%
08-02-2010,4760.40,4755.35,4799.05,4675.40,205.36M,+0.07%
06-02-2010,4757.25,4712.75,4768.15,4712.75,22.09M,+0.82%
05-02-2010,4718.65,4819.65,4827.00,4692.35,222.36M,-2.61%
04-02-2010,4845.35,4931.30,4931.30,4832.35,167.82M,-1.75%
03-02-2010,4931.85,4831.00,4949.15,4831.00,163.10M,+2.11%
02-02-2010,4830.10,4907.85,4951.15,4814.10,235.09M,-1.42%
01-02-2010,4899.70,4882.05,4918.80,4827.15,226.82M,+0.36%
29-01-2010,4882.05,4866.15,4893.70,4766.00,265.19M,+0.30%
28-01-2010,4867.25,4863.00,4929.90,4824.95,275.87M,+0.29%
27-01-2010,4853.10,5008.50,5008.50,4833.05,274.77M,-3.09%
25-01-2010,5007.90,5034.55,5035.70,4983.05,166.40M,-0.56%
22-01-2010,5036.00,5094.15,5094.15,4954.85,270.25M,-1.14%
21-01-2010,5094.15,5220.20,5220.35,5085.45,190.01M,-2.44%
20-01-2010,5221.70,5226.10,5256.70,5201.40,167.87M,-0.08%
19-01-2010,5225.65,5274.20,5287.80,5218.65,141.42M,-0.93%
18-01-2010,5274.85,5253.65,5292.50,5228.95,153.69M,+0.43%
15-01-2010,5252.20,5259.90,5279.85,5242.45,167.24M,-0.15%
14-01-2010,5259.90,5234.50,5272.85,5232.50,171.28M,+0.50%
13-01-2010,5233.95,5212.60,5239.20,5169.55,200.78M,+0.45%
12-01-2010,5210.40,5251.10,5300.50,5200.95,206.75M,-0.74%
11-01-2010,5249.40,5263.80,5287.20,5227.80,238.01M,+0.09%
08-01-2010,5244.75,5264.25,5276.75,5234.70,201.91M,-0.35%
07-01-2010,5263.10,5281.80,5302.55,5244.75,181.25M,-0.35%
06-01-2010,5281.80,5278.15,5310.85,5260.05,216.15M,+0.07%
05-01-2010,5277.90,5277.15,5288.35,5242.40,240.84M,+0.87%
04-01-2010,5232.20,5200.90,5238.45,5167.10,148.65M,+0.60%
31-12-2009,5201.05,5171.20,5221.85,5168.75,188.09M,+0.61%
30-12-2009,5169.45,5188.75,5197.05,5160.10,147.55M,-0.36%
29-12-2009,5187.95,5180.75,5214.60,5175.85,160.53M,+0.18%
24-12-2009,5178.40,5144.80,5197.90,5129.05,202.18M,+0.66%
23-12-2009,5144.60,4990.05,5150.60,4990.05,250.73M,+3.18%
22-12-2009,4985.85,4953.35,4997.30,4953.35,164.38M,+0.67%
21-12-2009,4952.60,4983.65,4997.85,4943.95,168.16M,-0.70%
18-12-2009,4987.70,5042.00,5043.40,4979.05,199.33M,-1.07%
17-12-2009,5041.75,5046.65,5064.20,5013.15,219.46M,-0.01%
16-12-2009,5042.05,5032.95,5067.25,5001.80,202.11M,+0.18%
15-12-2009,5033.05,5105.75,5129.45,5018.25,198.96M,-1.42%
14-12-2009,5105.70,5117.45,5156.70,5090.15,171.68M,-0.23%
11-12-2009,5117.30,5136.05,5182.55,5088.40,207.03M,-0.34%
10-12-2009,5134.65,5112.40,5146.45,5084.65,212.78M,+0.44%
09-12-2009,5112.00,5147.65,5147.65,5090.60,240.04M,-0.70%
08-12-2009,5147.95,5068.55,5152.55,5058.90,222.74M,+1.60%
07-12-2009,5066.70,5108.85,5131.30,5051.55,213.12M,-0.83%
04-12-2009,5108.90,5131.70,5161.80,5081.85,207.47M,-0.44%
03-12-2009,5131.70,5124.55,5181.00,5106.60,225.73M,+0.16%
02-12-2009,5123.25,5122.75,5161.75,5111.75,284.76M,+0.02%
01-12-2009,5122.00,5039.70,5130.35,5038.85,301.88M,+1.77%
30-11-2009,5032.70,4942.25,5066.35,4942.25,299.57M,+1.84%
27-11-2009,4941.75,5005.05,5005.05,4806.70,304.96M,-1.27%
26-11-2009,5005.55,5116.45,5116.45,4986.05,250.07M,-2.01%
25-11-2009,5108.15,5091.55,5138.00,5078.35,185.17M,+0.35%
24-11-2009,5090.55,5105.00,5112.85,5053.50,201.32M,-0.25%
23-11-2009,5103.55,5052.95,5113.10,5052.10,193.88M,+1.01%
20-11-2009,5052.45,4988.75,5063.30,4932.80,289.28M,+1.27%
19-11-2009,4989.00,5043.95,5053.45,4963.70,286.20M,-1.30%
18-11-2009,5054.70,5061.50,5079.30,5041.65,204.35M,-0.15%
17-11-2009,5062.25,5058.95,5074.00,5010.15,211.03M,+0.08%
16-11-2009,5058.05,4996.50,5073.20,4994.00,218.55M,+1.18%
13-11-2009,4998.95,4952.35,5017.90,4942.65,217.42M,+0.93%
12-11-2009,4952.65,5004.40,5014.40,4924.75,282.05M,-1.03%
11-11-2009,5003.95,4882.30,5016.70,4870.05,251.12M,+2.50%
10-11-2009,4881.70,4898.90,4947.70,4860.10,273.28M,-0.34%
09-11-2009,4898.40,4796.15,4905.25,4789.90,242.56M,+2.13%
06-11-2009,4796.15,4767.50,4836.20,4764.85,279.50M,+0.64%
05-11-2009,4765.55,4711.65,4776.35,4610.60,337.19M,+1.16%
04-11-2009,4710.80,4567.30,4717.80,4565.00,342.88M,+3.22%
03-11-2009,4563.90,4712.25,4729.85,4538.50,319.39M,-3.14%
30-10-2009,4711.70,4751.10,4853.65,4687.50,321.18M,-0.82%
29-10-2009,4750.55,4826.10,4826.10,4738.40,354.05M,-1.57%
28-10-2009,4826.15,4846.55,4867.00,4784.10,291.61M,-0.42%
27-10-2009,4846.70,4970.55,4970.55,4829.50,324.13M,-2.50%
26-10-2009,4970.90,4997.15,5033.75,4961.35,201.76M,-0.52%
23-10-2009,4997.05,4986.55,5054.95,4983.25,223.34M,+0.17%
22-10-2009,4988.60,5063.35,5064.25,4968.45,219.15M,-1.48%
21-10-2009,5063.60,5114.85,5117.45,5051.65,206.63M,-0.99%
20-10-2009,5114.45,5145.60,5181.95,5102.65,199.62M,-0.53%
17-10-2009,5141.80,5159.35,5176.80,5124.25,41.29M,-0.01%
16-10-2009,5142.15,5108.65,5149.65,5093.20,208.18M,+0.65%
15-10-2009,5108.85,5118.55,5152.25,5077.10,258.10M,-0.18%
14-10-2009,5118.20,5054.35,5127.40,5054.35,243.36M,+1.27%
12-10-2009,5054.25,4945.45,5068.05,4945.45,187.30M,+2.21%
09-10-2009,4945.20,4993.00,5032.60,4934.55,215.44M,-1.14%
08-10-2009,5002.25,5011.25,5043.05,4971.75,294.68M,+0.33%
07-10-2009,4985.75,5031.70,5077.00,4972.95,266.22M,-0.83%
06-10-2009,5027.40,5003.65,5034.70,4921.05,367.28M,+0.48%
05-10-2009,5003.20,5076.05,5076.05,4991.95,239.34M,-1.58%
01-10-2009,5083.40,5087.20,5110.50,5057.05,224.76M,-0.01%
30-09-2009,5083.95,5007.65,5087.60,5004.35,184.79M,+1.54%
29-09-2009,5006.85,4959.15,5020.25,4959.10,174.80M,+0.97%
25-09-2009,4958.95,4985.10,4994.35,4931.25,179.96M,-0.55%
24-09-2009,4986.55,4977.15,5016.70,4904.05,266.93M,+0.33%
23-09-2009,4969.95,5019.95,5030.75,4957.05,213.35M,-1.00%
22-09-2009,5020.20,4977.10,5036.30,4977.10,189.01M,+0.89%
18-09-2009,4976.05,4963.95,4980.85,4931.90,222.10M,+0.21%
17-09-2009,4965.55,4958.55,5003.05,4944.15,270.02M,+0.14%
16-09-2009,4958.40,4894.65,4966.30,4894.65,240.10M,+1.36%
15-09-2009,4892.10,4808.35,4899.45,4808.35,215.33M,+1.74%
14-09-2009,4808.60,4830.35,4832.25,4786.25,168.56M,-0.43%
11-09-2009,4829.55,4819.40,4856.15,4791.55,236.39M,+0.21%
10-09-2009,4819.40,4814.35,4889.05,4807.90,235.71M,+0.11%
09-09-2009,4814.25,4804.90,4825.05,4783.50,239.16M,+0.19%
08-09-2009,4805.25,4782.85,4842.20,4782.65,310.69M,+0.47%
07-09-2009,4782.90,4682.40,4790.00,4679.30,243.16M,+2.19%
04-09-2009,4680.40,4608.70,4697.20,4580.35,243.56M,+1.89%
03-09-2009,4593.55,4608.75,4647.35,4581.05,245.96M,-0.32%
02-09-2009,4608.35,4624.00,4650.45,4576.60,265.75M,-0.37%
01-09-2009,4625.35,4662.20,4735.90,4600.65,332.64M,-0.79%
31-08-2009,4662.10,4730.85,4730.85,4635.00,355.95M,-1.48%
28-08-2009,4732.35,4688.40,4743.75,4651.40,285.80M,+0.94%
27-08-2009,4688.20,4679.00,4707.90,4645.15,231.00M,+0.16%
26-08-2009,4680.85,4659.45,4697.80,4659.10,208.84M,+0.46%
25-08-2009,4659.35,4641.65,4672.90,4582.50,249.00M,+0.36%
24-08-2009,4642.80,4536.95,4656.30,4536.95,207.90M,+2.52%
21-08-2009,4528.80,4453.45,4538.70,4400.90,185.70M,+1.69%
20-08-2009,4453.45,4394.35,4492.80,4394.35,166.60M,+1.35%
19-08-2009,4394.10,4457.75,4477.55,4353.45,254.67M,-1.45%
18-08-2009,4458.90,4389.50,4491.45,4372.65,265.22M,+1.62%
17-08-2009,4387.90,4578.80,4578.80,4374.60,252.33M,-4.20%
14-08-2009,4580.05,4605.15,4619.00,4559.35,222.99M,-0.54%
13-08-2009,4605.00,4458.55,4614.15,4458.55,253.54M,+3.31%
12-08-2009,4457.50,4473.80,4473.80,4359.40,274.15M,-0.31%
11-08-2009,4471.35,4435.00,4510.80,4398.90,250.13M,+0.76%
10-08-2009,4437.65,4486.50,4562.50,4399.85,284.08M,-0.98%
07-08-2009,4481.40,4591.90,4591.90,4463.95,266.87M,-2.27%
06-08-2009,4585.50,4694.35,4718.15,4559.20,278.15M,-2.31%
05-08-2009,4694.15,4680.95,4717.20,4629.85,244.64M,+0.29%
04-08-2009,4680.50,4706.25,4731.45,4642.60,322.87M,-0.66%
03-08-2009,4711.40,4633.80,4723.75,4617.75,277.00M,+1.62%
31-07-2009,4636.45,4571.60,4669.75,4571.60,300.44M,+1.42%
30-07-2009,4571.45,4513.10,4582.35,4474.50,338.98M,+1.28%
29-07-2009,4513.50,4565.80,4573.85,4420.80,368.04M,-1.11%
28-07-2009,4564.10,4572.80,4599.90,4529.15,382.34M,-0.18%
27-07-2009,4572.30,4568.65,4596.75,4528.50,277.02M,+0.08%
24-07-2009,4568.55,4524.80,4578.75,4504.85,351.26M,+0.99%
23-07-2009,4523.75,4409.70,4532.40,4405.95,273.05M,+2.84%
22-07-2009,4398.90,4469.30,4557.95,4380.45,337.80M,-1.57%
21-07-2009,4469.10,4501.50,4524.00,4436.60,311.98M,-0.74%
20-07-2009,4502.25,4377.90,4510.30,4377.90,280.31M,+2.91%
17-07-2009,4374.95,4231.45,4390.40,4230.15,250.23M,+3.39%
16-07-2009,4231.40,4223.50,4305.00,4205.50,292.29M,-0.05%
15-07-2009,4233.50,4120.80,4249.55,4118.75,254.61M,+2.97%
14-07-2009,4111.40,3974.10,4128.90,3974.10,242.08M,+3.46%
13-07-2009,3974.05,4003.40,4003.40,3918.75,273.19M,-0.75%
10-07-2009,4003.90,4081.40,4129.95,3976.80,303.00M,-1.89%
09-07-2009,4080.95,4078.75,4114.90,4039.85,406.36M,+0.05%
08-07-2009,4078.90,4201.85,4201.85,4061.10,339.58M,-2.93%
07-07-2009,4202.15,4166.00,4231.80,4155.50,290.92M,+0.87%
06-07-2009,4165.70,4429.60,4479.80,4133.70,365.74M,-5.84%
03-07-2009,4424.25,4347.30,4434.45,4298.95,224.68M,+1.73%
02-07-2009,4348.85,4373.50,4383.65,4288.75,259.08M,+0.18%
01-07-2009,4340.90,4292.30,4362.30,4249.70,289.98M,+1.16%
30-06-2009,4291.10,4391.50,4426.75,4267.35,336.65M,-2.27%
29-06-2009,4390.95,4375.40,4439.95,4350.90,293.32M,+0.35%
26-06-2009,4375.50,4243.95,4383.75,4243.95,284.57M,+3.15%
25-06-2009,4241.85,4293.85,4337.95,4221.15,407.99M,-1.19%
24-06-2009,4292.95,4247.30,4307.00,4218.25,311.20M,+1.08%
23-06-2009,4247.00,4223.30,4267.45,4143.25,339.99M,+0.28%
22-06-2009,4235.25,4314.20,4352.25,4221.90,270.81M,-1.82%
19-06-2009,4313.60,4251.10,4326.20,4206.70,350.07M,+1.46%
18-06-2009,4251.40,4352.95,4375.30,4222.15,373.40M,-2.40%
17-06-2009,4356.15,4515.35,4517.80,4332.80,339.45M,-3.58%
16-06-2009,4517.80,4478.10,4537.95,4405.95,320.01M,+0.75%
15-06-2009,4484.00,4584.65,4601.05,4469.60,322.45M,-2.17%
12-06-2009,4583.40,4637.55,4693.20,4566.15,351.58M,-1.17%
11-06-2009,4637.70,4657.40,4679.55,4586.15,391.60M,-0.38%
10-06-2009,4655.25,4551.70,4688.95,4551.70,392.19M,+2.29%
09-06-2009,4550.95,4427.75,4562.45,4365.10,414.28M,+2.73%
08-06-2009,4429.90,4582.35,4611.40,4404.65,370.09M,-3.42%
05-06-2009,4586.90,4573.30,4636.85,4561.95,409.91M,+0.31%
04-06-2009,4572.65,4530.30,4582.20,4453.45,424.05M,+0.93%
03-06-2009,4530.70,4525.50,4574.90,4478.60,415.83M,+0.12%
02-06-2009,4525.25,4530.45,4586.40,4451.30,396.33M,-0.10%
01-06-2009,4529.90,4450.40,4545.40,4450.40,464.26M,+1.82%
29-05-2009,4448.95,4340.75,4488.05,4340.75,506.80M,+2.58%
28-05-2009,4337.10,4276.15,4354.85,4254.85,460.44M,+1.43%
27-05-2009,4276.05,4117.30,4286.45,4115.25,353.50M,+3.87%
26-05-2009,4116.70,4239.55,4256.05,4092.25,308.74M,-2.85%
25-05-2009,4237.55,4238.10,4270.05,4205.10,299.30M,-0.02%
22-05-2009,4238.50,4211.85,4249.50,4155.85,284.16M,+0.66%
21-05-2009,4210.90,4270.35,4319.00,4199.20,353.07M,-1.39%
20-05-2009,4270.30,4318.75,4362.85,4244.70,471.34M,-1.11%
19-05-2009,4318.45,4324.95,4509.40,4167.65,670.98M,-0.11%
18-05-2009,4323.15,3673.15,4384.30,3673.15,2.77M,+17.74%
15-05-2009,3671.65,3597.85,3686.25,3597.85,300.88M,+2.18%
14-05-2009,3593.45,3631.90,3631.90,3537.60,288.15M,-1.15%
13-05-2009,3635.25,3668.75,3709.60,3610.20,354.31M,-1.25%
12-05-2009,3681.10,3554.65,3691.65,3534.20,366.06M,+3.56%
11-05-2009,3554.60,3615.75,3660.20,3534.55,285.34M,-1.83%
08-05-2009,3620.70,3681.80,3711.25,3582.85,291.29M,-1.72%
07-05-2009,3683.90,3617.15,3692.05,3617.15,326.30M,+1.62%
06-05-2009,3625.05,3662.00,3717.05,3608.65,408.10M,-1.01%
05-05-2009,3661.90,3664.50,3682.20,3618.75,442.07M,+0.22%
04-05-2009,3654.00,3478.70,3664.50,3478.70,363.87M,+5.18%
29-04-2009,3473.95,3371.65,3486.40,3366.70,483.58M,+3.32%
28-04-2009,3362.35,3469.50,3471.95,3351.50,287.14M,-3.10%
27-04-2009,3470.00,3481.30,3517.25,3435.30,315.94M,-0.31%
24-04-2009,3480.75,3423.60,3491.35,3402.90,306.13M,+1.67%
23-04-2009,3423.70,3330.50,3439.90,3310.50,312.63M,+2.80%
22-04-2009,3330.30,3364.60,3401.10,3296.90,327.29M,-1.04%
21-04-2009,3365.30,3376.85,3414.70,3309.35,344.67M,-0.35%
20-04-2009,3377.10,3384.75,3441.10,3339.45,341.80M,-0.22%
17-04-2009,3384.40,3369.50,3489.85,3359.25,491.16M,+0.44%
16-04-2009,3369.50,3484.35,3511.25,3354.20,559.55M,-3.29%
15-04-2009,3484.15,3381.45,3497.55,3311.80,458.49M,+3.00%
13-04-2009,3382.60,3342.20,3417.80,3334.15,331.53M,+1.21%
09-04-2009,3342.05,3346.00,3401.15,3307.05,414.64M,-0.03%
08-04-2009,3342.95,3255.35,3357.05,3149.25,409.03M,+2.65%
06-04-2009,3256.60,3211.35,3303.90,3211.35,357.07M,+1.42%
02-04-2009,3211.05,3061.05,3228.75,3061.05,370.84M,+4.92%
01-04-2009,3060.35,3023.85,3069.30,2965.70,319.35M,+1.30%
31-03-2009,3020.95,2981.70,3054.30,2966.40,341.40M,+1.44%
30-03-2009,2978.15,3108.75,3110.20,2962.40,275.78M,-4.20%
27-03-2009,3108.65,3079.40,3123.35,3055.90,323.36M,+0.86%
26-03-2009,3082.25,2982.25,3103.35,2982.25,416.18M,+3.28%
25-03-2009,2984.35,2938.80,2996.50,2923.30,383.65M,+1.55%
24-03-2009,2938.70,2923.80,3017.40,2914.50,383.08M,-0.04%
23-03-2009,2939.90,2807.25,2949.75,2807.25,250.48M,+4.73%
20-03-2009,2807.05,2807.35,2816.10,2773.65,186.84M,0.00%
19-03-2009,2807.15,2797.05,2822.25,2771.35,223.41M,+0.45%
18-03-2009,2794.70,2757.65,2836.05,2752.25,261.79M,+1.35%
17-03-2009,2757.45,2776.35,2805.60,2738.70,288.78M,-0.71%
16-03-2009,2777.25,2716.05,2781.95,2701.95,263.13M,+2.13%
13-03-2009,2719.25,2616.60,2726.15,2616.60,263.89M,+3.89%
12-03-2009,2617.45,2574.50,2646.10,2574.50,213.79M,+1.72%
09-03-2009,2573.15,2620.10,2621.25,2555.60,166.41M,-1.79%
06-03-2009,2620.15,2576.75,2628.10,2539.45,242.51M,+1.69%
05-03-2009,2576.70,2645.90,2663.90,2564.10,244.86M,-2.59%
04-03-2009,2645.20,2611.95,2655.70,2611.95,202.95M,+0.87%
03-03-2009,2622.40,2672.15,2688.50,2611.55,217.64M,-1.95%
02-03-2009,2674.60,2764.60,2764.60,2659.55,194.23M,-3.22%
27-02-2009,2763.65,2785.70,2787.20,2708.45,231.16M,-0.79%
26-02-2009,2785.65,2762.20,2797.80,2731.90,250.17M,+0.84%
25-02-2009,2762.50,2733.45,2789.35,2733.45,176.81M,+1.05%
24-02-2009,2733.90,2737.25,2746.20,2677.55,182.64M,-0.09%
20-02-2009,2736.45,2789.30,2789.30,2709.30,154.75M,-1.90%
19-02-2009,2789.35,2776.70,2802.15,2767.60,174.59M,+0.48%
18-02-2009,2776.15,2755.15,2806.50,2736.65,214.16M,+0.20%
17-02-2009,2770.50,2853.85,2854.65,2757.30,191.43M,-2.74%
16-02-2009,2848.50,2948.25,2953.20,2839.10,244.94M,-3.39%
13-02-2009,2948.35,2896.95,2969.75,2896.85,195.72M,+1.91%
12-02-2009,2893.05,2927.40,2939.00,2886.55,214.71M,-1.12%
11-02-2009,2925.70,2933.00,2937.50,2877.60,243.27M,-0.30%
10-02-2009,2934.50,2919.70,2957.40,2891.75,301.75M,+0.50%
09-02-2009,2919.90,2843.05,2926.75,2840.15,117.64M,+2.70%
06-02-2009,2843.10,2779.35,2852.50,2778.65,187.96M,+2.27%
05-02-2009,2780.05,2802.75,2816.80,2754.85,178.48M,-0.82%
04-02-2009,2803.05,2780.70,2842.20,2780.70,204.15M,+0.69%
03-02-2009,2783.90,2773.50,2831.70,2752.90,252.55M,+0.62%
02-02-2009,2766.65,2872.35,2873.45,2760.70,234.94M,-3.76%
30-01-2009,2874.80,2824.05,2881.00,2774.10,295.00M,+1.80%
29-01-2009,2823.95,2849.35,2873.85,2795.35,330.75M,-0.90%
28-01-2009,2849.50,2771.10,2855.40,2765.60,274.48M,+2.82%
27-01-2009,2771.35,2686.05,2777.30,2685.25,218.65M,+3.46%
23-01-2009,2678.55,2705.45,2765.55,2661.65,211.29M,-1.30%
22-01-2009,2713.80,2714.70,2744.85,2681.40,229.57M,+0.28%
21-01-2009,2706.15,2777.40,2787.30,2690.20,220.07M,-3.23%
20-01-2009,2796.60,2842.90,2842.90,2758.00,233.29M,-1.74%
19-01-2009,2846.20,2828.70,2868.20,2819.90,328.34M,+0.63%
16-01-2009,2828.45,2737.00,2835.65,2724.20,229.50M,+3.35%
15-01-2009,2736.70,2832.30,2832.30,2701.75,214.28M,-3.48%
14-01-2009,2835.30,2748.40,2853.25,2748.40,217.30M,+3.29%
13-01-2009,2744.95,2775.00,2802.60,2720.80,252.70M,-1.02%
12-01-2009,2773.10,2868.85,2869.20,2748.55,382.11M,-3.48%
09-01-2009,2873.00,2919.95,2929.85,2810.25,591.98M,-1.62%
07-01-2009,2920.40,3112.80,3147.20,2888.20,686.89M,-6.18%
06-01-2009,3112.80,3121.50,3141.80,3056.10,340.45M,-0.28%
05-01-2009,3121.45,3058.75,3131.95,3056.45,311.93M,+2.45%
02-01-2009,3046.75,3034.60,3079.85,3021.80,318.67M,+0.44%
01-01-2009,3033.45,2963.30,3039.25,2963.30,226.68M,+2.51%
31-12-2008,2959.15,2979.80,3002.65,2937.35,288.83M,-0.68%
30-12-2008,2979.50,2922.55,2999.15,2899.75,302.75M,+1.96%
29-12-2008,2922.20,2857.15,2931.80,2812.90,335.17M,+2.27%
26-12-2008,2857.25,2919.85,2960.95,2844.80,237.94M,-2.04%
24-12-2008,2916.85,2967.40,2968.00,2900.45,380.46M,-1.74%
23-12-2008,2968.65,3039.25,3040.00,2957.05,303.13M,-2.32%
22-12-2008,3039.30,3077.25,3110.45,3027.80,315.83M,-1.24%
19-12-2008,3077.50,3063.00,3106.80,3036.30,386.31M,+0.55%
18-12-2008,3060.75,2955.35,3072.55,2922.65,377.03M,+3.60%
17-12-2008,2954.35,3040.45,3076.20,2943.50,344.62M,-2.87%
16-12-2008,3041.75,2983.60,3052.55,2963.30,270.62M,+2.03%
15-12-2008,2981.20,2917.90,3012.10,2917.90,293.74M,+2.05%
12-12-2008,2921.35,2915.35,2936.80,2812.55,38.34M,+0.04%
11-12-2008,2920.15,2934.05,2945.30,2861.55,352.21M,-0.28%
10-12-2008,2928.25,2785.70,2940.15,2785.70,370.60M,+5.18%
08-12-2008,2784.00,2714.70,2861.55,2714.70,311.40M,+2.56%
05-12-2008,2714.40,2786.65,2821.15,2701.35,319.25M,-2.64%
04-12-2008,2788.00,2656.50,2793.80,2646.35,324.14M,+4.95%
03-12-2008,2656.45,2657.50,2693.65,2611.95,282.54M,-0.05%
02-12-2008,2657.80,2672.90,2672.90,2570.70,261.05M,-0.94%
01-12-2008,2682.90,2755.15,2832.85,2669.50,257.84M,-2.62%
28-11-2008,2755.10,2745.70,2779.00,2690.30,296.32M,+0.10%
26-11-2008,2752.25,2652.45,2762.60,2643.35,269.95M,+3.70%
25-11-2008,2654.00,2708.30,2790.70,2638.20,214.27M,-2.00%
24-11-2008,2708.25,2690.85,2740.35,2633.80,236.73M,+0.55%
21-11-2008,2693.45,2553.60,2718.60,2539.80,281.16M,+5.50%
20-11-2008,2553.15,2634.20,2634.20,2502.90,204.79M,-3.11%
19-11-2008,2635.00,2682.75,2772.40,2617.90,230.51M,-1.79%
18-11-2008,2683.15,2802.45,2802.45,2664.30,220.18M,-4.16%
17-11-2008,2799.55,2813.40,2835.70,2694.50,251.22M,-0.38%
14-11-2008,2810.35,2848.00,2938.80,2778.80,256.74M,-1.34%
12-11-2008,2848.45,2937.90,2975.20,2794.95,250.46M,-3.07%
11-11-2008,2938.65,3147.20,3147.20,2919.45,221.65M,-6.66%
10-11-2008,3148.25,2973.30,3161.25,2973.30,250.70M,+5.89%
07-11-2008,2973.00,2893.25,3010.00,2860.10,246.64M,+2.78%
06-11-2008,2892.65,2998.45,3007.80,2860.25,268.18M,-3.42%
05-11-2008,2994.95,3155.75,3240.55,2971.00,305.69M,-4.68%
04-11-2008,3142.10,3050.25,3152.30,2985.00,304.61M,+3.23%
03-11-2008,3043.85,2885.40,3062.05,2885.40,240.43M,+5.48%
31-10-2008,2885.60,2696.30,2921.35,2696.30,320.46M,+6.99%
29-10-2008,2697.05,2685.30,2781.25,2631.90,361.64M,+0.46%
28-10-2008,2684.60,2526.20,2695.95,2526.20,512.06M,+6.35%
27-10-2008,2524.20,2583.75,2585.30,2252.75,341.12M,-2.31%
24-10-2008,2584.00,2936.25,2936.25,2525.05,348.59M,-12.20%
23-10-2008,2943.15,3064.80,3085.10,2917.15,234.03M,-3.98%
22-10-2008,3065.15,3234.70,3235.75,3051.80,171.32M,-5.25%
21-10-2008,3234.90,3125.40,3254.85,3117.35,225.59M,+3.59%
20-10-2008,3122.80,3108.20,3238.40,3058.95,185.82M,+1.58%
17-10-2008,3074.35,3269.05,3335.95,3046.60,193.32M,-5.96%
16-10-2008,3269.30,3333.85,3333.85,3099.90,234.08M,-2.07%
15-10-2008,3338.40,3517.90,3518.50,3324.55,163.72M,-5.12%
14-10-2008,3518.65,3494.10,3648.25,3491.50,177.53M,+0.80%
13-10-2008,3490.70,3272.90,3510.20,3272.90,195.17M,+6.43%
10-10-2008,3279.95,3502.05,3502.05,3198.95,283.84M,-6.65%
08-10-2008,3513.65,3604.40,3604.40,3329.45,228.58M,-2.58%
07-10-2008,3606.60,3606.95,3732.65,3537.00,210.22M,+0.12%
06-10-2008,3602.35,3817.30,3820.85,3581.60,157.49M,-5.66%
03-10-2008,3818.30,3953.55,3969.55,3804.85,172.52M,-3.35%
01-10-2008,3950.75,3921.85,4000.50,3861.25,149.83M,+0.75%
30-09-2008,3921.20,3848.70,3966.85,3715.05,217.10M,+1.85%
29-09-2008,3850.05,3990.20,3997.55,3777.30,187.24M,-3.39%
26-09-2008,3985.25,4108.75,4110.70,3970.35,133.85M,-3.05%
25-09-2008,4110.55,4162.15,4172.60,4077.50,217.96M,-1.22%
24-09-2008,4161.25,4125.75,4207.95,4115.85,156.07M,+0.83%
23-09-2008,4126.90,4223.90,4224.70,4117.90,125.53M,-2.28%
22-09-2008,4223.05,4248.95,4303.25,4202.40,136.00M,-0.52%
19-09-2008,4245.25,4040.80,4262.65,4040.80,205.15M,+5.13%
18-09-2008,4038.15,4005.25,4050.10,3799.55,203.05M,+0.75%
17-09-2008,4008.25,4074.80,4116.70,3974.60,153.24M,-1.64%
16-09-2008,4074.90,4072.55,4090.10,3919.35,159.50M,+0.05%
15-09-2008,4072.90,4231.95,4237.25,3955.40,147.16M,-3.68%
12-09-2008,4228.45,4291.60,4323.90,4200.15,145.75M,-1.44%
11-09-2008,4290.30,4397.25,4399.30,4272.75,116.72M,-2.50%
10-09-2008,4400.25,4467.50,4467.50,4382.35,134.79M,-1.53%
09-09-2008,4468.70,4485.15,4497.50,4418.95,95.55M,-0.30%
08-09-2008,4482.30,4358.30,4558.00,4358.30,117.22M,+2.99%
05-09-2008,4352.30,4444.70,4444.70,4328.90,108.53M,-2.15%
04-09-2008,4447.75,4512.95,4514.60,4419.45,114.63M,-1.25%
02-09-2008,4504.00,4358.85,4522.40,4343.10,129.29M,+3.57%
01-09-2008,4348.65,4356.10,4365.00,4281.35,82.97M,-0.26%
29-08-2008,4360.00,4230.60,4368.80,4230.60,111.46M,+3.46%
28-08-2008,4214.00,4290.75,4304.50,4201.85,160.48M,-1.82%
27-08-2008,4292.10,4336.85,4364.25,4282.65,84.38M,-1.05%
26-08-2008,4337.50,4335.20,4345.05,4283.30,86.26M,+0.05%
25-08-2008,4335.35,4317.95,4398.80,4317.95,79.24M,+0.18%
22-08-2008,4327.45,4283.85,4337.00,4248.00,101.44M,+1.02%
21-08-2008,4283.85,4416.20,4418.55,4271.30,91.31M,-2.99%
20-08-2008,4415.75,4365.45,4434.90,4365.45,89.40M,+1.09%
19-08-2008,4368.25,4393.10,4393.70,4316.55,96.48M,-0.56%
18-08-2008,4393.05,4430.70,4447.40,4379.85,96.20M,-0.85%
14-08-2008,4430.70,4524.20,4529.80,4421.25,94.98M,-2.17%
13-08-2008,4529.05,4548.05,4572.65,4497.25,105.39M,-0.51%
12-08-2008,4552.25,4620.95,4649.85,4525.75,123.23M,-1.47%
11-08-2008,4620.40,4529.35,4625.20,4529.35,112.94M,+2.01%
08-08-2008,4529.50,4518.35,4546.35,4464.00,114.20M,+0.12%
07-08-2008,4523.85,4515.25,4580.15,4493.70,133.71M,+0.14%
06-08-2008,4517.55,4506.25,4615.90,4503.90,175.50M,+0.33%
05-08-2008,4502.85,4395.80,4515.15,4376.00,193.93M,+2.45%
04-08-2008,4395.35,4426.10,4436.15,4362.90,131.34M,-0.41%
01-08-2008,4413.55,4331.60,4422.95,4235.70,178.08M,+1.86%
31-07-2008,4332.95,4314.35,4342.00,4285.55,199.68M,+0.45%
30-07-2008,4313.55,4191.20,4327.00,4191.20,151.94M,+2.95%
29-07-2008,4189.85,4332.20,4332.20,4159.15,125.81M,-3.28%
28-07-2008,4332.10,4282.25,4352.65,4282.25,111.11M,+0.47%
25-07-2008,4311.85,4440.85,4440.85,4297.15,161.63M,-2.74%
24-07-2008,4433.55,4476.20,4539.45,4385.85,176.95M,-0.97%
23-07-2008,4476.80,4246.70,4491.55,4246.70,233.62M,+5.58%
22-07-2008,4240.10,4158.45,4262.45,4137.95,165.65M,+1.94%
21-07-2008,4159.50,4092.20,4168.15,4072.75,136.66M,+1.64%
18-07-2008,4092.25,3962.95,4110.55,3926.30,175.07M,+3.67%
17-07-2008,3947.20,3823.15,3968.75,3823.15,179.94M,+3.42%
16-07-2008,3816.70,3861.55,3920.05,3790.20,175.51M,-1.15%
15-07-2008,3861.10,4039.30,4040.70,3835.50,141.87M,-4.42%
14-07-2008,4039.70,4047.45,4118.10,4004.25,125.91M,-0.23%
11-07-2008,4049.00,4166.00,4215.50,4014.45,136.82M,-2.72%
10-07-2008,4162.20,4155.65,4187.95,4110.40,146.41M,+0.12%
09-07-2008,4157.10,3990.90,4169.40,3990.90,144.53M,+4.23%
08-07-2008,3988.55,4028.70,4028.70,3896.05,135.09M,-1.03%
07-07-2008,4030.00,4002.00,4114.50,4002.00,125.74M,+0.35%
04-07-2008,4016.00,3926.65,4033.50,3896.40,152.04M,+2.30%
03-07-2008,3925.75,4094.60,4097.35,3874.85,154.49M,-4.09%
02-07-2008,4093.35,3895.30,4107.15,3848.25,199.76M,+5.05%
01-07-2008,3896.75,4039.75,4075.40,3878.20,164.47M,-3.56%
30-06-2008,4040.55,4136.25,4163.00,4021.70,144.49M,-2.32%
27-06-2008,4136.65,4315.30,4315.30,4119.20,177.16M,-4.15%
26-06-2008,4315.85,4252.60,4324.75,4230.00,195.95M,+1.49%
25-06-2008,4252.65,4189.60,4264.55,4093.20,151.94M,+1.47%
24-06-2008,4191.10,4271.05,4305.90,4156.10,132.37M,-1.76%
23-06-2008,4266.40,4351.15,4351.15,4225.50,126.31M,-1.87%
20-06-2008,4347.55,4504.20,4532.00,4333.60,133.10M,-3.48%
19-06-2008,4504.25,4582.55,4585.70,4488.95,102.14M,-1.71%
18-06-2008,4582.40,4652.80,4679.75,4569.90,136.86M,-1.52%
17-06-2008,4653.00,4572.50,4664.05,4561.75,107.12M,+1.76%
16-06-2008,4572.50,4536.30,4617.70,4536.30,111.42M,+1.23%
13-06-2008,4517.10,4539.50,4563.35,4491.35,139.53M,-0.49%
12-06-2008,4539.35,4524.40,4550.00,4392.00,163.97M,+0.35%
11-06-2008,4523.60,4469.65,4541.05,4468.05,166.12M,+1.66%
10-06-2008,4449.80,4522.00,4522.55,4369.80,165.41M,-1.14%
09-06-2008,4500.95,4626.45,4626.45,4411.60,175.25M,-2.74%
06-06-2008,4627.80,4680.55,4746.30,4614.25,132.09M,-1.05%
05-06-2008,4676.95,4586.95,4690.60,4536.25,168.87M,+1.99%
04-06-2008,4585.60,4718.70,4731.50,4564.50,154.82M,-2.76%
03-06-2008,4715.90,4739.30,4739.30,4634.00,140.73M,-0.50%
02-06-2008,4739.60,4869.25,4908.80,4713.00,118.40M,-2.68%
30-05-2008,4870.10,4844.05,4908.85,4833.45,138.62M,+0.72%
29-05-2008,4835.30,4926.30,4957.40,4801.90,194.90M,-1.69%
28-05-2008,4918.35,4862.70,4926.90,4835.65,140.74M,+1.20%
27-05-2008,4859.80,4877.15,4932.00,4846.20,120.40M,-0.31%
26-05-2008,4875.05,4953.60,4953.60,4858.00,124.35M,-1.45%
23-05-2008,4946.55,5026.55,5059.05,4940.70,152.37M,-1.57%
22-05-2008,5025.45,5117.00,5118.90,5010.70,113.50M,-1.80%
21-05-2008,5117.65,5105.70,5135.55,5048.70,163.03M,+0.25%
20-05-2008,5104.95,5157.00,5160.05,5072.40,157.36M,-1.02%
16-05-2008,5157.70,5115.65,5167.40,5106.40,153.20M,+0.83%
15-05-2008,5115.25,5010.90,5118.55,4999.60,150.79M,+2.07%
14-05-2008,5011.75,4958.45,5026.10,4932.05,147.69M,+1.09%
13-05-2008,4957.80,5008.60,5066.00,4943.75,158.38M,-1.09%
12-05-2008,5012.65,4981.00,5021.75,4913.80,150.70M,+0.60%
09-05-2008,4982.60,5070.85,5087.65,4969.40,142.29M,-1.95%
08-05-2008,5081.70,5135.80,5143.05,5062.45,127.17M,-1.05%
07-05-2008,5135.50,5156.70,5159.05,5101.25,153.38M,-0.18%
06-05-2008,5144.65,5192.35,5206.50,5110.90,131.31M,-0.92%
05-05-2008,5192.25,5227.25,5254.50,5182.60,125.63M,-0.69%
02-05-2008,5228.20,5265.30,5298.85,5197.60,131.24M,+1.21%
30-04-2008,5165.90,5198.35,5230.75,5155.85,146.21M,-0.57%
29-04-2008,5195.50,5092.40,5210.90,5082.15,214.91M,+2.08%
28-04-2008,5089.65,5112.50,5147.45,5079.15,110.78M,-0.43%
25-04-2008,5111.70,4999.15,5117.70,4999.15,134.45M,+2.24%
24-04-2008,4999.85,5022.90,5072.70,4991.35,154.29M,-0.46%
23-04-2008,5022.80,5044.35,5083.50,5003.55,144.56M,-0.52%
22-04-2008,5049.30,5037.05,5074.25,4994.05,126.75M,+0.24%
21-04-2008,5037.00,4955.90,5053.40,4955.90,110.42M,+1.59%
17-04-2008,4958.40,4890.60,4984.95,4889.65,135.28M,+1.45%
16-04-2008,4887.30,4881.65,4951.40,4874.05,137.21M,+0.16%
15-04-2008,4879.65,4779.95,4917.10,4708.30,152.08M,+2.13%
11-04-2008,4777.80,4734.35,4817.40,4727.25,132.77M,+0.95%
10-04-2008,4733.00,4747.55,4799.50,4720.90,150.14M,-0.30%
09-04-2008,4747.05,4707.05,4758.25,4667.50,101.41M,+0.79%
08-04-2008,4709.65,4760.65,4769.55,4677.80,113.75M,-1.08%
07-04-2008,4761.20,4631.35,4798.55,4628.80,124.93M,+2.46%
04-04-2008,4647.00,4766.70,4791.70,4632.70,131.51M,-2.61%
03-04-2008,4771.60,4753.90,4833.25,4738.20,124.59M,+0.37%
02-04-2008,4754.20,4741.40,4916.75,4741.40,114.66M,+0.31%
01-04-2008,4739.55,4735.65,4800.75,4628.75,119.88M,+0.11%
31-03-2008,4734.50,4942.15,4947.00,4703.85,147.20M,-4.20%
28-03-2008,4942.00,4830.00,4970.80,4796.35,162.59M,+2.31%
27-03-2008,4830.25,4828.80,4863.75,4769.60,180.12M,+0.03%
26-03-2008,4828.85,4878.70,4912.30,4808.65,126.10M,-1.00%
25-03-2008,4877.50,4616.80,4896.80,4616.80,142.37M,+5.81%
24-03-2008,4609.85,4576.80,4649.45,4539.80,123.98M,+0.78%
19-03-2008,4573.95,4534.75,4718.40,4533.90,158.51M,+0.90%
18-03-2008,4533.00,4519.90,4617.95,4468.55,169.44M,+0.66%
17-03-2008,4503.10,4745.45,4745.45,4482.10,143.35M,-5.11%
14-03-2008,4745.80,4623.80,4758.95,4607.55,135.57M,+2.64%
13-03-2008,4623.60,4868.70,4868.80,4580.15,137.64M,-5.10%
12-03-2008,4872.00,4869.75,5019.20,4854.75,135.04M,+0.13%
11-03-2008,4865.90,4796.30,4888.50,4732.85,158.76M,+1.36%
10-03-2008,4800.40,4767.80,4814.95,4620.50,155.88M,+0.60%
07-03-2008,4771.60,4918.30,4918.30,4672.25,145.78M,-3.04%
05-03-2008,4921.40,4866.85,4936.75,4847.25,114.72M,+1.17%
04-03-2008,4864.25,4958.55,4976.70,4812.95,150.84M,-1.79%
03-03-2008,4953.00,5222.80,5222.80,4936.05,150.74M,-5.18%
29-02-2008,5223.50,5285.00,5290.80,5098.35,165.09M,-1.17%
28-02-2008,5285.10,5266.35,5302.85,5227.15,107.98M,+0.32%
27-02-2008,5268.40,5271.40,5368.15,5249.75,89.57M,-0.03%
26-02-2008,5270.05,5200.80,5281.20,5200.80,86.10M,+1.33%
25-02-2008,5200.70,5112.25,5212.35,5055.15,78.36M,+1.76%
22-02-2008,5110.75,5183.40,5184.00,5092.80,72.07M,-1.56%
21-02-2008,5191.80,5156.90,5241.35,5120.05,89.88M,+0.72%
20-02-2008,5154.45,5267.15,5267.15,5116.30,89.87M,-2.39%
19-02-2008,5280.80,5278.40,5368.45,5262.00,88.67M,+0.07%
18-02-2008,5276.90,5304.45,5348.60,5224.00,77.58M,-0.49%
15-02-2008,5302.90,5202.85,5315.40,5104.75,110.54M,+1.94%
14-02-2008,5202.00,4944.65,5220.25,4944.65,106.43M,+5.53%
13-02-2008,4929.45,4836.55,4986.55,4836.55,104.07M,+1.88%
12-02-2008,4838.25,4877.85,4949.60,4820.45,102.36M,-0.39%
11-02-2008,4857.00,5120.55,5126.40,4803.60,125.73M,-5.14%
08-02-2008,5120.35,5132.10,5173.85,5034.25,108.95M,-0.25%
07-02-2008,5133.25,5322.55,5344.60,5113.85,103.09M,-3.56%
06-02-2008,5322.55,5470.40,5470.40,5257.05,106.12M,-2.94%
05-02-2008,5483.90,5463.75,5500.60,5412.95,96.49M,+0.37%
04-02-2008,5463.50,5315.55,5545.20,5315.55,105.72M,+2.75%
01-02-2008,5317.25,5140.60,5339.95,5090.75,106.70M,+3.50%
31-01-2008,5137.45,5172.25,5251.65,5071.15,187.49M,-0.58%
30-01-2008,5167.60,5283.75,5314.30,5142.25,101.26M,-2.14%
29-01-2008,5280.80,5279.55,5391.60,5225.25,98.43M,+0.13%
28-01-2008,5274.10,5380.95,5380.95,5071.00,94.47M,-2.03%
25-01-2008,5383.35,5035.05,5399.25,5035.05,105.88M,+6.95%
24-01-2008,5033.45,5208.00,5357.20,4995.80,145.35M,-3.27%
23-01-2008,5203.40,4903.05,5328.05,4891.60,172.63M,+6.21%
22-01-2008,4899.30,5203.35,5203.35,4448.50,200.60M,-5.94%
21-01-2008,5208.80,5705.00,5705.00,4977.10,211.34M,-8.70%
18-01-2008,5705.30,5907.75,5908.75,5677.00,135.74M,-3.52%
17-01-2008,5913.20,5937.95,6013.15,5880.30,127.18M,-0.38%
16-01-2008,5935.75,6065.00,6065.00,5825.75,152.50M,-2.28%
15-01-2008,6074.25,6226.35,6260.45,6053.30,117.68M,-2.14%
14-01-2008,6206.80,6208.80,6244.15,6172.00,110.91M,+0.11%
11-01-2008,6200.10,6166.65,6224.20,6112.55,125.14M,+0.70%
10-01-2008,6156.95,6278.10,6347.00,6142.90,133.66M,-1.83%
09-01-2008,6272.00,6287.55,6338.30,6231.25,120.85M,-0.25%
08-01-2008,6287.85,6282.45,6357.10,6221.60,162.56M,+0.14%
07-01-2008,6279.10,6271.00,6289.80,6193.35,139.61M,+0.08%
04-01-2008,6274.30,6179.10,6300.05,6179.10,147.63M,+1.55%
03-01-2008,6178.55,6184.25,6230.15,6126.40,156.36M,-0.01%
02-01-2008,6179.40,6144.70,6197.00,6060.85,110.35M,+0.57%
01-01-2008,6144.35,6136.75,6165.35,6109.85,81.31M,+0.09%
31-12-2007,6138.60,6095.00,6167.75,6095.00,85.02M,+0.97%
28-12-2007,6079.70,6079.55,6098.60,6021.90,79.58M,-0.03%
27-12-2007,6081.50,6069.00,6110.85,6060.20,149.99M,+0.18%
26-12-2007,6070.75,5988.45,6085.25,5988.45,90.83M,+1.43%
24-12-2007,5985.10,5771.30,6001.05,5771.30,100.42M,+3.79%
20-12-2007,5766.50,5751.75,5799.50,5742.75,79.15M,+0.27%
19-12-2007,5751.15,5730.25,5840.80,5676.70,88.36M,+0.15%
18-12-2007,5742.30,5777.60,5874.60,5710.60,109.46M,-0.60%
17-12-2007,5777.00,6037.95,6039.95,5740.60,108.21M,-4.48%
14-12-2007,6047.70,6056.20,6078.55,6015.05,100.56M,-0.17%
13-12-2007,6058.10,6159.25,6185.40,6040.40,120.31M,-1.64%
12-12-2007,6159.30,6067.05,6175.65,6005.45,130.76M,+1.02%
11-12-2007,6097.25,5960.40,6111.20,5960.40,115.31M,+2.29%
10-12-2007,5960.60,5974.00,6015.30,5923.35,86.34M,-0.23%
07-12-2007,5974.30,5963.60,6042.10,5894.80,123.11M,+0.33%
06-12-2007,5954.70,5941.05,6027.05,5919.80,154.95M,+0.25%
05-12-2007,5940.00,5861.90,5949.30,5859.95,120.15M,+1.39%
04-12-2007,5858.35,5870.20,5897.25,5840.30,107.50M,-0.11%
03-12-2007,5865.00,5765.45,5878.80,5754.60,111.92M,+1.77%
30-11-2007,5762.75,5633.90,5782.55,5632.65,170.46M,+2.27%
29-11-2007,5634.60,5617.80,5725.00,5612.10,301.03M,+0.30%
28-11-2007,5617.55,5699.55,5749.95,5595.50,97.58M,-1.41%
27-11-2007,5698.15,5729.25,5743.55,5655.60,96.31M,-0.59%
26-11-2007,5731.70,5611.30,5772.55,5608.95,127.10M,+2.19%
23-11-2007,5608.60,5524.30,5638.60,5514.75,102.01M,+1.62%
22-11-2007,5519.35,5564.65,5608.65,5394.35,149.03M,-0.75%
21-11-2007,5561.05,5778.80,5790.05,5530.85,129.73M,-3.80%
20-11-2007,5780.90,5911.25,5923.70,5755.80,127.22M,-2.15%
19-11-2007,5907.65,5908.05,5981.80,5893.80,104.83M,+0.01%
16-11-2007,5906.85,5913.15,5948.05,5817.40,129.79M,-0.09%
15-11-2007,5912.10,5942.70,5966.95,5895.65,146.64M,-0.43%
14-11-2007,5937.90,5703.95,5950.20,5700.05,173.24M,+4.26%
13-11-2007,5695.40,5612.35,5758.85,5591.60,156.34M,+1.39%
12-11-2007,5617.10,5660.60,5660.60,5477.50,138.68M,-0.81%
09-11-2007,5663.25,5703.45,5794.20,5614.90,213.90M,-0.62%
08-11-2007,5698.75,5779.30,5780.80,5646.75,141.33M,-1.45%
07-11-2007,5782.35,5782.40,5861.35,5744.30,171.69M,-0.07%
06-11-2007,5786.50,5847.10,5957.20,5759.95,244.85M,-1.04%
05-11-2007,5847.30,5931.90,5948.55,5819.60,169.01M,-1.43%
02-11-2007,5932.40,5854.85,5944.75,5714.25,164.84M,+1.12%
01-11-2007,5866.45,5903.80,6011.95,5837.20,270.20M,-0.58%
31-10-2007,5900.65,5868.90,5952.25,5861.30,168.16M,+0.54%
30-10-2007,5868.75,5917.55,5976.00,5833.90,176.83M,-0.63%
29-10-2007,5905.90,5708.90,5922.50,5708.90,173.58M,+3.57%
26-10-2007,5702.30,5564.25,5716.90,5513.35,164.40M,+2.39%
25-10-2007,5568.95,5499.05,5605.95,5469.30,188.74M,+1.32%
24-10-2007,5496.15,5477.60,5577.90,5419.40,166.88M,+0.41%
23-10-2007,5473.70,5185.30,5488.50,5176.85,145.84M,+5.59%
22-10-2007,5184.00,5202.75,5247.40,5070.90,131.80M,-0.60%
19-10-2007,5215.30,5360.35,5390.85,5101.75,181.01M,-2.54%
18-10-2007,5351.00,5551.10,5736.80,5269.65,202.75M,-3.75%
17-10-2007,5559.30,5658.90,5658.90,5107.30,186.85M,-1.92%
16-10-2007,5668.05,5670.65,5708.35,5578.45,174.11M,-0.04%
15-10-2007,5670.40,5428.35,5682.65,5419.90,160.99M,+4.46%
12-10-2007,5428.25,5525.30,5549.30,5402.60,174.47M,-1.75%
11-10-2007,5524.85,5438.90,5532.75,5424.25,130.84M,+1.53%
10-10-2007,5441.45,5328.15,5454.70,5328.15,184.94M,+2.14%
09-10-2007,5327.25,5062.65,5348.70,5000.95,139.86M,+4.76%
08-10-2007,5085.10,5186.25,5249.30,5024.75,111.43M,-1.94%
05-10-2007,5185.85,5208.15,5248.55,5164.50,93.29M,-0.44%
04-10-2007,5208.65,5211.65,5233.10,5126.05,127.31M,-0.04%
03-10-2007,5210.80,5069.00,5261.35,5034.15,187.72M,+2.80%
01-10-2007,5068.95,5021.50,5089.30,5001.35,132.21M,+0.95%
28-09-2007,5021.35,4996.45,5055.80,4996.45,137.76M,+0.42%
27-09-2007,5000.55,4942.70,5016.40,4942.70,172.14M,+1.22%
26-09-2007,4940.50,4937.60,4980.85,4930.35,117.67M,+0.03%
25-09-2007,4938.85,4939.10,4953.90,4878.15,140.29M,+0.13%
24-09-2007,4932.20,4837.15,4941.15,4837.15,147.58M,+1.96%
21-09-2007,4837.55,4752.95,4855.70,4733.70,161.39M,+1.90%
20-09-2007,4747.55,4734.85,4760.85,4721.15,93.97M,+0.32%
19-09-2007,4732.35,4550.25,4739.00,4550.25,108.52M,+4.09%
18-09-2007,4546.20,4494.10,4551.80,4481.55,56.39M,+1.15%
17-09-2007,4494.65,4518.45,4549.05,4482.85,51.25M,-0.52%
14-09-2007,4518.00,4530.00,4582.60,4508.85,71.20M,-0.24%
13-09-2007,4528.95,4498.05,4540.60,4498.05,59.33M,+0.71%
12-09-2007,4496.85,4498.65,4531.50,4490.40,66.79M,0.00%
11-09-2007,4497.05,4509.65,4538.60,4487.15,80.05M,-0.24%
10-09-2007,4507.85,4506.85,4515.25,4452.95,68.94M,-0.04%
07-09-2007,4509.50,4518.65,4547.75,4499.90,58.01M,-0.20%
06-09-2007,4518.60,4475.70,4522.50,4445.55,60.55M,+0.96%
05-09-2007,4475.85,4479.60,4507.75,4458.55,73.80M,-0.08%
04-09-2007,4479.25,4481.55,4501.30,4460.40,72.43M,+0.10%
03-09-2007,4474.75,4466.65,4490.55,4452.40,82.24M,+0.24%
31-08-2007,4464.00,4412.60,4471.30,4403.00,83.58M,+1.17%
30-08-2007,4412.30,4360.35,4422.30,4359.75,128.10M,+1.22%
29-08-2007,4359.30,4317.70,4368.60,4226.35,85.95M,+0.89%
28-08-2007,4320.70,4302.40,4329.15,4280.60,62.00M,+0.42%
27-08-2007,4302.60,4193.60,4310.00,4193.60,62.77M,+2.68%
24-08-2007,4190.15,4113.05,4201.45,4110.05,63.18M,+1.83%
23-08-2007,4114.95,4160.10,4249.85,4100.80,94.00M,-0.92%
22-08-2007,4153.15,4081.25,4165.70,4040.15,88.28M,+1.92%
21-08-2007,4074.90,4209.55,4238.10,4058.55,75.55M,-3.19%
20-08-2007,4209.05,4108.95,4262.60,4108.95,68.78M,+2.46%
17-08-2007,4108.05,4171.10,4171.10,4002.20,135.96M,-1.69%
16-08-2007,4178.60,4366.00,4366.00,4171.15,96.56M,-4.38%
14-08-2007,4370.20,4373.90,4394.30,4354.35,43.44M,-0.08%
13-08-2007,4373.65,4324.65,4383.80,4324.65,49.07M,+0.93%
10-08-2007,4333.35,4393.60,4395.50,4239.20,81.66M,-1.59%
09-08-2007,4403.20,4462.25,4530.05,4390.80,78.45M,-1.32%
08-08-2007,4462.10,4357.00,4472.15,4356.75,68.39M,+2.43%
07-08-2007,4356.35,4341.50,4406.40,4341.50,62.46M,+0.39%
06-08-2007,4339.50,4404.05,4404.05,4267.15,63.59M,-1.41%
03-08-2007,4401.55,4355.75,4428.10,4355.75,62.86M,+1.04%
02-08-2007,4356.35,4356.35,4399.75,4327.00,71.07M,+0.24%
01-08-2007,4345.85,4528.85,4532.90,4339.75,104.23M,-4.04%
31-07-2007,4528.85,4444.25,4534.20,4432.85,84.26M,+2.00%
30-07-2007,4440.05,4442.35,4493.05,4403.70,94.93M,-0.12%
27-07-2007,4445.20,4618.65,4618.90,4424.25,134.57M,-3.78%
26-07-2007,4619.80,4593.10,4624.30,4570.80,128.90M,+0.68%
25-07-2007,4588.70,4620.50,4620.50,4555.80,108.55M,-0.69%
24-07-2007,4620.75,4620.05,4647.95,4609.75,81.34M,+0.03%
23-07-2007,4619.35,4564.25,4628.45,4547.20,76.30M,+1.17%
20-07-2007,4566.05,4563.75,4600.80,4553.80,87.67M,+0.09%
19-07-2007,4562.10,4500.35,4573.00,4496.20,84.00M,+1.39%
18-07-2007,4499.55,4498.65,4510.80,4452.85,78.47M,+0.06%
17-07-2007,4496.75,4497.10,4550.25,4488.25,98.18M,-0.34%
16-07-2007,4512.15,4505.95,4521.85,4495.95,100.80M,+0.17%
13-07-2007,4504.55,4446.40,4513.90,4446.05,126.46M,+1.31%
12-07-2007,4446.15,4388.05,4451.95,4387.05,94.21M,+1.34%
11-07-2007,4387.15,4403.80,4411.45,4344.70,77.61M,-0.43%
10-07-2007,4406.05,4419.10,4434.45,4393.00,72.59M,-0.30%
09-07-2007,4419.40,4385.45,4427.55,4385.45,59.06M,+0.79%
06-07-2007,4384.85,4353.10,4411.00,4304.00,83.29M,+0.71%
05-07-2007,4353.95,4359.20,4378.55,4311.80,63.67M,-0.12%
04-07-2007,4359.30,4358.25,4386.45,4342.00,62.53M,+0.04%
03-07-2007,4357.55,4315.05,4363.35,4313.55,60.04M,+1.02%
02-07-2007,4313.75,4318.40,4346.75,4305.45,64.31M,-0.11%
29-06-2007,4318.30,4282.40,4321.35,4280.95,72.07M,+0.85%
28-06-2007,4282.00,4263.90,4291.40,4256.90,117.44M,+0.42%
27-06-2007,4263.95,4286.20,4294.20,4255.25,76.76M,-0.51%
26-06-2007,4285.70,4259.40,4296.15,4250.10,78.18M,+0.62%
25-06-2007,4259.40,4251.40,4264.25,4236.30,75.53M,+0.17%
22-06-2007,4252.05,4267.55,4278.85,4242.50,65.62M,-0.36%
21-06-2007,4267.40,4248.65,4275.35,4220.10,71.84M,+0.44%
20-06-2007,4248.65,4214.30,4257.00,4214.30,65.96M,+0.82%
19-06-2007,4214.30,4143.85,4222.40,4136.15,56.23M,+1.62%
18-06-2007,4147.10,4177.00,4208.15,4140.25,51.44M,-0.58%
15-06-2007,4171.45,4186.40,4209.45,4153.70,62.45M,+0.03%
14-06-2007,4170.00,4113.20,4174.05,4112.85,62.82M,+1.38%
13-06-2007,4113.05,4155.20,4161.80,4102.95,63.99M,-1.01%
12-06-2007,4155.20,4139.70,4166.85,4100.80,73.32M,+0.23%
11-06-2007,4145.60,4183.75,4205.20,4134.95,82.51M,+0.01%
08-06-2007,4145.00,4179.50,4195.15,4126.10,101.08M,-0.83%
07-06-2007,4179.50,4197.60,4230.05,4130.50,85.73M,-0.45%
06-06-2007,4198.25,4285.75,4324.10,4190.95,83.44M,-2.02%
05-06-2007,4284.65,4268.90,4292.50,4249.10,77.38M,+0.41%
04-06-2007,4267.05,4300.70,4362.95,4256.45,81.07M,-0.70%
01-06-2007,4297.05,4296.05,4325.80,4288.55,72.92M,+0.03%
31-05-2007,4295.80,4250.25,4306.75,4250.25,105.56M,+1.09%
30-05-2007,4249.65,4292.70,4301.60,4241.35,88.08M,-1.02%
29-05-2007,4293.25,4257.60,4298.85,4248.90,70.65M,+0.86%
28-05-2007,4256.55,4248.35,4295.60,4242.80,82.69M,+0.20%
25-05-2007,4248.15,4197.85,4256.40,4141.35,87.03M,+1.03%
24-05-2007,4204.90,4246.20,4250.85,4189.05,79.31M,-0.97%
23-05-2007,4246.20,4279.60,4291.40,4231.05,84.52M,-0.75%
22-05-2007,4278.10,4263.10,4281.60,4234.10,85.01M,+0.40%
21-05-2007,4260.90,4217.65,4269.35,4217.55,92.55M,+1.10%
18-05-2007,4214.50,4216.50,4228.45,4177.00,68.60M,-0.12%
17-05-2007,4219.55,4172.10,4232.45,4172.10,91.72M,+1.17%
16-05-2007,4170.95,4125.40,4181.00,4113.05,86.97M,+1.23%
15-05-2007,4120.30,4134.30,4150.45,4102.45,82.69M,-0.34%
14-05-2007,4134.30,4078.80,4151.30,4072.45,95.13M,+1.41%
11-05-2007,4076.65,4070.20,4094.65,3981.15,101.59M,+0.24%
10-05-2007,4066.80,4079.60,4134.20,4057.55,74.02M,-0.31%
09-05-2007,4079.30,4077.25,4087.80,4030.55,65.55M,+0.06%
08-05-2007,4077.00,4111.25,4136.05,4066.40,71.94M,-0.83%
07-05-2007,4111.15,4117.50,4157.65,4103.60,62.92M,-0.15%
04-05-2007,4117.35,4168.90,4180.90,4109.70,67.37M,-0.81%
03-05-2007,4150.85,4089.45,4161.20,4080.75,79.37M,+1.54%
30-04-2007,4087.90,4081.60,4096.90,4028.90,74.10M,+0.11%
27-04-2007,4083.50,4182.00,4182.00,4074.30,83.11M,-2.26%
26-04-2007,4177.85,4170.05,4217.90,4143.25,111.62M,+0.25%
25-04-2007,4167.30,4134.25,4173.30,4114.35,96.19M,+0.62%
24-04-2007,4141.80,4085.10,4162.15,4057.70,101.66M,+1.39%
23-04-2007,4085.10,4083.55,4122.35,4075.20,85.68M,+0.04%
20-04-2007,4083.55,4000.25,4090.05,3995.50,96.49M,+2.15%
19-04-2007,3997.65,3998.50,4011.00,3933.35,75.74M,-0.35%
18-04-2007,4011.60,3989.60,4039.25,3981.75,73.77M,+0.67%
17-04-2007,3984.95,4014.40,4030.00,3976.25,83.03M,-0.71%
16-04-2007,4013.35,3920.50,4016.80,3920.50,85.02M,+2.45%
13-04-2007,3917.35,3830.35,3924.55,3828.45,89.06M,+2.28%
12-04-2007,3829.85,3861.85,3861.85,3811.25,69.27M,-0.85%
11-04-2007,3862.65,3848.35,3876.35,3844.75,89.11M,+0.38%
10-04-2007,3848.15,3844.15,3858.35,3819.30,77.79M,+0.12%
09-04-2007,3843.50,3752.90,3850.90,3747.25,65.50M,+2.44%
05-04-2007,3752.00,3735.20,3771.45,3709.15,75.32M,+0.50%
04-04-2007,3733.25,3689.75,3751.40,3689.75,73.93M,+1.15%
03-04-2007,3690.65,3633.85,3703.05,3632.20,63.21M,+1.57%
02-04-2007,3633.60,3820.00,3820.00,3617.00,74.49M,-4.92%
30-03-2007,3821.55,3788.85,3832.20,3785.30,75.88M,+0.62%
29-03-2007,3798.10,3759.15,3805.85,3750.35,106.71M,+0.98%
28-03-2007,3761.10,3818.75,3830.30,3752.95,78.53M,-1.54%
26-03-2007,3819.95,3863.45,3885.45,3768.25,66.32M,-1.06%
23-03-2007,3861.05,3876.75,3901.75,3850.80,85.38M,-0.38%
22-03-2007,3875.90,3764.50,3881.00,3764.50,89.00M,+2.96%
21-03-2007,3764.55,3697.70,3771.20,3680.60,72.87M,+1.81%
20-03-2007,3697.60,3680.35,3725.00,3676.65,69.48M,+0.51%
19-03-2007,3678.90,3611.30,3683.35,3602.85,45.71M,+1.95%
16-03-2007,3608.55,3639.35,3683.60,3573.85,60.52M,-0.96%
15-03-2007,3643.60,3644.90,3711.05,3630.55,73.33M,+0.07%
14-03-2007,3641.10,3768.40,3768.40,3623.00,82.02M,-3.43%
13-03-2007,3770.55,3735.25,3775.85,3717.15,76.58M,+0.96%
12-03-2007,3734.60,3717.45,3781.45,3713.90,89.73M,+0.45%
09-03-2007,3718.00,3761.85,3795.70,3684.25,114.55M,-1.16%
08-03-2007,3761.65,3627.25,3779.50,3626.80,100.82M,+3.72%
07-03-2007,3626.85,3661.55,3714.15,3568.55,92.65M,-0.79%
06-03-2007,3655.65,3577.15,3679.15,3576.65,94.56M,+2.21%
05-03-2007,3576.50,3726.50,3726.65,3554.50,110.23M,-4.03%
02-03-2007,3726.75,3811.65,3842.05,3711.05,96.44M,-2.22%
01-03-2007,3811.20,3745.40,3818.75,3718.15,108.27M,+1.76%
28-02-2007,3745.30,3893.40,3893.40,3674.85,142.56M,-3.82%
27-02-2007,3893.90,3948.05,3958.00,3873.85,75.81M,-1.22%
26-02-2007,3942.00,3939.10,3958.90,3856.70,85.99M,+0.08%
23-02-2007,3938.95,4046.00,4065.45,3918.20,91.14M,-2.50%
22-02-2007,4040.00,4096.65,4126.90,4023.15,120.63M,-1.37%
21-02-2007,4096.20,4107.15,4132.80,4080.90,72.02M,-0.26%
20-02-2007,4106.95,4164.85,4175.45,4099.55,63.12M,-1.38%
19-02-2007,4164.55,4149.25,4177.70,4149.25,59.42M,+0.44%
15-02-2007,4146.20,4046.80,4155.70,4046.80,76.58M,+2.45%
14-02-2007,4047.10,4044.90,4057.35,3965.20,81.14M,+0.06%
13-02-2007,4044.55,4069.10,4132.70,3998.30,97.84M,-0.34%
12-02-2007,4058.30,4187.20,4187.20,4044.35,91.39M,-3.08%
09-02-2007,4187.40,4223.50,4239.20,4171.80,64.63M,-0.85%
08-02-2007,4223.40,4232.00,4245.30,4188.45,69.43M,-0.02%
07-02-2007,4224.25,4198.20,4232.30,4192.85,66.59M,+0.68%
06-02-2007,4195.90,4216.55,4228.15,4186.15,63.99M,-0.46%
05-02-2007,4215.35,4193.15,4219.00,4170.00,61.38M,+0.76%
02-02-2007,4183.50,4140.20,4198.70,4132.95,92.51M,+1.12%
01-02-2007,4137.20,4083.40,4141.60,4081.10,72.95M,+1.33%
31-01-2007,4082.70,4123.85,4137.85,4068.55,114.99M,-1.01%
29-01-2007,4124.45,4148.40,4167.15,4115.75,93.76M,-0.56%
25-01-2007,4147.70,4092.05,4157.95,4090.10,129.98M,+1.41%
24-01-2007,4089.90,4066.60,4098.25,4065.75,87.86M,+0.59%
23-01-2007,4066.10,4102.65,4105.10,4056.45,79.68M,-0.89%
22-01-2007,4102.45,4089.60,4114.50,4069.95,63.74M,+0.30%
19-01-2007,4090.15,4126.00,4137.15,4058.35,85.56M,-0.46%
18-01-2007,4109.05,4075.20,4140.25,4075.20,74.49M,+0.80%
17-01-2007,4076.45,4084.90,4096.75,4071.55,58.85M,-0.10%
16-01-2007,4080.50,4090.70,4107.45,4067.90,57.53M,+0.05%
15-01-2007,4078.40,4052.85,4099.65,4052.40,81.53M,+0.64%
12-01-2007,4052.45,3944.55,4059.15,3944.55,80.31M,+2.80%
11-01-2007,3942.25,3852.15,3953.10,3833.60,78.77M,+2.39%
10-01-2007,3850.30,3910.95,3911.95,3841.70,68.21M,-1.56%
09-01-2007,3911.40,3933.30,3963.75,3890.75,65.32M,-0.56%
08-01-2007,3933.40,3983.30,3987.45,3913.00,62.68M,-1.26%
05-01-2007,3983.40,3990.15,4011.45,3969.65,68.60M,-0.14%
04-01-2007,3988.80,4027.30,4041.00,3979.80,67.10M,-0.88%
03-01-2007,4024.05,4007.70,4029.80,3985.00,63.83M,+0.42%
02-01-2007,4007.40,3966.25,4016.65,3964.95,40.79M,+1.03%
29-12-2006,3966.40,3971.65,3991.60,3960.45,46.46M,-0.10%
28-12-2006,3970.55,3974.20,3997.35,3961.95,82.84M,-0.09%
27-12-2006,3974.25,3942.75,3986.75,3937.70,54.70M,+0.86%
26-12-2006,3940.50,3871.30,3946.10,3870.45,45.45M,+1.79%
22-12-2006,3871.15,3834.90,3880.15,3823.40,50.85M,+0.98%
21-12-2006,3833.50,3814.75,3851.20,3768.80,57.30M,+0.47%
20-12-2006,3815.55,3832.15,3886.10,3787.55,81.92M,-0.43%
19-12-2006,3832.00,3928.85,3931.90,3783.45,75.19M,-2.46%
18-12-2006,3928.75,3888.20,3934.00,3828.15,72.04M,+1.03%
15-12-2006,3888.65,3849.60,3908.45,3845.45,90.96M,+1.19%
14-12-2006,3843.05,3765.70,3855.05,3763.50,72.36M,+2.07%
13-12-2006,3765.20,3716.75,3777.60,3657.65,93.07M,+1.30%
12-12-2006,3716.90,3849.10,3861.25,3661.60,103.19M,-3.44%
11-12-2006,3849.50,3961.90,3965.05,3798.30,77.13M,-2.84%
08-12-2006,3962.00,4015.75,4046.85,3948.70,53.68M,-1.33%
07-12-2006,4015.35,4015.00,4027.70,4001.40,52.64M,-0.01%
06-12-2006,4015.95,4016.00,4036.20,3982.50,65.43M,0.00%
05-12-2006,4015.75,4001.25,4033.20,4001.25,64.66M,+0.37%
04-12-2006,4001.00,4002.40,4015.25,3991.55,53.82M,+0.09%
01-12-2006,3997.60,3955.70,4001.30,3953.95,58.09M,+1.09%
30-11-2006,3954.50,3929.40,3973.00,3929.40,92.62M,+0.67%
29-11-2006,3928.20,3922.50,3952.40,3920.00,59.75M,+0.16%
28-11-2006,3921.75,3966.00,3966.00,3911.55,59.71M,-1.19%
27-11-2006,3968.90,3974.95,3974.95,3948.85,48.83M,+0.46%
24-11-2006,3950.85,3945.45,3965.80,3935.30,67.03M,+0.14%
23-11-2006,3945.45,3955.30,3976.80,3933.70,64.56M,-0.24%
22-11-2006,3954.75,3918.30,3960.00,3909.60,75.05M,+0.93%
21-11-2006,3918.25,3859.50,3921.70,3856.75,67.08M,+1.61%
20-11-2006,3856.15,3852.65,3866.95,3794.30,83.24M,+0.09%
17-11-2006,3852.80,3877.00,3891.85,3835.70,77.63M,-0.62%
16-11-2006,3876.85,3876.40,3900.40,3863.85,79.98M,+0.01%
15-11-2006,3876.30,3865.95,3888.80,3838.25,68.56M,+0.27%
14-11-2006,3865.90,3862.00,3883.00,3850.75,68.08M,+0.19%
13-11-2006,3858.75,3834.80,3862.05,3834.00,55.67M,+0.63%
10-11-2006,3834.75,3796.05,3842.40,3785.40,70.38M,+1.01%
09-11-2006,3796.40,3777.80,3808.20,3769.80,71.62M,+0.51%
08-11-2006,3777.30,3799.20,3809.95,3737.20,81.19M,-0.56%
07-11-2006,3798.75,3812.15,3840.45,3789.40,71.44M,-0.28%
06-11-2006,3809.25,3804.75,3822.40,3798.25,68.78M,+0.10%
03-11-2006,3805.35,3793.05,3809.65,3771.00,61.16M,+0.37%
02-11-2006,3791.20,3769.40,3805.50,3761.90,57.71M,+0.64%
01-11-2006,3767.05,3744.10,3777.70,3737.00,70.55M,+0.61%
31-10-2006,3744.10,3770.50,3782.85,3726.75,87.73M,-0.66%
30-10-2006,3769.10,3739.35,3776.05,3719.45,85.37M,+0.80%
27-10-2006,3739.35,3676.85,3747.35,3674.80,80.86M,+1.68%
26-10-2006,3677.55,3656.20,3686.85,3651.20,97.31M,+0.55%
23-10-2006,3657.30,3683.40,3690.85,3651.20,45.31M,-0.71%
21-10-2006,3683.50,3680.85,3708.40,3662.85,,+0.18%
20-10-2006,3676.85,3678.75,3714.25,3665.50,71.91M,-0.03%
19-10-2006,3677.80,3711.10,3726.95,3655.05,87.37M,-0.89%
18-10-2006,3710.65,3715.20,3727.00,3701.30,98.32M,-0.12%
17-10-2006,3715.00,3726.40,3742.50,3691.35,72.71M,-0.24%
16-10-2006,3723.95,3668.90,3729.70,3668.90,74.44M,+1.30%
13-10-2006,3676.05,3621.65,3682.35,3621.65,77.58M,+1.52%
12-10-2006,3621.05,3562.55,3626.80,3545.95,67.08M,+1.76%
11-10-2006,3558.55,3581.55,3614.50,3544.25,64.73M,-0.35%
10-10-2006,3571.05,3567.45,3597.20,3563.10,61.18M,+0.11%
09-10-2006,3567.15,3570.05,3585.35,3540.45,52.25M,-0.07%
06-10-2006,3569.70,3565.45,3583.75,3560.90,83.45M,+0.13%
05-10-2006,3564.90,3515.60,3574.95,3515.60,74.90M,+1.41%
04-10-2006,3515.35,3570.95,3580.05,3508.65,68.28M,-1.52%
03-10-2006,3569.60,3588.95,3606.20,3561.70,55.66M,-0.52%
29-09-2006,3588.40,3572.15,3599.80,3564.70,58.34M,+0.47%
28-09-2006,3571.75,3579.95,3589.30,3560.75,82.60M,-0.21%
27-09-2006,3579.30,3571.75,3603.70,3568.40,65.27M,+0.21%
26-09-2006,3571.75,3523.70,3576.75,3517.15,67.28M,+1.37%
25-09-2006,3523.45,3545.10,3568.65,3514.85,59.72M,-0.58%
22-09-2006,3544.05,3554.05,3562.45,3525.40,60.15M,-0.25%
21-09-2006,3553.05,3506.70,3556.35,3506.70,65.97M,+1.43%
20-09-2006,3502.80,3457.85,3509.85,3419.75,62.44M,+1.31%
19-09-2006,3457.35,3493.50,3514.95,3438.80,69.74M,-1.01%
18-09-2006,3492.75,3478.65,3506.20,3478.40,60.73M,+0.41%
15-09-2006,3478.60,3471.65,3487.45,3434.55,71.32M,+0.20%
14-09-2006,3471.60,3454.60,3484.00,3454.60,68.36M,+0.49%
13-09-2006,3454.55,3389.85,3470.65,3389.80,71.10M,+1.91%
12-09-2006,3389.90,3363.30,3395.05,3328.45,80.29M,+0.71%
11-09-2006,3366.15,3470.35,3486.65,3351.30,77.97M,-3.03%
08-09-2006,3471.45,3454.65,3477.95,3442.85,75.30M,+0.49%
07-09-2006,3454.55,3477.15,3478.85,3438.80,61.58M,-0.65%
06-09-2006,3477.25,3474.40,3490.70,3465.80,64.63M,+0.10%
05-09-2006,3473.75,3471.40,3488.60,3457.90,49.64M,-0.09%
04-09-2006,3476.85,3435.55,3483.10,3435.55,55.80M,+1.21%
01-09-2006,3435.45,3414.00,3439.50,3402.90,69.84M,+0.63%
31-08-2006,3413.90,3404.50,3452.30,3403.65,98.62M,-0.48%
30-08-2006,3430.35,3425.80,3440.20,3407.75,61.67M,+0.14%
29-08-2006,3425.70,3405.05,3434.95,3396.10,60.67M,+0.72%
28-08-2006,3401.10,3386.00,3405.30,3377.75,46.75M,+0.45%
25-08-2006,3385.95,3368.55,3402.70,3368.55,68.46M,+0.46%
24-08-2006,3370.40,3336.65,3379.55,3304.85,70.80M,+1.04%
23-08-2006,3335.80,3363.60,3369.65,3325.10,52.06M,-0.86%
22-08-2006,3364.60,3369.60,3398.35,3351.50,58.62M,-0.04%
21-08-2006,3366.00,3356.80,3374.90,3332.90,48.94M,+0.28%
18-08-2006,3356.75,3354.50,3366.25,3332.20,57.03M,+0.08%
17-08-2006,3353.90,3359.70,3385.15,3328.60,72.57M,-0.06%
16-08-2006,3356.05,3314.75,3377.10,3314.75,69.20M,+1.30%
14-08-2006,3313.10,3274.95,3317.80,3269.15,51.60M,+1.18%
11-08-2006,3274.35,3260.05,3286.50,3236.95,63.50M,+0.44%
10-08-2006,3260.10,3254.60,3274.75,3229.45,59.29M,+0.17%
09-08-2006,3254.60,3211.55,3267.20,3187.85,71.78M,+1.31%
08-08-2006,3212.40,3151.55,3216.75,3151.55,52.27M,+1.95%
07-08-2006,3151.10,3176.70,3178.50,3142.55,50.26M,-0.81%
04-08-2006,3176.75,3189.70,3228.15,3161.80,69.53M,-0.42%
03-08-2006,3190.00,3182.55,3234.25,3175.15,69.09M,+0.25%
02-08-2006,3182.10,3129.45,3187.85,3127.90,55.48M,+1.09%
01-08-2006,3147.80,3128.20,3154.70,3113.60,57.03M,+0.15%
31-07-2006,3143.20,3131.35,3179.70,3110.60,61.68M,+0.40%
28-07-2006,3130.80,3158.00,3168.50,3109.45,81.28M,-0.80%
27-07-2006,3156.15,3109.85,3167.10,3109.85,106.69M,+1.48%
26-07-2006,3110.15,3040.45,3121.40,3022.70,77.14M,+2.29%
25-07-2006,3040.50,2989.50,3046.95,2987.15,70.65M,+1.83%
24-07-2006,2985.85,2944.90,2996.65,2878.25,78.14M,+1.39%
21-07-2006,2945.00,3025.10,3029.10,2930.15,74.88M,-2.58%
20-07-2006,3023.05,2943.65,3041.25,2943.65,77.71M,+3.08%
19-07-2006,2932.75,2995.85,3045.35,2919.95,79.09M,-2.03%
18-07-2006,2993.65,3007.15,3038.25,2967.95,70.49M,-0.46%
17-07-2006,3007.55,3123.65,3125.10,2999.35,60.05M,-3.71%
14-07-2006,3123.35,3166.25,3166.25,3089.55,61.51M,-1.45%
13-07-2006,3169.30,3196.30,3208.85,3148.95,81.62M,-0.83%
12-07-2006,3195.90,3124.95,3201.35,3078.25,93.62M,+2.56%
11-07-2006,3116.15,3145.30,3146.00,3100.40,66.34M,-0.82%
10-07-2006,3142.00,3077.10,3147.70,3064.10,65.28M,+2.15%
07-07-2006,3075.85,3157.95,3193.10,3056.30,90.06M,-2.55%
06-07-2006,3156.40,3197.50,3197.50,3138.40,74.89M,-1.27%
05-07-2006,3197.10,3136.95,3201.20,3121.80,90.42M,+1.86%
04-07-2006,3138.65,3151.05,3177.40,3130.30,66.68M,-0.39%
03-07-2006,3150.95,3128.75,3160.35,3114.85,66.60M,+0.73%
30-06-2006,3128.20,2993.50,3134.15,2993.50,98.68M,+4.35%
29-06-2006,2997.90,2982.90,3049.25,2982.90,110.79M,+0.56%
28-06-2006,2981.10,2982.20,3003.65,2909.60,84.90M,-0.05%
27-06-2006,2982.45,2943.60,3004.15,2899.25,116.75M,+1.33%
26-06-2006,2943.20,3051.80,3059.85,2928.00,87.44M,-3.51%
25-06-2006,3050.30,3043.15,3083.00,3035.95,12.07M,+0.25%
23-06-2006,3042.70,2993.55,3063.20,2920.20,86.90M,+1.60%
22-06-2006,2994.75,2923.75,3017.65,2923.75,81.03M,+2.44%
21-06-2006,2923.45,2861.40,2930.80,2836.40,81.73M,+2.17%
20-06-2006,2861.30,2919.00,2919.00,2837.45,85.07M,-1.91%
19-06-2006,2916.90,2892.00,2932.90,2846.50,75.18M,+0.92%
16-06-2006,2890.35,2799.85,2960.15,2799.85,117.62M,+3.27%
15-06-2006,2798.80,2634.10,2814.15,2634.10,88.84M,+6.31%
14-06-2006,2632.80,2665.05,2767.75,2595.65,98.86M,-1.15%
13-06-2006,2663.30,2773.60,2773.60,2638.10,85.46M,-4.09%
12-06-2006,2776.85,2867.65,2877.80,2761.85,78.19M,-3.12%
09-06-2006,2866.30,2721.20,2875.75,2707.85,101.50M,+5.21%
08-06-2006,2724.35,2856.90,2859.40,2683.20,133.61M,-4.76%
07-06-2006,2860.45,2935.25,2956.90,2819.45,122.68M,-2.62%
06-06-2006,2937.30,3015.05,3015.05,2910.30,98.82M,-2.63%
05-06-2006,3016.65,3092.60,3125.40,3006.40,88.21M,-2.42%
02-06-2006,3091.35,2961.50,3099.35,2940.20,106.18M,+4.36%
01-06-2006,2962.25,3072.55,3130.00,2936.60,112.88M,-3.54%
31-05-2006,3071.05,3181.95,3181.95,2972.90,119.37M,-3.59%
30-05-2006,3185.30,3215.50,3252.10,3167.05,69.35M,-0.92%
29-05-2006,3214.90,3207.25,3255.25,3193.15,73.01M,+0.17%
26-05-2006,3209.60,3177.70,3277.95,3177.70,105.52M,+1.00%
25-05-2006,3177.70,3114.70,3198.35,3012.95,154.24M,+1.99%
24-05-2006,3115.55,3203.50,3249.75,3091.60,134.54M,-2.62%
23-05-2006,3199.35,3068.60,3221.05,2997.35,114.89M,+3.83%
22-05-2006,3081.35,3254.30,3313.90,2896.40,145.30M,-5.10%
19-05-2006,3246.90,3391.85,3493.05,3205.25,143.37M,-4.19%
18-05-2006,3388.90,3636.45,3636.45,3365.90,137.04M,-6.77%
17-05-2006,3635.10,3525.05,3641.85,3525.05,99.89M,+3.17%
16-05-2006,3523.30,3502.95,3543.50,3382.40,139.75M,+0.58%
15-05-2006,3502.95,3651.00,3653.00,3482.85,125.34M,-4.03%
12-05-2006,3650.05,3704.15,3704.15,3633.85,94.03M,-1.38%
11-05-2006,3701.05,3755.80,3774.15,3687.90,77.73M,-1.42%
10-05-2006,3754.25,3720.75,3758.05,3717.25,93.51M,+0.91%
09-05-2006,3720.55,3694.65,3725.40,3655.65,83.89M,+0.74%
08-05-2006,3693.15,3668.65,3708.55,3668.65,70.29M,+0.80%
05-05-2006,3663.95,3649.45,3676.55,3639.55,106.75M,+0.43%
04-05-2006,3648.40,3630.65,3674.50,3621.55,100.11M,+0.39%
03-05-2006,3634.25,3604.40,3640.80,3581.40,95.59M,+0.80%
02-05-2006,3605.45,3557.55,3622.05,3556.90,108.35M,+1.35%
29-04-2006,3557.60,3508.35,3565.75,3508.35,,+1.40%
28-04-2006,3508.35,3507.45,3517.65,3342.85,108.82M,+0.01%
27-04-2006,3508.10,3554.70,3598.95,3492.75,148.89M,-1.34%
26-04-2006,3555.75,3462.65,3562.30,3454.10,90.64M,+2.69%
25-04-2006,3462.65,3548.80,3552.65,3433.55,83.49M,-2.43%
24-04-2006,3548.90,3572.80,3585.35,3536.30,90.79M,-0.68%
21-04-2006,3573.05,3576.75,3592.75,3517.10,133.26M,-0.01%
20-04-2006,3573.50,3539.80,3578.35,3527.25,113.70M,+1.06%
19-04-2006,3535.85,3523.65,3570.50,3502.75,119.07M,+0.50%
18-04-2006,3518.10,3429.00,3521.95,3429.00,103.92M,+2.71%
17-04-2006,3425.15,3342.15,3433.65,3342.15,94.14M,+2.38%
13-04-2006,3345.50,3380.40,3391.05,3290.35,129.12M,-1.02%
12-04-2006,3380.00,3479.10,3484.65,3366.75,124.25M,-2.83%
10-04-2006,3478.45,3455.00,3489.05,3430.40,104.98M,+0.68%
07-04-2006,3454.80,3525.60,3555.50,3445.90,137.09M,-1.60%
05-04-2006,3510.90,3483.15,3513.95,3483.15,79.38M,+0.80%
04-04-2006,3483.15,3473.10,3508.25,3463.85,91.64M,+0.28%
03-04-2006,3473.30,3403.15,3478.25,3402.45,73.25M,+2.08%
31-03-2006,3402.55,3420.55,3425.45,3381.90,93.48M,-0.48%
30-03-2006,3418.95,3354.25,3433.85,3354.25,146.86M,+1.93%
29-03-2006,3354.20,3324.85,3359.80,3324.80,97.38M,+0.88%
28-03-2006,3325.00,3321.45,3344.50,3311.85,96.28M,+0.10%
27-03-2006,3321.65,3283.40,3327.05,3280.80,116.36M,+1.28%
24-03-2006,3279.80,3247.15,3286.20,3242.60,127.06M,+1.01%
23-03-2006,3247.15,3240.85,3265.60,3225.20,119.52M,+0.22%
22-03-2006,3240.15,3263.35,3267.95,3221.95,82.46M,-0.68%
21-03-2006,3262.30,3264.65,3292.15,3247.25,88.11M,-0.10%
20-03-2006,3265.65,3234.20,3268.25,3234.20,74.74M,+0.98%
17-03-2006,3234.05,3226.90,3258.30,3226.90,84.41M,+0.23%
16-03-2006,3226.60,3197.30,3230.40,3196.95,85.10M,+0.98%
14-03-2006,3195.35,3197.20,3223.45,3184.05,80.72M,-0.23%
13-03-2006,3202.65,3184.10,3221.30,3174.05,71.71M,+0.59%
10-03-2006,3183.90,3129.05,3189.35,3128.60,87.82M,+1.75%
09-03-2006,3129.10,3116.75,3132.65,3069.85,91.56M,+0.40%
08-03-2006,3116.70,3183.45,3187.50,3107.90,104.39M,-2.08%
07-03-2006,3182.80,3190.45,3192.95,3166.75,85.34M,-0.24%
06-03-2006,3190.40,3147.25,3194.00,3147.20,70.23M,+1.37%
03-03-2006,3147.35,3151.30,3167.20,3132.60,68.56M,-0.11%
02-03-2006,3150.70,3124.25,3170.35,3124.25,117.84M,+0.88%
01-03-2006,3123.10,3074.60,3127.25,3064.00,96.24M,+1.57%
28-02-2006,3074.70,3067.90,3090.30,3031.80,101.52M,+0.24%
27-02-2006,3067.45,3050.30,3070.35,3050.30,53.58M,+0.57%
24-02-2006,3050.05,3061.70,3072.00,3041.60,61.84M,-0.39%
23-02-2006,3062.10,3050.85,3078.40,3050.85,108.54M,+0.37%
22-02-2006,3050.80,3035.65,3055.65,3032.50,56.29M,+0.50%
21-02-2006,3035.50,3008.55,3042.05,3008.55,59.63M,+0.99%
20-02-2006,3005.85,2982.35,3010.65,2955.85,61.70M,+0.82%
17-02-2006,2981.50,3021.65,3038.80,2976.70,80.25M,-1.33%
16-02-2006,3021.60,3023.10,3036.65,3013.70,77.74M,-0.02%
15-02-2006,3022.20,3001.40,3048.80,2995.30,90.34M,+0.15%
14-02-2006,3017.55,3040.25,3051.70,3009.90,86.85M,-0.78%
13-02-2006,3041.15,3026.15,3042.75,3018.50,66.17M,+0.45%
10-02-2006,3027.55,3009.15,3031.75,3009.10,77.23M,+0.62%
08-02-2006,3008.95,3018.20,3021.25,2984.90,72.21M,-0.37%
07-02-2006,3020.10,3001.15,3025.10,2991.25,84.82M,+0.65%
06-02-2006,3000.45,2940.95,3009.45,2928.10,70.48M,+2.04%
03-02-2006,2940.60,2968.10,2973.90,2931.85,62.88M,-0.90%
02-02-2006,2967.45,2972.20,2997.25,2957.55,80.52M,-0.14%
01-02-2006,2971.55,3001.30,3011.05,2960.90,87.16M,-0.98%
31-01-2006,3001.10,2968.95,3005.10,2968.85,74.30M,+0.89%
30-01-2006,2974.50,2983.30,3002.20,2963.65,99.40M,-0.28%
27-01-2006,2982.75,2941.90,2989.70,2941.90,115.08M,+1.44%
25-01-2006,2940.35,2908.75,2949.10,2871.25,97.13M,+1.11%
24-01-2006,2908.00,2886.35,2914.25,2885.75,67.19M,+0.83%
23-01-2006,2884.05,2900.30,2900.30,2870.95,65.13M,-0.58%
20-01-2006,2900.95,2870.80,2912.80,2870.80,73.70M,+1.05%
19-01-2006,2870.85,2811.10,2875.95,2811.10,69.43M,+2.19%
18-01-2006,2809.20,2809.90,2840.10,2783.85,119.05M,-0.70%
17-01-2006,2829.10,2833.80,2861.25,2820.65,95.10M,-0.14%
16-01-2006,2833.10,2851.35,2855.70,2824.05,57.83M,-0.61%
13-01-2006,2850.55,2851.40,2878.35,2846.70,66.17M,-0.01%
12-01-2006,2850.70,2869.35,2869.35,2824.00,92.18M,-0.70%
10-01-2006,2870.80,2910.15,2913.05,2865.60,71.12M,-1.35%
09-01-2006,2910.10,2913.35,2927.25,2898.25,74.82M,-0.13%
06-01-2006,2914.00,2899.85,2921.70,2877.25,83.35M,+0.49%
05-01-2006,2899.85,2904.45,2916.20,2884.80,70.08M,-0.16%
04-01-2006,2904.40,2883.00,2909.35,2883.00,82.02M,+0.73%
03-01-2006,2883.35,2835.95,2887.20,2832.05,56.92M,+1.67%
02-01-2006,2835.95,2836.80,2849.45,2825.40,51.92M,-0.02%
30-12-2005,2836.55,2823.95,2845.55,2812.75,76.05M,+0.52%
29-12-2005,2821.95,2792.75,2829.40,2792.75,79.24M,+1.00%
28-12-2005,2794.05,2806.80,2824.30,2780.00,73.93M,-0.42%
27-12-2005,2805.90,2746.25,2812.60,2725.70,58.76M,+2.05%
26-12-2005,2749.60,2804.30,2804.30,2741.80,57.49M,-1.97%
23-12-2005,2804.85,2835.70,2857.00,2799.70,65.18M,-1.07%
22-12-2005,2835.25,2826.70,2846.65,2818.65,66.79M,+0.44%
21-12-2005,2822.90,2826.45,2847.30,2799.45,123.43M,-0.12%
20-12-2005,2826.20,2843.15,2853.10,2815.20,74.98M,-0.58%
19-12-2005,2842.60,2808.35,2846.00,2803.45,77.02M,+1.15%
16-12-2005,2810.15,2778.65,2814.90,2766.50,88.27M,+1.14%
15-12-2005,2778.55,2805.20,2821.50,2763.35,92.70M,-0.93%
14-12-2005,2804.55,2812.80,2825.65,2788.30,122.65M,-0.28%
13-12-2005,2812.30,2776.80,2815.30,2764.65,93.13M,+1.30%
12-12-2005,2776.20,2756.40,2789.35,2756.40,75.29M,+0.72%
09-12-2005,2756.45,2706.75,2761.10,2698.00,76.48M,+1.84%
08-12-2005,2706.70,2694.95,2711.60,2673.50,70.17M,+0.51%
07-12-2005,2693.00,2662.30,2697.10,2662.30,66.55M,+1.15%
06-12-2005,2662.30,2661.40,2694.40,2647.35,56.61M,+0.07%
05-12-2005,2660.50,2697.60,2710.65,2654.35,62.68M,-1.39%
02-12-2005,2697.95,2699.55,2730.70,2691.50,79.80M,-0.04%
01-12-2005,2698.95,2651.60,2705.00,2641.95,74.05M,+1.76%
30-11-2005,2652.25,2698.10,2727.05,2647.10,82.03M,-1.71%
29-11-2005,2698.30,2712.35,2713.90,2679.90,78.58M,-0.51%
28-11-2005,2712.00,2683.60,2717.15,2682.65,83.65M,+1.06%
26-11-2005,2683.45,2664.85,2686.50,2664.70,25.54M,+0.72%
25-11-2005,2664.30,2635.35,2668.90,2633.75,74.96M,+1.11%
24-11-2005,2635.00,2608.90,2643.70,2608.70,98.40M,+1.01%
23-11-2005,2608.60,2572.85,2613.40,2563.10,70.84M,+1.39%
22-11-2005,2572.85,2603.25,2614.00,2567.05,67.63M,-1.14%
21-11-2005,2602.50,2620.10,2626.40,2591.75,74.80M,-0.67%
18-11-2005,2620.05,2604.00,2632.35,2595.15,81.69M,+0.62%
17-11-2005,2603.95,2558.45,2608.85,2558.45,66.44M,+0.82%
16-11-2005,2582.75,2559.45,2585.95,2559.45,59.71M,+0.94%
14-11-2005,2558.70,2548.55,2576.95,2534.40,70.31M,+0.39%
11-11-2005,2548.65,2500.85,2551.40,2500.85,72.47M,+1.92%
10-11-2005,2500.70,2489.10,2504.75,2480.85,64.92M,+0.47%
09-11-2005,2489.10,2493.10,2519.40,2475.70,73.90M,-0.14%
08-11-2005,2492.65,2463.65,2502.90,2460.00,79.72M,+1.26%
07-11-2005,2461.60,2419.25,2464.65,2411.60,79.27M,+1.76%
02-11-2005,2419.05,2386.45,2423.80,2367.75,82.54M,+1.35%
01-11-2005,2386.75,2366.80,2410.15,2366.80,18.75M,+0.67%
31-10-2005,2370.95,2314.85,2373.40,2314.20,69.80M,+2.37%
28-10-2005,2316.05,2352.65,2355.15,2307.45,84.57M,-1.57%
27-10-2005,2352.90,2408.95,2416.45,2338.60,125.29M,-2.31%
26-10-2005,2408.50,2418.45,2434.00,2401.10,91.10M,-0.40%
25-10-2005,2418.20,2394.95,2444.60,2390.85,85.09M,+0.98%
24-10-2005,2394.85,2444.20,2460.00,2388.40,80.24M,-2.00%
21-10-2005,2443.75,2397.85,2447.85,2384.05,97.46M,+2.02%
20-10-2005,2395.45,2421.40,2463.85,2363.55,114.28M,-0.70%
19-10-2005,2412.45,2467.80,2467.85,2394.95,93.29M,-2.26%
18-10-2005,2468.20,2485.25,2517.70,2452.50,77.32M,-0.68%
17-10-2005,2485.15,2488.40,2498.60,2459.50,77.00M,+0.03%
14-10-2005,2484.40,2537.70,2548.00,2478.00,91.44M,-2.08%
13-10-2005,2537.30,2584.40,2589.35,2529.05,95.74M,-2.02%
11-10-2005,2589.55,2569.15,2592.00,2533.70,71.47M,+0.88%
10-10-2005,2566.85,2577.10,2595.15,2561.00,61.31M,-0.28%
07-10-2005,2574.05,2577.20,2603.25,2547.55,92.77M,-0.20%
06-10-2005,2579.15,2643.80,2643.80,2571.30,107.14M,-2.47%
05-10-2005,2644.40,2663.70,2669.20,2636.60,87.71M,-0.71%
04-10-2005,2663.35,2630.00,2667.05,2629.60,76.75M,+1.27%
03-10-2005,2630.05,2601.00,2635.00,2597.20,64.62M,+1.10%
30-09-2005,2601.40,2607.90,2623.05,2567.75,88.16M,-0.38%
29-09-2005,2611.20,2598.60,2633.90,2589.45,118.32M,+0.51%
28-09-2005,2598.05,2574.45,2602.95,2559.85,75.64M,+0.90%
27-09-2005,2574.85,2558.50,2592.50,2549.85,80.84M,+0.68%
26-09-2005,2557.35,2477.85,2560.85,2477.85,61.92M,+3.21%
23-09-2005,2477.75,2480.50,2507.90,2453.05,84.22M,+0.05%
22-09-2005,2476.50,2567.85,2580.40,2465.85,103.32M,-3.54%
21-09-2005,2567.30,2576.70,2585.60,2504.90,108.70M,-0.42%
20-09-2005,2578.00,2567.20,2582.80,2546.60,77.24M,+0.42%
19-09-2005,2567.10,2555.45,2579.70,2550.45,63.88M,+0.58%
16-09-2005,2552.35,2524.90,2555.10,2519.05,63.66M,+1.13%
15-09-2005,2523.95,2492.85,2527.50,2492.75,62.95M,+1.26%
14-09-2005,2492.45,2500.40,2514.75,2476.00,82.09M,-0.32%
13-09-2005,2500.35,2484.00,2503.00,2477.10,54.88M,+0.65%
12-09-2005,2484.15,2455.85,2486.35,2455.85,44.83M,+1.17%
09-09-2005,2455.45,2448.80,2462.80,2441.90,47.67M,+0.04%
08-09-2005,2454.45,2429.00,2456.90,2429.00,46.07M,+1.06%
06-09-2005,2428.65,2422.40,2436.25,2417.00,47.41M,+0.24%
05-09-2005,2422.95,2417.10,2439.55,2414.95,50.52M,+0.30%
02-09-2005,2415.80,2406.45,2422.10,2396.10,61.34M,+0.42%
01-09-2005,2405.75,2384.70,2412.35,2382.90,59.76M,+0.88%
31-08-2005,2384.65,2369.05,2387.00,2355.00,50.12M,+0.71%
30-08-2005,2367.75,2337.80,2373.80,2337.75,46.97M,+1.29%
29-08-2005,2337.65,2359.20,2365.85,2312.60,41.87M,-0.82%
26-08-2005,2357.05,2354.60,2368.05,2340.20,47.58M,+0.11%
25-08-2005,2354.55,2323.10,2359.20,2320.70,78.54M,+1.38%
24-08-2005,2322.50,2326.10,2334.90,2300.45,68.32M,-0.15%
23-08-2005,2326.10,2369.55,2380.50,2320.35,57.19M,-1.76%
22-08-2005,2367.85,2383.45,2403.45,2355.75,55.93M,-0.65%
19-08-2005,2383.45,2400.80,2409.35,2378.45,47.52M,-0.21%
18-08-2005,2388.45,2404.65,2426.65,2380.70,63.48M,-0.61%
17-08-2005,2403.15,2369.80,2406.25,2357.50,61.48M,+1.41%
16-08-2005,2369.80,2361.65,2379.40,2356.85,59.05M,+0.35%
12-08-2005,2361.55,2381.05,2390.45,2356.90,71.14M,-0.81%
11-08-2005,2380.90,2358.90,2387.30,2355.50,93.59M,+0.88%
10-08-2005,2360.15,2322.30,2364.80,2322.05,81.81M,+1.79%
09-08-2005,2318.70,2324.75,2342.20,2303.10,93.65M,-0.25%
08-08-2005,2324.40,2361.95,2386.95,2320.05,97.37M,-1.56%
05-08-2005,2361.20,2367.35,2377.10,2355.95,114.26M,-0.28%
04-08-2005,2367.80,2357.75,2377.35,2352.05,91.95M,+0.46%
03-08-2005,2357.00,2359.10,2377.00,2345.20,102.04M,+0.14%
02-08-2005,2353.65,2321.90,2357.15,2319.75,81.64M,+1.54%
01-08-2005,2318.05,2312.05,2329.90,2294.25,59.15M,+0.25%
29-07-2005,2312.30,2318.05,2332.55,2280.85,111.82M,-0.29%
27-07-2005,2319.10,2304.25,2324.00,2292.85,70.68M,+0.69%
26-07-2005,2303.15,2289.25,2307.10,2279.80,98.68M,+0.50%
25-07-2005,2291.75,2266.65,2293.95,2266.65,81.36M,+1.15%
22-07-2005,2265.60,2231.00,2268.55,2223.15,57.71M,+1.57%
21-07-2005,2230.50,2240.95,2251.85,2221.20,60.77M,-0.51%
20-07-2005,2241.90,2236.90,2252.00,2236.90,56.89M,+0.21%
19-07-2005,2237.30,2234.25,2246.70,2227.20,51.11M,+0.15%
18-07-2005,2234.00,2212.95,2248.70,2212.95,55.02M,+0.97%
15-07-2005,2212.55,2185.10,2216.50,2181.85,57.48M,+1.26%
14-07-2005,2185.10,2204.40,2212.55,2178.60,65.04M,-0.86%
13-07-2005,2204.05,2221.45,2234.15,2200.05,74.23M,-0.75%
12-07-2005,2220.80,2219.10,2233.20,2191.70,71.61M,+0.09%
11-07-2005,2218.85,2195.55,2224.65,2195.55,54.41M,+1.03%
08-07-2005,2196.20,2183.55,2210.70,2179.05,48.32M,+0.77%
07-07-2005,2179.40,2228.30,2235.80,2171.25,60.52M,-2.19%
06-07-2005,2228.20,2211.35,2232.65,2211.30,51.43M,+0.79%
05-07-2005,2210.75,2231.20,2238.60,2205.10,55.52M,-0.89%
04-07-2005,2230.65,2212.05,2232.20,2211.40,49.16M,+0.85%
01-07-2005,2211.90,2220.45,2220.55,2198.90,54.59M,-0.39%
30-06-2005,2220.60,2191.55,2226.15,2189.45,82.21M,+1.32%
29-06-2005,2191.65,2170.20,2194.25,2162.00,58.64M,+1.00%
28-06-2005,2169.85,2199.80,2206.80,2165.90,73.42M,-1.36%
27-06-2005,2199.80,2194.35,2219.65,2188.15,93.01M,+0.25%
24-06-2005,2194.35,2184.00,2204.45,2162.95,57.56M,+0.48%
23-06-2005,2183.85,2187.35,2192.10,2174.05,62.65M,-0.16%
22-06-2005,2187.35,2167.80,2196.45,2167.35,87.46M,+0.80%
21-06-2005,2170.00,2144.75,2173.25,2140.15,68.99M,+1.20%
20-06-2005,2144.35,2130.80,2150.25,2124.65,92.37M,+0.99%
17-06-2005,2123.40,2123.60,2131.75,2103.90,43.86M,-0.01%
16-06-2005,2123.70,2128.30,2135.10,2114.55,65.29M,-0.23%
15-06-2005,2128.65,2110.50,2131.95,2110.35,44.58M,+0.77%
14-06-2005,2112.35,2103.65,2113.85,2098.70,38.61M,+0.46%
13-06-2005,2102.75,2090.70,2106.65,2081.70,38.79M,+0.58%
10-06-2005,2090.60,2103.45,2133.10,2086.30,49.03M,-0.60%
09-06-2005,2103.20,2112.25,2118.65,2097.55,53.92M,-0.44%
08-06-2005,2112.40,2094.70,2115.25,2094.05,49.63M,+0.68%
07-06-2005,2098.15,2091.95,2102.85,2084.35,36.01M,+0.26%
06-06-2005,2092.80,2092.00,2109.10,2087.40,42.75M,+0.02%
04-06-2005,2092.35,2094.10,2098.10,2087.00,22.47M,-0.09%
03-06-2005,2094.25,2064.10,2097.25,2061.35,52.18M,+1.43%
02-06-2005,2064.65,2087.85,2093.45,2062.55,50.47M,-1.10%
01-06-2005,2087.55,2087.80,2097.60,2081.20,58.90M,0.00%
31-05-2005,2087.55,2072.50,2091.75,2066.55,45.87M,+0.73%
30-05-2005,2072.40,2076.55,2086.85,2064.85,54.67M,-0.19%
27-05-2005,2076.40,2073.25,2099.35,2069.50,73.79M,+0.08%
26-05-2005,2074.70,2043.50,2078.65,2025.65,88.19M,+1.51%
25-05-2005,2043.85,2028.55,2047.45,2019.00,76.58M,+0.75%
24-05-2005,2028.60,2016.00,2031.90,2009.55,56.76M,+0.73%
23-05-2005,2013.90,1992.10,2019.35,1991.70,37.69M,+1.08%
20-05-2005,1992.40,1991.85,1998.20,1975.95,41.64M,+0.08%
19-05-2005,1990.85,1983.15,2008.35,1983.15,42.63M,+0.41%
18-05-2005,1982.75,1990.65,1990.95,1964.65,51.57M,-0.40%
17-05-2005,1990.80,2013.10,2024.60,1984.75,48.67M,-1.08%
16-05-2005,2012.60,1991.50,2014.95,1989.70,38.02M,+1.22%
13-05-2005,1988.30,1992.50,1992.75,1978.90,36.65M,-0.24%
12-05-2005,1993.15,1985.95,1999.85,1981.95,36.13M,+0.36%
11-05-2005,1985.95,1990.55,1991.85,1975.05,44.57M,-0.42%
10-05-2005,1994.30,2001.00,2007.80,1989.10,56.04M,-0.32%
09-05-2005,2000.75,1978.05,2003.15,1978.05,51.49M,+1.18%
06-05-2005,1977.50,1962.30,1984.40,1947.30,52.72M,+0.72%
05-05-2005,1963.30,1942.60,1973.35,1942.05,53.02M,+1.07%
04-05-2005,1942.60,1920.50,1944.45,1920.15,48.18M,+1.14%
03-05-2005,1920.70,1916.95,1940.10,1911.00,51.92M,+0.21%
02-05-2005,1916.75,1903.10,1925.60,1898.15,60.56M,+0.75%
29-04-2005,1902.50,1943.20,1943.20,1896.30,64.31M,-2.00%
28-04-2005,1941.30,1935.65,1950.25,1921.05,82.33M,+0.30%
27-04-2005,1935.40,1959.45,1962.20,1930.35,62.04M,-1.11%
26-04-2005,1957.10,1971.05,1972.85,1951.80,51.30M,-0.70%
25-04-2005,1970.95,1968.45,1974.20,1952.40,53.65M,+0.18%
22-04-2005,1967.35,1950.60,1972.95,1950.00,55.29M,+0.96%
21-04-2005,1948.55,1930.50,1950.00,1911.40,58.53M,+0.98%
20-04-2005,1929.70,1908.50,1941.85,1902.90,74.60M,+1.06%
19-04-2005,1909.40,1927.90,1961.15,1902.80,61.37M,-0.95%
18-04-2005,1927.80,1955.50,1959.25,1914.85,70.75M,-1.46%
15-04-2005,1956.30,2022.50,2022.50,1952.75,64.72M,-3.41%
13-04-2005,2025.45,2024.90,2038.85,2018.10,44.91M,+0.02%
12-04-2005,2024.95,2002.75,2027.80,2002.75,35.57M,+0.83%
11-04-2005,2008.20,2032.75,2033.00,2001.85,38.49M,-1.13%
08-04-2005,2031.20,2053.05,2057.50,2024.80,42.15M,-1.05%
07-04-2005,2052.85,2069.15,2084.90,2048.05,48.15M,-0.79%
06-04-2005,2069.30,2054.00,2073.10,2051.30,53.94M,+0.82%
05-04-2005,2052.55,2063.20,2077.95,2043.70,54.69M,-0.53%
04-04-2005,2063.40,2067.65,2076.60,2054.90,64.43M,-0.21%
01-04-2005,2067.65,2035.90,2071.20,2024.25,63.21M,+1.57%
31-03-2005,2035.65,1994.50,2043.60,1994.50,91.75M,+2.10%
30-03-2005,1993.70,1983.65,2000.45,1971.15,69.95M,+0.50%
29-03-2005,1983.85,2029.40,2032.65,1971.55,69.69M,-2.25%
28-03-2005,2029.45,2015.75,2046.85,2015.25,51.85M,+0.70%
24-03-2005,2015.40,2026.60,2042.45,2007.35,70.93M,-0.54%
23-03-2005,2026.40,2061.20,2067.45,2019.85,91.45M,-1.71%
22-03-2005,2061.60,2096.75,2099.00,2056.50,57.63M,-1.67%
21-03-2005,2096.60,2117.95,2124.80,2089.35,62.13M,-0.60%
18-03-2005,2109.15,2097.75,2112.25,2077.20,83.95M,+0.51%
17-03-2005,2098.50,2123.95,2126.55,2090.45,62.05M,-1.27%
16-03-2005,2125.55,2129.35,2158.90,2121.10,75.51M,-0.16%
15-03-2005,2128.95,2146.55,2151.35,2122.00,60.05M,-0.81%
14-03-2005,2146.35,2153.80,2164.15,2140.90,73.88M,-0.36%
11-03-2005,2154.00,2167.70,2182.10,2148.70,70.47M,-0.62%
10-03-2005,2167.40,2160.85,2170.20,2145.75,61.89M,+0.31%
09-03-2005,2160.80,2169.10,2183.45,2141.35,81.07M,-0.38%
08-03-2005,2168.95,2160.65,2173.85,2154.00,78.38M,+0.41%
07-03-2005,2160.10,2148.25,2166.85,2143.05,86.79M,+0.56%
04-03-2005,2148.15,2129.10,2152.75,2129.10,78.28M,+0.91%
03-03-2005,2128.85,2093.40,2132.75,2093.35,84.30M,+1.70%
02-03-2005,2093.25,2084.60,2096.35,2080.55,78.60M,+0.42%
01-03-2005,2084.40,2103.10,2115.10,2073.80,71.29M,-0.90%
28-02-2005,2103.25,2061.20,2106.20,2047.70,103.14M,+2.05%
25-02-2005,2060.90,2057.30,2081.85,2051.20,66.31M,+0.27%
24-02-2005,2055.30,2057.75,2070.50,2052.40,76.50M,-0.09%
23-02-2005,2057.10,2058.70,2065.15,2051.35,52.49M,-0.06%
22-02-2005,2058.40,2043.40,2061.65,2036.60,51.90M,+0.74%
21-02-2005,2043.20,2055.15,2065.75,2039.90,46.92M,-0.60%
18-02-2005,2055.55,2062.45,2076.70,2048.85,63.67M,-0.31%
17-02-2005,2061.90,2069.10,2069.15,2045.85,63.85M,-0.33%
16-02-2005,2068.80,2090.00,2103.40,2059.45,68.53M,-1.01%
15-02-2005,2089.95,2098.25,2101.60,2081.20,60.94M,-0.40%
14-02-2005,2098.25,2083.05,2110.15,2083.05,86.45M,+0.78%
11-02-2005,2082.05,2063.35,2084.50,2063.35,84.99M,+0.91%
10-02-2005,2063.35,2070.10,2075.10,2049.85,69.89M,-0.32%
09-02-2005,2070.00,2055.20,2077.70,2055.20,68.24M,+0.72%
08-02-2005,2055.15,2055.00,2065.00,2043.60,74.19M,0.00%
07-02-2005,2055.10,2097.45,2098.00,2049.85,62.13M,-1.10%
04-02-2005,2077.95,2079.40,2099.20,2060.80,79.16M,-0.07%
03-02-2005,2079.45,2052.35,2083.75,2052.35,78.10M,+1.33%
02-02-2005,2052.25,2062.15,2074.50,2045.50,89.99M,-0.37%
01-02-2005,2059.85,2057.75,2072.50,2045.25,135.57M,+0.11%
31-01-2005,2057.60,2008.45,2060.40,2006.35,137.98M,+2.45%
28-01-2005,2008.30,1955.25,2014.25,1950.85,106.73M,+2.73%
27-01-2005,1955.00,1931.90,1961.75,1929.00,135.72M,+1.20%
25-01-2005,1931.85,1908.85,1934.25,1894.40,88.57M,+1.20%
24-01-2005,1909.00,1925.30,1932.75,1902.90,74.82M,-0.85%
20-01-2005,1925.30,1928.10,1940.95,1900.05,96.60M,-0.07%
19-01-2005,1926.65,1934.10,1945.65,1922.35,94.22M,-0.38%
18-01-2005,1934.05,1933.05,1956.95,1925.35,91.87M,+0.06%
17-01-2005,1932.90,1931.75,1944.55,1902.45,82.25M,+0.09%
14-01-2005,1931.10,1954.90,1961.40,1922.85,86.21M,-1.20%
13-01-2005,1954.55,1922.50,1963.40,1916.95,80.90M,+2.14%
12-01-2005,1913.60,1953.60,1966.65,1900.85,85.04M,-1.97%
11-01-2005,1952.05,1982.70,1988.90,1947.35,70.27M,-1.51%
10-01-2005,1982.00,2016.75,2025.90,1974.80,75.66M,-1.66%
07-01-2005,2015.50,1998.25,2021.45,1992.55,76.29M,+0.86%
06-01-2005,1998.35,2031.55,2035.65,1984.25,94.32M,-1.67%
05-01-2005,2032.20,2103.75,2105.10,1990.15,109.22M,-3.40%
04-01-2005,2103.75,2116.95,2120.15,2100.55,72.72M,-0.53%
03-01-2005,2115.00,2080.00,2118.60,2080.00,70.51M,+1.66%
31-12-2004,2080.50,2059.85,2083.00,2059.85,60.14M,+1.00%
30-12-2004,2059.80,2070.55,2088.45,2052.25,79.26M,-0.47%
29-12-2004,2069.60,2071.55,2086.15,2062.35,68.72M,-0.08%
28-12-2004,2071.35,2063.60,2074.60,2060.05,85.66M,+0.42%
27-12-2004,2062.60,2061.60,2079.05,2046.25,73.52M,0.00%
24-12-2004,2062.70,2045.35,2065.60,2045.30,68.45M,+0.86%
23-12-2004,2045.15,2035.60,2049.30,2031.90,57.03M,+0.48%
22-12-2004,2035.35,2040.60,2053.90,2029.85,75.62M,-0.45%
21-12-2004,2044.65,2027.80,2047.50,2025.25,73.29M,+0.88%
20-12-2004,2026.85,2012.50,2029.50,2007.15,83.22M,+0.73%
17-12-2004,2012.10,2032.85,2037.70,2007.20,86.24M,-1.04%
16-12-2004,2033.20,2028.80,2039.20,2019.50,76.51M,+0.22%
15-12-2004,2028.70,2006.80,2034.35,2006.80,86.23M,+1.09%
14-12-2004,2006.80,1985.20,2008.80,1972.85,80.09M,+1.08%
13-12-2004,1985.35,1970.60,1987.00,1964.80,68.23M,+0.83%
10-12-2004,1969.00,1990.20,1999.70,1964.65,86.93M,-1.05%
09-12-2004,1989.95,1977.80,1995.70,1964.50,87.02M,+0.61%
08-12-2004,1977.95,1994.15,2009.70,1973.15,101.91M,-0.74%
07-12-2004,1992.70,1990.60,2002.60,1981.15,91.43M,-0.02%
06-12-2004,1993.15,1996.30,2012.25,1989.95,103.22M,-0.15%
03-12-2004,1996.20,1991.90,2011.90,1990.30,111.13M,-0.14%
02-12-2004,1999.00,1962.75,2001.55,1962.75,131.75M,+1.88%
01-12-2004,1962.05,1960.75,1971.60,1944.50,114.58M,+0.17%
30-11-2004,1958.80,1940.25,1963.80,1940.25,119.05M,+0.99%
29-11-2004,1939.65,1899.30,1942.95,1894.60,110.66M,+2.03%
25-11-2004,1901.05,1904.25,1915.80,1892.60,105.46M,-0.16%
24-11-2004,1904.05,1893.15,1907.35,1889.85,65.67M,+0.60%
23-11-2004,1892.60,1873.35,1900.05,1873.35,82.13M,+1.03%
22-11-2004,1873.35,1872.55,1878.05,1845.10,73.28M,+0.05%
19-11-2004,1872.35,1891.95,1898.15,1869.35,83.05M,-1.04%
18-11-2004,1892.05,1890.45,1895.30,1880.80,91.09M,+0.18%
17-11-2004,1888.65,1879.05,1892.15,1874.35,77.65M,+0.51%
16-11-2004,1879.00,1872.80,1881.40,1862.80,68.60M,+0.32%
12-11-2004,1872.95,1871.90,1885.05,1866.75,21.42M,+0.13%
11-11-2004,1870.55,1876.45,1884.65,1866.95,58.87M,-0.30%
10-11-2004,1876.10,1859.65,1878.20,1857.70,71.71M,+0.93%
09-11-2004,1858.75,1863.55,1869.45,1853.45,63.30M,-0.22%
08-11-2004,1862.80,1852.45,1871.05,1852.45,63.02M,+0.57%
05-11-2004,1852.30,1836.05,1854.40,1836.00,63.62M,+0.95%
04-11-2004,1834.85,1837.80,1853.05,1830.50,85.03M,-0.14%
03-11-2004,1837.40,1814.15,1838.40,1814.15,86.22M,+1.31%
02-11-2004,1813.70,1798.30,1817.10,1798.30,76.29M,+0.89%
01-11-2004,1797.75,1787.30,1800.25,1776.70,79.01M,+0.61%
29-10-2004,1786.90,1800.85,1808.85,1783.10,125.11M,-0.73%
28-10-2004,1800.10,1783.90,1808.15,1783.90,113.06M,+0.91%
27-10-2004,1783.85,1781.15,1797.55,1774.20,87.52M,+0.16%
26-10-2004,1781.05,1777.85,1782.10,1750.30,99.73M,+1.35%
25-10-2004,1757.25,1780.00,1783.55,1753.50,78.09M,-1.26%
21-10-2004,1779.75,1790.35,1795.40,1772.40,69.15M,-0.58%
20-10-2004,1790.05,1808.60,1815.20,1785.45,80.48M,-1.01%
19-10-2004,1808.40,1787.20,1813.90,1787.20,73.75M,+1.25%
18-10-2004,1786.00,1796.05,1806.15,1782.95,64.34M,-0.50%
15-10-2004,1795.00,1794.80,1814.05,1789.55,82.58M,+0.01%
14-10-2004,1794.75,1784.80,1805.70,1773.00,96.79M,+0.44%
12-10-2004,1786.90,1808.45,1820.90,1783.05,87.63M,-1.15%
11-10-2004,1807.75,1817.85,1829.45,1803.50,71.94M,-0.55%
09-10-2004,1817.80,1812.85,1824.90,1812.80,25.80M,-0.13%
08-10-2004,1820.20,1815.65,1825.15,1808.75,94.30M,+0.25%
07-10-2004,1815.70,1793.00,1821.85,1793.00,90.73M,+1.16%
06-10-2004,1794.90,1811.70,1824.80,1790.60,106.35M,-0.97%
05-10-2004,1812.45,1805.85,1816.55,1798.60,96.08M,+0.38%
04-10-2004,1805.65,1776.75,1813.90,1775.45,94.39M,+1.72%
01-10-2004,1775.15,1744.40,1778.65,1737.85,95.83M,+1.70%
30-09-2004,1745.50,1728.30,1748.20,1728.20,125.09M,+1.02%
29-09-2004,1727.95,1700.55,1730.30,1695.70,144.12M,+1.63%
28-09-2004,1700.25,1717.45,1717.90,1697.40,98.87M,-1.00%
27-09-2004,1717.50,1722.40,1726.15,1707.95,81.16M,-0.29%
24-09-2004,1722.50,1726.15,1736.90,1717.20,101.67M,-0.21%
23-09-2004,1726.15,1753.10,1753.15,1723.40,142.29M,-1.58%
22-09-2004,1753.90,1749.75,1760.80,1736.30,123.81M,+0.21%
21-09-2004,1750.20,1728.75,1753.00,1724.70,122.45M,+1.24%
20-09-2004,1728.80,1734.05,1741.55,1725.30,132.55M,-0.28%
17-09-2004,1733.65,1702.70,1736.40,1702.70,159.70M,+1.64%
16-09-2004,1705.70,1683.60,1708.00,1677.35,139.09M,+1.34%
15-09-2004,1683.20,1685.70,1694.45,1675.85,104.92M,-0.14%
14-09-2004,1685.55,1675.20,1686.80,1668.45,90.53M,+0.62%
13-09-2004,1675.20,1668.25,1681.75,1668.05,81.53M,+0.39%
10-09-2004,1668.75,1649.45,1670.95,1642.35,78.60M,+1.20%
09-09-2004,1649.00,1656.25,1662.40,1640.25,86.88M,-0.44%
08-09-2004,1656.25,1650.60,1658.85,1648.25,75.59M,+0.37%
07-09-2004,1650.15,1643.95,1653.15,1641.80,73.20M,+0.37%
06-09-2004,1644.00,1634.60,1649.15,1634.45,68.88M,+0.61%
03-09-2004,1634.10,1629.65,1636.10,1622.10,81.21M,+0.29%
02-09-2004,1629.30,1635.50,1641.25,1619.90,73.76M,-0.38%
01-09-2004,1635.45,1631.70,1640.55,1631.10,80.87M,+0.23%
31-08-2004,1631.75,1628.50,1634.80,1618.30,92.19M,+0.20%
30-08-2004,1628.45,1609.45,1629.90,1609.20,62.84M,+1.21%
27-08-2004,1609.00,1610.85,1617.25,1600.15,66.37M,-0.11%
26-08-2004,1610.75,1595.75,1613.25,1593.45,96.02M,+0.94%
25-08-2004,1595.70,1592.20,1598.55,1586.35,70.78M,+0.26%
24-08-2004,1591.60,1578.20,1597.90,1578.05,94.20M,+0.85%
23-08-2004,1578.20,1590.90,1595.55,1573.70,128.55M,-0.76%
20-08-2004,1590.35,1609.20,1610.60,1584.05,108.92M,-1.17%
19-08-2004,1609.20,1581.90,1612.50,1581.90,111.17M,+1.73%
18-08-2004,1581.80,1604.15,1604.15,1577.25,105.91M,-1.41%
17-08-2004,1604.35,1624.00,1628.45,1597.45,139.52M,+0.33%
16-08-2004,1599.15,1598.20,1612.70,1591.60,142.52M,+0.06%
13-08-2004,1598.20,1598.20,1612.70,1591.60,110.48M,-0.56%
12-08-2004,1607.20,1624.30,1629.15,1599.50,125.12M,-0.89%
11-08-2004,1621.60,1652.10,1658.90,1616.85,138.80M,-1.85%
10-08-2004,1652.15,1642.75,1656.60,1637.70,120.50M,+0.58%
09-08-2004,1642.60,1633.25,1644.40,1617.05,107.65M,+0.56%
06-08-2004,1633.40,1654.85,1658.70,1626.70,141.54M,-1.30%
05-08-2004,1654.95,1626.40,1656.25,1626.40,134.33M,+1.75%
04-08-2004,1626.55,1631.30,1635.95,1618.20,105.08M,-0.25%
03-08-2004,1630.60,1639.95,1648.35,1626.30,135.83M,-0.52%
02-08-2004,1639.05,1631.55,1643.80,1627.25,96.48M,+0.41%
30-07-2004,1632.30,1618.90,1638.70,1609.90,151.00M,+0.84%
29-07-2004,1618.70,1594.70,1624.30,1590.15,167.18M,+1.54%
28-07-2004,1594.15,1600.85,1609.45,1586.15,147.02M,-0.41%
27-07-2004,1600.75,1617.95,1629.35,1597.20,167.54M,-1.07%
26-07-2004,1618.00,1602.15,1620.35,1584.65,138.96M,+1.02%
23-07-2004,1601.60,1587.60,1610.85,1587.60,152.83M,+0.22%
22-07-2004,1598.10,1581.60,1609.55,1580.95,170.68M,+1.06%
21-07-2004,1581.40,1566.15,1600.70,1562.90,112.76M,+0.98%
20-07-2004,1566.10,1571.70,1581.05,1555.55,121.19M,-0.35%
19-07-2004,1571.60,1559.20,1582.35,1556.55,112.37M,+0.82%
16-07-2004,1558.80,1538.15,1562.00,1533.65,138.32M,+1.26%
15-07-2004,1539.40,1523.10,1543.25,1517.80,141.17M,+1.09%
14-07-2004,1522.75,1535.10,1552.25,1519.35,110.00M,-1.08%
13-07-2004,1539.30,1560.00,1569.75,1530.60,79.36M,-1.13%
12-07-2004,1556.95,1548.60,1562.80,1537.70,82.41M,+0.24%
09-07-2004,1553.20,1517.45,1557.75,1472.55,104.35M,+2.31%
08-07-2004,1518.15,1567.25,1586.55,1504.50,204.44M,-3.11%
07-07-2004,1566.80,1558.05,1578.50,1551.35,159.59M,+0.55%
06-07-2004,1558.25,1526.65,1561.00,1524.15,131.32M,+2.06%
05-07-2004,1526.85,1537.55,1546.00,1522.90,101.16M,-0.69%
02-07-2004,1537.50,1537.05,1547.65,1516.15,127.49M,+0.02%
01-07-2004,1537.20,1506.65,1539.15,1504.55,113.01M,+2.10%
30-06-2004,1505.60,1518.70,1532.15,1501.70,132.03M,-0.84%
29-06-2004,1518.30,1514.35,1528.50,1503.30,135.42M,+0.26%
28-06-2004,1514.35,1488.60,1516.95,1488.60,127.92M,+1.74%
25-06-2004,1488.50,1471.50,1494.00,1459.55,148.72M,+1.21%
24-06-2004,1470.75,1445.35,1474.30,1437.90,136.46M,+1.70%
23-06-2004,1446.10,1474.80,1481.45,1442.55,102.70M,-1.94%
22-06-2004,1474.70,1482.85,1489.60,1467.65,90.06M,-0.49%
21-06-2004,1482.00,1490.75,1499.80,1478.85,80.29M,-0.62%
18-06-2004,1491.20,1511.95,1515.05,1485.05,89.86M,-1.38%
17-06-2004,1512.05,1494.70,1519.20,1482.20,88.06M,+1.16%
16-06-2004,1494.75,1500.95,1525.20,1490.45,88.67M,-0.42%
15-06-2004,1501.00,1481.45,1507.85,1481.00,97.74M,+1.33%
14-06-2004,1481.35,1508.15,1509.60,1474.65,96.83M,-1.80%
11-06-2004,1508.45,1544.95,1547.40,1504.80,85.74M,-2.35%
10-06-2004,1544.75,1547.70,1552.75,1535.00,78.63M,-0.23%
09-06-2004,1548.30,1550.45,1561.60,1541.60,93.46M,-0.15%
08-06-2004,1550.55,1542.60,1557.00,1526.45,91.17M,+0.52%
07-06-2004,1542.55,1521.60,1557.50,1521.60,105.18M,+1.41%
04-06-2004,1521.10,1494.85,1527.00,1480.80,106.87M,+1.74%
03-06-2004,1495.10,1535.80,1566.50,1484.50,112.50M,-2.61%
02-06-2004,1535.20,1508.00,1543.30,1508.00,87.16M,+1.81%
01-06-2004,1507.90,1483.90,1529.60,1483.90,107.05M,+1.64%
31-05-2004,1483.60,1507.05,1509.05,1456.20,127.19M,-1.67%
28-05-2004,1508.75,1586.35,1587.10,1504.00,134.30M,-4.89%
27-05-2004,1586.40,1590.15,1606.00,1576.05,101.14M,-0.78%
26-05-2004,1598.80,1608.15,1625.70,1587.00,101.45M,-0.49%
25-05-2004,1606.70,1608.90,1621.45,1566.40,101.37M,-0.13%
24-05-2004,1608.85,1563.65,1613.60,1563.05,93.13M,+3.12%
21-05-2004,1560.20,1545.05,1566.15,1498.10,113.12M,+1.06%
20-05-2004,1543.85,1566.50,1591.05,1531.30,134.94M,-1.53%
19-05-2004,1567.85,1508.05,1576.05,1508.05,141.94M,+4.25%
18-05-2004,1503.95,1392.95,1517.60,1389.65,148.41M,+8.30%
17-05-2004,1388.75,1582.50,1583.80,1292.20,114.97M,-12.24%
14-05-2004,1582.40,1717.05,1722.80,1566.95,177.16M,-7.87%
13-05-2004,1717.50,1707.95,1750.30,1625.10,155.58M,+0.37%
12-05-2004,1711.10,1699.25,1721.35,1689.85,106.58M,+0.69%
11-05-2004,1699.45,1768.70,1768.70,1692.90,98.60M,-3.94%
10-05-2004,1769.10,1804.40,1804.40,1753.80,98.00M,-1.96%
07-05-2004,1804.45,1832.85,1833.15,1796.95,84.07M,-1.55%
06-05-2004,1832.80,1810.30,1837.95,1810.30,83.79M,+1.27%
05-05-2004,1809.90,1789.45,1814.35,1788.10,76.70M,+0.94%
04-05-2004,1793.10,1769.10,1803.15,1768.80,89.71M,+1.49%
03-05-2004,1766.70,1796.10,1801.45,1742.80,105.96M,-1.64%
30-04-2004,1796.10,1820.55,1841.45,1788.30,105.82M,-0.71%
29-04-2004,1808.95,1816.70,1818.90,1793.10,136.95M,-0.42%
28-04-2004,1816.55,1819.00,1833.95,1801.80,117.15M,-0.04%
27-04-2004,1817.25,1890.05,1893.10,1814.00,120.42M,-3.97%
23-04-2004,1892.45,1890.85,1912.35,1885.75,127.54M,+0.15%
22-04-2004,1889.55,1873.55,1894.60,1871.00,116.78M,+0.86%
21-04-2004,1873.35,1844.35,1876.00,1838.60,114.89M,+1.58%
20-04-2004,1844.25,1844.40,1851.00,1832.00,102.77M,+0.01%
19-04-2004,1844.05,1868.20,1876.20,1837.40,93.08M,-1.29%
17-04-2004,1868.10,1869.20,1875.95,1864.95,23.01M,-0.05%
16-04-2004,1868.95,1863.85,1882.55,1861.80,83.29M,+0.38%
15-04-2004,1861.95,1878.50,1884.50,1855.00,112.26M,-0.88%
13-04-2004,1878.45,1838.50,1885.15,1819.80,85.83M,+2.19%
12-04-2004,1838.20,1860.30,1873.75,1828.95,80.21M,-0.83%
08-04-2004,1853.55,1854.00,1864.95,1839.70,93.98M,+0.26%
07-04-2004,1848.70,1856.40,1865.20,1833.95,86.26M,-0.13%
06-04-2004,1851.15,1870.80,1876.15,1836.90,109.41M,-0.29%
05-04-2004,1856.60,1841.10,1878.80,1840.00,102.60M,+0.84%
02-04-2004,1841.10,1856.10,1856.30,1809.00,118.74M,+1.18%
01-04-2004,1819.65,1771.45,1823.05,1771.45,111.07M,+2.69%
31-03-2004,1771.90,1744.60,1775.30,1740.20,93.07M,+1.24%
30-03-2004,1750.15,1762.15,1775.40,1746.25,88.67M,-0.68%
29-03-2004,1762.05,1747.35,1766.15,1739.50,81.09M,+0.83%
26-03-2004,1747.50,1704.45,1755.45,1703.80,107.61M,+2.53%
25-03-2004,1704.45,1691.95,1720.65,1691.95,108.54M,+0.73%
24-03-2004,1692.10,1697.40,1700.65,1676.40,88.91M,-0.25%
23-03-2004,1696.40,1685.15,1710.45,1669.70,99.20M,+0.68%
22-03-2004,1685.00,1726.30,1726.35,1678.40,89.14M,-2.32%
19-03-2004,1725.10,1716.30,1738.60,1703.55,98.83M,+0.49%
18-03-2004,1716.65,1750.00,1754.95,1708.30,99.55M,-1.90%
17-03-2004,1749.85,1749.60,1765.05,1738.85,98.29M,+0.03%
16-03-2004,1749.35,1763.35,1769.50,1730.10,145.24M,-0.80%
15-03-2004,1763.40,1812.45,1836.00,1751.80,134.13M,-2.69%
12-03-2004,1812.20,1805.20,1820.95,1775.90,126.01M,+0.38%
11-03-2004,1805.40,1843.95,1843.95,1798.45,116.66M,-2.11%
10-03-2004,1844.35,1866.30,1866.40,1835.80,131.85M,-1.16%
09-03-2004,1866.05,1884.50,1898.70,1843.00,127.69M,-1.02%
08-03-2004,1885.25,1868.15,1891.95,1867.95,129.10M,+0.94%
05-03-2004,1867.70,1843.90,1871.10,1843.90,116.41M,+1.29%
04-03-2004,1843.85,1859.30,1867.95,1831.20,112.52M,-0.89%
03-03-2004,1860.40,1852.45,1868.25,1842.45,133.76M,+0.42%
01-03-2004,1852.70,1798.35,1856.45,1795.35,113.70M,+2.91%
27-02-2004,1800.30,1765.90,1807.45,1763.95,128.74M,+1.95%
26-02-2004,1765.80,1787.45,1818.60,1760.55,114.14M,-1.18%
25-02-2004,1786.80,1833.65,1834.10,1779.00,102.77M,-1.90%
24-02-2004,1821.35,1808.40,1826.85,1780.35,132.74M,+0.73%
23-02-2004,1808.20,1853.00,1867.25,1800.20,99.79M,-2.40%
20-02-2004,1852.65,1858.25,1872.85,1831.15,130.22M,-0.30%
19-02-2004,1858.30,1916.65,1919.70,1851.80,140.47M,-3.03%
18-02-2004,1916.45,1920.00,1935.80,1912.60,109.07M,-0.19%
17-02-2004,1920.10,1913.55,1926.15,1905.50,122.68M,+0.34%
16-02-2004,1913.55,1914.45,1929.50,1909.45,116.67M,0.00%
13-02-2004,1913.60,1875.60,1916.20,1873.25,123.51M,+1.50%
12-02-2004,1885.30,1892.20,1906.10,1869.25,109.93M,-0.33%
11-02-2004,1891.50,1891.80,1894.80,1874.50,110.96M,+0.57%
10-02-2004,1880.75,1880.85,1897.00,1861.65,130.43M,0.00%
09-02-2004,1880.70,1834.90,1885.20,1833.05,102.13M,+2.57%
06-02-2004,1833.65,1804.35,1837.95,1797.95,119.13M,+1.62%
05-02-2004,1804.50,1823.50,1846.75,1787.15,152.93M,-0.97%
04-02-2004,1822.20,1769.10,1829.65,1761.75,152.46M,+3.01%
03-02-2004,1769.00,1809.30,1815.95,1755.65,142.15M,-2.25%
30-01-2004,1809.75,1843.70,1860.40,1804.30,137.22M,-1.84%
29-01-2004,1843.60,1863.00,1883.10,1827.25,158.14M,-1.05%
28-01-2004,1863.10,1903.90,1918.45,1846.35,153.54M,-2.18%
27-01-2004,1904.70,1847.90,1911.30,1844.65,127.78M,+3.09%
23-01-2004,1847.55,1771.10,1858.50,1771.10,130.36M,+4.35%
22-01-2004,1770.50,1824.70,1854.55,1756.25,164.35M,-2.97%
21-01-2004,1824.60,1895.45,1899.55,1811.35,142.24M,-3.63%
20-01-2004,1893.25,1928.80,1957.65,1876.85,137.95M,-2.18%
19-01-2004,1935.35,1901.90,1943.10,1874.95,120.70M,+1.83%
16-01-2004,1900.65,1944.15,1953.05,1887.10,122.46M,-2.25%
15-01-2004,1944.45,1983.20,2000.30,1933.25,121.99M,-1.90%
14-01-2004,1982.15,1987.40,1995.20,1970.10,113.21M,+0.94%
13-01-2004,1963.60,1944.70,1967.85,1926.10,109.88M,+0.93%
12-01-2004,1945.60,1972.00,1980.55,1936.75,116.68M,-1.33%
09-01-2004,1971.90,1969.00,2014.65,1957.45,153.06M,+0.17%
08-01-2004,1968.55,1918.10,1973.45,1918.10,115.68M,+2.70%
07-01-2004,1916.75,1927.95,1930.95,1888.10,119.20M,-0.52%
06-01-2004,1926.70,1955.10,1979.05,1908.75,124.02M,-1.45%
05-01-2004,1955.00,1946.30,1969.20,1930.75,129.70M,+0.46%
02-01-2004,1946.05,1912.25,1951.70,1911.05,117.08M,+1.77%
01-01-2004,1912.25,1880.35,1917.05,1880.35,102.55M,+1.73%
31-12-2003,1879.75,1868.90,1895.65,1852.50,114.77M,+0.35%
30-12-2003,1873.25,1878.90,1914.40,1858.55,149.04M,-0.04%
29-12-2003,1874.05,1838.05,1876.00,1837.65,98.55M,+2.01%
26-12-2003,1837.05,1804.70,1840.35,1804.70,114.22M,+1.57%
24-12-2003,1808.70,1788.45,1815.60,1780.30,135.00M,+1.60%
23-12-2003,1780.30,1789.10,1800.90,1751.05,85.98M,-0.49%
22-12-2003,1789.15,1778.85,1794.30,1778.40,93.94M,+0.60%
19-12-2003,1778.55,1757.00,1783.70,1755.40,140.66M,+1.28%
18-12-2003,1756.10,1733.20,1759.00,1725.85,114.57M,+1.32%
17-12-2003,1733.25,1736.35,1746.20,1725.40,101.35M,-0.17%
16-12-2003,1736.25,1723.90,1740.30,1711.30,105.56M,+0.71%
15-12-2003,1723.95,1699.70,1728.00,1699.70,99.58M,+1.47%
12-12-2003,1698.90,1695.80,1705.95,1686.45,95.31M,+0.21%
11-12-2003,1695.40,1688.35,1701.70,1678.35,85.83M,+0.50%
10-12-2003,1686.90,1675.75,1697.30,1672.65,102.33M,+0.66%
09-12-2003,1675.85,1646.40,1677.90,1646.40,82.35M,+1.80%
08-12-2003,1646.25,1644.85,1654.35,1631.85,95.77M,+0.03%
05-12-2003,1645.80,1675.50,1688.25,1642.05,100.93M,-1.76%
04-12-2003,1675.20,1670.65,1683.75,1656.10,103.57M,+0.28%
03-12-2003,1670.50,1660.70,1676.20,1655.90,97.02M,+0.72%
02-12-2003,1658.50,1657.65,1671.85,1639.65,117.86M,+0.05%
01-12-2003,1657.65,1615.85,1660.55,1615.70,110.44M,+2.62%
28-11-2003,1615.25,1598.55,1618.95,1598.55,99.39M,+1.06%
27-11-2003,1598.35,1568.85,1602.60,1568.70,113.55M,+1.89%
25-11-2003,1568.65,1543.95,1572.05,1543.95,95.58M,+1.60%
24-11-2003,1543.90,1541.35,1554.05,1536.50,116.68M,+0.21%
21-11-2003,1540.70,1520.40,1547.00,1509.15,112.86M,+1.21%
20-11-2003,1522.30,1542.85,1558.15,1517.90,112.47M,-1.19%
19-11-2003,1540.60,1563.95,1564.00,1534.35,110.70M,-1.52%
18-11-2003,1564.40,1579.15,1591.25,1557.20,106.24M,-0.98%
17-11-2003,1579.90,1563.10,1584.75,1554.40,89.95M,+1.09%
15-11-2003,1562.80,1549.65,1571.30,1542.00,37.84M,+0.80%
14-11-2003,1550.45,1577.20,1580.30,1544.75,109.49M,-1.87%
13-11-2003,1579.95,1610.40,1616.15,1573.60,108.85M,-1.49%
12-11-2003,1603.80,1601.30,1617.75,1598.00,107.39M,+0.17%
11-11-2003,1601.15,1594.50,1608.85,1590.95,108.54M,+0.42%
10-11-2003,1594.50,1603.55,1603.65,1568.10,62.35M,+0.15%
07-11-2003,1592.05,1612.10,1624.50,1585.35,138.36M,-1.25%
06-11-2003,1612.20,1610.55,1630.25,1605.40,174.02M,+0.19%
05-11-2003,1609.15,1618.70,1627.60,1592.55,151.58M,-0.59%
04-11-2003,1618.70,1601.30,1626.40,1601.30,205.24M,+1.06%
03-11-2003,1601.65,1556.50,1605.60,1556.50,151.96M,+2.94%
31-10-2003,1555.90,1517.10,1559.75,1515.55,154.48M,+2.57%
30-10-2003,1516.85,1499.25,1524.25,1495.80,202.27M,+1.23%
29-10-2003,1498.45,1481.30,1501.70,1477.10,134.07M,+1.13%
28-10-2003,1481.75,1485.45,1500.80,1471.30,138.89M,-0.24%
27-10-2003,1485.30,1522.05,1524.05,1482.00,135.06M,-2.41%
25-10-2003,1521.95,1506.05,1533.05,1506.05,43.19M,+1.06%
24-10-2003,1506.05,1485.80,1512.55,1434.75,150.86M,+2.42%
23-10-2003,1470.45,1494.75,1503.00,1466.25,133.91M,-1.58%
22-10-2003,1494.10,1506.75,1522.65,1483.00,152.76M,-0.82%
21-10-2003,1506.50,1546.20,1549.65,1496.95,196.13M,-2.35%
20-10-2003,1542.70,1569.70,1574.10,1536.50,167.97M,-1.70%
17-10-2003,1569.45,1565.20,1574.10,1552.15,200.57M,+0.88%
16-10-2003,1555.70,1537.30,1563.40,1537.30,162.78M,+1.22%
15-10-2003,1537.00,1521.45,1543.85,1503.00,152.16M,+1.07%
14-10-2003,1520.80,1548.70,1562.85,1513.75,182.18M,-1.68%
13-10-2003,1546.75,1523.35,1550.90,1516.05,132.23M,+1.55%
10-10-2003,1523.10,1507.10,1527.25,1505.10,152.85M,+1.40%
09-10-2003,1502.10,1487.85,1505.05,1478.40,117.87M,+1.59%
08-10-2003,1478.60,1477.85,1493.05,1460.60,147.78M,+0.05%
07-10-2003,1477.85,1478.95,1498.45,1467.75,210.47M,-0.07%
06-10-2003,1478.90,1449.45,1481.05,1423.75,145.93M,+2.04%
03-10-2003,1449.30,1420.85,1451.20,1420.85,140.54M,+2.00%
01-10-2003,1420.85,1416.60,1430.90,1407.95,118.75M,+0.26%
30-09-2003,1417.10,1400.70,1418.10,1399.80,117.56M,+1.23%
29-09-2003,1399.95,1386.90,1422.35,1386.10,139.66M,+0.94%
26-09-2003,1386.95,1357.55,1389.30,1357.35,142.17M,+2.19%
25-09-2003,1357.20,1371.45,1377.25,1352.80,196.92M,-1.08%
24-09-2003,1372.05,1324.85,1373.90,1322.65,137.40M,+3.30%
23-09-2003,1328.20,1302.85,1333.70,1290.55,118.68M,+1.94%
22-09-2003,1302.90,1319.25,1333.55,1300.25,114.65M,-1.46%
19-09-2003,1322.15,1303.20,1331.05,1285.25,152.26M,+1.52%
18-09-2003,1302.35,1341.45,1342.60,1299.25,142.76M,-2.93%
17-09-2003,1341.60,1357.95,1377.45,1332.20,165.35M,-1.20%
16-09-2003,1357.95,1330.15,1362.10,1299.50,194.59M,+2.16%
15-09-2003,1329.25,1371.75,1371.85,1322.65,144.30M,-3.12%
12-09-2003,1372.10,1405.55,1415.65,1367.15,141.94M,-2.21%
11-09-2003,1403.15,1409.65,1422.40,1399.60,154.18M,-0.45%
10-09-2003,1409.55,1407.00,1414.10,1389.65,184.18M,+0.18%
09-09-2003,1407.05,1417.80,1430.70,1397.65,132.14M,-0.73%
08-09-2003,1417.35,1398.40,1420.25,1398.35,109.01M,+1.36%
05-09-2003,1398.40,1373.00,1400.90,1372.75,139.88M,+1.87%
04-09-2003,1372.70,1358.90,1382.60,1355.80,171.39M,+0.98%
03-09-2003,1359.35,1387.20,1394.95,1353.60,169.29M,-1.88%
02-09-2003,1385.45,1375.95,1388.95,1366.90,129.85M,+0.69%
01-09-2003,1375.95,1356.70,1379.40,1356.65,120.49M,+1.43%
29-08-2003,1356.55,1341.20,1365.80,1340.80,187.82M,+1.16%
28-08-2003,1341.05,1340.20,1349.00,1328.35,147.16M,+0.06%
27-08-2003,1340.30,1318.75,1346.30,1318.75,186.17M,+1.68%
26-08-2003,1318.20,1270.20,1322.95,1269.50,203.04M,+3.71%
25-08-2003,1271.10,1311.95,1332.55,1245.85,189.20M,-3.05%
22-08-2003,1311.15,1301.50,1319.45,1298.80,174.01M,+0.78%
21-08-2003,1300.95,1288.20,1304.15,1287.00,147.95M,+1.05%
20-08-2003,1287.40,1280.80,1292.95,1280.80,179.40M,+0.76%
19-08-2003,1277.70,1286.05,1307.60,1268.10,233.90M,-0.29%
18-08-2003,1281.40,1247.90,1285.70,1247.90,214.89M,+2.70%
14-08-2003,1247.75,1247.00,1260.35,1243.40,150.83M,+0.07%
13-08-2003,1246.90,1235.35,1249.35,1229.30,127.52M,+0.98%
12-08-2003,1234.75,1233.95,1249.35,1229.80,146.06M,+0.15%
11-08-2003,1232.85,1222.60,1240.35,1215.75,154.66M,+0.83%
08-08-2003,1222.65,1199.70,1224.50,1199.70,130.09M,+2.15%
07-08-2003,1196.95,1170.75,1199.70,1170.75,112.32M,+2.21%
06-08-2003,1171.05,1184.10,1191.05,1164.75,112.28M,-1.13%
05-08-2003,1184.45,1203.90,1218.50,1181.00,108.25M,-1.59%
04-08-2003,1203.60,1196.05,1206.10,1185.95,101.51M,+0.66%
01-08-2003,1195.75,1185.80,1198.80,1180.30,86.33M,+0.83%
31-07-2003,1185.85,1183.30,1198.50,1181.90,117.34M,+0.24%
30-07-2003,1183.00,1175.30,1187.70,1168.45,82.32M,+0.70%
29-07-2003,1174.75,1169.25,1177.25,1154.80,76.21M,+0.47%
28-07-2003,1169.20,1163.25,1180.60,1163.25,82.80M,+0.55%
25-07-2003,1162.75,1135.50,1164.70,1135.05,85.40M,+2.04%
24-07-2003,1139.45,1119.95,1144.35,1118.55,92.46M,+1.82%
23-07-2003,1119.05,1109.60,1124.70,1109.60,93.26M,+0.89%
22-07-2003,1109.20,1115.35,1118.25,1089.30,80.61M,-0.59%
21-07-2003,1115.80,1140.00,1146.40,1112.55,72.12M,-2.12%
18-07-2003,1140.00,1151.85,1162.60,1130.45,77.57M,-1.04%
17-07-2003,1152.00,1168.85,1175.95,1145.65,80.35M,-1.43%
16-07-2003,1168.75,1158.70,1170.45,1148.60,67.84M,+0.77%
15-07-2003,1159.85,1171.50,1175.55,1148.80,77.64M,-0.99%
14-07-2003,1171.50,1161.20,1173.95,1161.20,69.73M,+0.85%
11-07-2003,1161.65,1162.30,1170.75,1157.45,73.79M,-0.06%
10-07-2003,1162.35,1146.00,1163.60,1146.00,74.52M,+1.87%
09-07-2003,1141.05,1146.35,1155.30,1137.15,53.37M,-0.42%
08-07-2003,1145.90,1141.45,1153.15,1141.30,68.37M,+0.47%
07-07-2003,1140.55,1138.90,1145.75,1134.60,57.43M,+0.18%
04-07-2003,1138.45,1145.60,1148.85,1134.00,57.67M,-0.54%
03-07-2003,1144.65,1133.80,1150.75,1126.35,87.42M,+0.96%
02-07-2003,1133.80,1131.55,1145.40,1130.20,73.75M,+0.27%
01-07-2003,1130.70,1133.95,1139.00,1125.75,64.85M,-0.30%
30-06-2003,1134.15,1125.60,1141.30,1125.50,67.93M,+0.76%
27-06-2003,1125.55,1117.45,1126.80,1109.35,87.54M,+0.82%
26-06-2003,1116.35,1106.80,1118.90,1106.80,92.15M,+0.88%
25-06-2003,1106.65,1085.65,1109.75,1084.35,76.19M,+1.96%
24-06-2003,1085.35,1089.20,1092.65,1079.10,61.82M,-0.35%
23-06-2003,1089.20,1100.60,1106.15,1087.65,61.15M,-1.00%
20-06-2003,1100.25,1092.65,1101.60,1081.35,70.94M,+0.70%
19-06-2003,1092.55,1085.95,1097.00,1078.90,75.60M,+0.53%
18-06-2003,1086.75,1082.80,1093.20,1080.90,82.70M,+0.44%
17-06-2003,1081.95,1052.30,1083.20,1052.30,72.62M,+2.87%
16-06-2003,1051.80,1056.50,1059.80,1045.55,56.08M,-0.42%
13-06-2003,1056.20,1050.95,1059.45,1050.95,61.69M,+0.47%
12-06-2003,1051.30,1044.20,1052.60,1043.10,58.63M,+0.69%
11-06-2003,1044.10,1038.00,1048.25,1035.00,61.66M,+0.61%
10-06-2003,1037.80,1052.00,1056.55,1033.95,76.48M,-1.36%
09-06-2003,1052.10,1046.00,1057.05,1039.85,58.75M,+0.54%
06-06-2003,1046.40,1036.20,1048.85,1035.95,74.62M,+1.10%
05-06-2003,1035.05,1021.10,1038.30,1021.10,89.52M,+1.37%
04-06-2003,1021.05,1010.70,1022.75,1010.10,63.19M,+1.03%
03-06-2003,1010.65,1015.90,1016.90,1007.65,56.89M,-0.44%
02-06-2003,1015.15,1006.85,1020.50,1004.70,67.87M,+0.83%
30-05-2003,1006.80,1000.05,1013.85,994.65,73.78M,+0.42%
29-05-2003,1002.60,990.80,1004.85,989.50,91.56M,+1.19%
28-05-2003,990.80,977.65,992.25,977.55,64.76M,+1.43%
27-05-2003,976.85,982.35,990.00,974.25,58.43M,-0.57%
26-05-2003,982.45,967.85,983.90,967.10,54.02M,+1.50%
23-05-2003,967.90,963.50,972.90,962.40,64.22M,+0.48%
22-05-2003,963.25,967.95,972.40,960.05,55.56M,-0.49%
21-05-2003,968.00,972.05,980.75,965.55,57.37M,-0.37%
20-05-2003,971.55,964.65,974.05,959.80,60.80M,+0.52%
19-05-2003,966.55,973.70,979.85,964.60,61.26M,-0.67%
16-05-2003,973.10,959.85,974.40,959.85,53.82M,+1.38%
15-05-2003,959.85,952.15,961.60,951.15,49.13M,+0.81%
14-05-2003,952.15,944.20,953.45,943.15,50.64M,+0.84%
13-05-2003,944.20,936.90,945.80,936.70,55.13M,+0.88%
12-05-2003,936.00,938.50,944.45,934.00,45.85M,-0.20%
09-05-2003,937.85,941.60,941.65,935.80,51.20M,-0.39%
08-05-2003,941.55,950.15,951.30,938.70,66.56M,-0.91%
07-05-2003,950.15,950.40,956.65,948.90,69.37M,-0.18%
06-05-2003,951.85,945.85,955.00,943.20,71.31M,+0.68%
05-05-2003,945.40,937.45,948.95,936.65,65.76M,+0.76%
02-05-2003,938.30,930.90,940.20,930.80,62.77M,+0.46%
30-04-2003,934.05,935.25,935.55,929.85,63.80M,+0.19%
29-04-2003,932.30,929.75,936.90,929.75,57.87M,+0.30%
28-04-2003,929.50,922.85,931.05,920.00,62.37M,+0.56%
25-04-2003,924.30,929.45,931.35,921.10,65.20M,-0.58%
24-04-2003,929.70,934.20,943.15,927.80,107.33M,-0.48%
23-04-2003,934.20,943.75,951.20,931.50,66.28M,-0.99%
22-04-2003,943.50,947.10,951.40,937.85,65.12M,-0.39%
21-04-2003,947.20,941.50,949.70,941.50,51.70M,+0.69%
17-04-2003,940.70,958.65,958.65,936.70,47.28M,-1.87%
16-04-2003,958.65,950.65,961.75,949.00,52.70M,+0.78%
15-04-2003,951.20,951.80,964.20,938.80,59.85M,+0.15%
11-04-2003,949.80,958.90,965.15,935.70,83.52M,-1.29%
10-04-2003,962.20,1003.80,1003.80,958.20,73.20M,-4.24%
09-04-2003,1004.85,1018.00,1018.00,1002.30,45.37M,-1.30%
08-04-2003,1018.10,1032.00,1032.00,1016.60,49.37M,-1.30%
07-04-2003,1031.50,1017.05,1033.45,1017.05,53.49M,+1.43%
04-04-2003,1016.95,1009.15,1018.25,1002.75,55.42M,+0.77%
03-04-2003,1009.15,999.55,1010.75,999.55,48.98M,+0.98%
02-04-2003,999.40,984.45,1002.10,984.45,49.61M,+1.53%
01-04-2003,984.30,977.40,992.05,973.50,50.07M,+0.62%
31-03-2003,978.20,1000.60,1000.60,974.10,41.58M,-2.24%
28-03-2003,1000.60,1002.80,1006.30,996.75,41.73M,-0.21%
27-03-2003,1002.70,1013.90,1013.90,999.60,50.31M,-1.10%
26-03-2003,1013.85,1011.55,1019.90,1004.85,40.99M,+0.25%
25-03-2003,1011.30,1013.50,1013.50,998.40,46.53M,-0.26%
24-03-2003,1013.90,1037.15,1038.55,1011.95,42.05M,-2.24%
22-03-2003,1037.15,1030.60,1039.80,1030.60,19.84M,+0.64%
21-03-2003,1030.55,1025.55,1033.70,1022.05,50.21M,+0.52%
20-03-2003,1025.25,1003.45,1028.90,1001.75,62.40M,+2.13%
19-03-2003,1003.90,993.35,1011.45,992.90,47.90M,+1.10%
17-03-2003,993.00,999.70,1000.85,982.70,43.46M,-0.67%
13-03-2003,999.65,1001.50,1006.40,994.20,47.58M,-0.20%
12-03-2003,1001.70,1014.25,1017.75,1000.05,44.97M,-1.27%
11-03-2003,1014.55,1006.65,1016.70,998.95,49.64M,+0.78%
10-03-2003,1006.70,1017.10,1021.50,1004.35,41.94M,-1.02%
07-03-2003,1017.10,1031.05,1031.05,1014.30,45.65M,-1.37%
06-03-2003,1031.25,1040.30,1040.75,1029.55,41.25M,-0.91%
05-03-2003,1040.70,1046.55,1046.55,1029.90,52.52M,-0.56%
04-03-2003,1046.60,1058.70,1058.70,1045.20,37.23M,-1.16%
03-03-2003,1058.85,1063.55,1070.85,1057.55,46.37M,-0.43%
28-02-2003,1063.40,1053.65,1068.65,1053.65,82.25M,+0.99%
27-02-2003,1052.95,1049.60,1057.45,1044.90,63.41M,+0.31%
26-02-2003,1049.65,1055.60,1059.60,1048.20,57.56M,-0.56%
25-02-2003,1055.55,1070.10,1073.25,1054.90,34.61M,-1.36%
24-02-2003,1070.15,1066.20,1075.50,1066.20,45.25M,+0.38%
21-02-2003,1066.15,1065.60,1069.20,1061.10,49.46M,+0.05%
20-02-2003,1065.60,1064.15,1071.70,1058.35,51.01M,+0.12%
19-02-2003,1064.30,1059.30,1068.80,1059.30,45.85M,+0.47%
18-02-2003,1059.30,1058.95,1065.15,1057.60,48.39M,+0.10%
17-02-2003,1058.20,1036.20,1060.50,1036.20,49.29M,+2.14%
14-02-2003,1036.00,1044.45,1047.05,1034.10,43.90M,-0.81%
12-02-2003,1044.45,1048.15,1051.00,1040.40,53.20M,-0.34%
11-02-2003,1048.00,1048.60,1055.80,1044.55,47.49M,-0.06%
10-02-2003,1048.60,1058.20,1058.75,1047.15,42.87M,-0.84%
07-02-2003,1057.50,1063.75,1065.80,1055.50,55.93M,-0.57%
06-02-2003,1063.60,1047.25,1065.95,1043.70,48.00M,+1.55%
05-02-2003,1047.40,1054.30,1054.65,1041.75,53.80M,-0.70%
04-02-2003,1054.80,1056.55,1063.70,1050.45,57.86M,-0.05%
03-02-2003,1055.30,1040.25,1056.60,1036.50,47.03M,+1.29%
31-01-2003,1041.85,1034.75,1044.25,1026.20,76.71M,+0.70%
30-01-2003,1034.60,1037.15,1050.55,1031.35,79.53M,-0.25%
29-01-2003,1037.20,1059.80,1059.80,1033.30,71.66M,-0.86%
28-01-2003,1046.20,1036.35,1047.95,1026.75,69.97M,+0.82%
27-01-2003,1037.65,1057.80,1059.35,1030.35,63.98M,-1.74%
24-01-2003,1056.05,1070.60,1075.20,1053.40,61.55M,-1.39%
23-01-2003,1070.90,1081.40,1083.15,1069.05,59.86M,-1.11%
22-01-2003,1082.90,1078.45,1086.20,1073.60,48.87M,+0.46%
21-01-2003,1077.90,1076.30,1080.50,1074.10,50.16M,+0.14%
20-01-2003,1076.35,1086.25,1087.00,1074.20,44.28M,-0.93%
17-01-2003,1086.50,1089.30,1090.25,1083.20,47.50M,-0.17%
16-01-2003,1088.35,1085.05,1091.35,1083.95,45.42M,+0.31%
15-01-2003,1085.00,1077.90,1087.50,1077.80,45.49M,+0.56%
14-01-2003,1078.95,1072.70,1080.80,1070.30,44.51M,+0.48%
13-01-2003,1073.75,1080.25,1080.40,1070.75,46.77M,-0.60%
10-01-2003,1080.25,1097.60,1103.25,1077.40,54.05M,-1.56%
09-01-2003,1097.35,1089.75,1099.15,1087.75,44.48M,+0.73%
08-01-2003,1089.35,1082.40,1091.45,1082.30,51.03M,+0.70%
07-01-2003,1081.80,1084.40,1089.85,1078.95,53.73M,-0.24%
06-01-2003,1084.35,1089.75,1093.05,1081.25,47.35M,-0.48%
03-01-2003,1089.60,1094.45,1099.85,1087.30,61.48M,-0.32%
02-01-2003,1093.05,1100.55,1105.60,1091.20,63.89M,-0.65%
01-01-2003,1100.15,1093.60,1102.10,1093.60,38.96M,+0.61%
31-12-2002,1093.50,1091.85,1100.10,1091.70,46.47M,+0.14%
30-12-2002,1091.95,1095.80,1095.80,1084.35,47.67M,-0.59%
27-12-2002,1098.40,1095.65,1103.95,1095.60,61.41M,+0.33%
26-12-2002,1094.80,1085.05,1100.40,1085.05,70.34M,+0.90%
24-12-2002,1085.00,1075.95,1087.00,1072.65,46.07M,+0.84%
23-12-2002,1076.00,1079.30,1082.60,1073.35,39.10M,-0.31%
20-12-2002,1079.30,1075.45,1084.95,1075.40,48.15M,+0.31%
19-12-2002,1076.00,1077.85,1079.90,1070.50,60.43M,-0.18%
18-12-2002,1077.95,1073.20,1083.65,1072.85,58.44M,+0.44%
17-12-2002,1073.25,1078.70,1084.95,1069.00,54.16M,-0.48%
16-12-2002,1078.45,1089.00,1100.00,1075.55,66.32M,-0.71%
13-12-2002,1086.20,1074.45,1087.35,1074.45,59.30M,+0.85%
12-12-2002,1077.00,1069.95,1078.85,1066.80,64.37M,+0.68%
11-12-2002,1069.75,1064.10,1076.95,1062.30,75.86M,+0.57%
10-12-2002,1063.70,1058.35,1066.10,1045.65,74.26M,+0.48%
09-12-2002,1058.65,1070.50,1085.75,1054.95,98.47M,-1.04%
06-12-2002,1069.80,1047.55,1072.25,1047.55,86.99M,+2.28%
05-12-2002,1045.95,1036.75,1052.45,1036.75,66.83M,+0.92%
04-12-2002,1036.40,1055.75,1055.75,1034.10,63.80M,-1.76%
03-12-2002,1055.00,1067.70,1075.75,1051.80,76.92M,-1.21%
02-12-2002,1067.90,1050.15,1070.15,1050.15,74.96M,+1.69%
29-11-2002,1050.15,1049.55,1057.45,1040.95,62.33M,+0.04%
28-11-2002,1049.70,1031.25,1051.75,1031.25,75.69M,+1.80%
27-11-2002,1031.10,1036.35,1042.20,1027.70,68.62M,-0.49%
26-11-2002,1036.15,1026.40,1040.45,1026.00,78.13M,+0.97%
25-11-2002,1026.20,1020.90,1030.35,1017.50,65.20M,+0.59%
22-11-2002,1020.15,1009.50,1026.00,1009.50,82.80M,+1.13%
21-11-2002,1008.75,1001.80,1012.75,1001.80,70.83M,+0.71%
20-11-2002,1001.60,996.85,1007.20,992.30,79.54M,+0.48%
18-11-2002,996.85,990.35,1000.30,989.05,65.78M,+0.66%
15-11-2002,990.35,972.30,992.05,972.30,71.31M,+1.90%
14-11-2002,971.90,964.15,974.10,963.50,62.90M,+0.96%
13-11-2002,962.65,960.35,965.75,956.90,50.76M,+0.29%
12-11-2002,959.85,953.90,960.85,948.05,44.78M,+0.61%
11-11-2002,954.05,957.55,958.55,952.10,43.59M,-0.30%
08-11-2002,956.95,960.50,960.95,954.35,47.45M,-0.39%
07-11-2002,960.70,962.35,970.20,957.95,61.35M,-0.17%
05-11-2002,962.30,962.85,963.70,957.20,46.55M,+0.02%
04-11-2002,962.10,951.60,965.50,951.60,20.40M,+1.12%
01-11-2002,951.45,951.45,956.95,946.40,81.89M,+0.01%
31-10-2002,951.40,937.35,953.30,937.05,101.28M,+1.46%
30-10-2002,937.75,936.15,944.35,935.90,59.33M,+0.09%
29-10-2002,936.90,922.55,939.70,921.65,63.15M,+1.54%
28-10-2002,922.70,932.35,934.90,920.10,41.86M,-1.02%
25-10-2002,932.20,946.80,946.80,929.25,50.21M,-1.55%
24-10-2002,946.90,957.70,959.80,945.00,38.78M,-1.09%
23-10-2002,957.35,962.90,963.75,955.45,50.46M,-0.54%
22-10-2002,962.50,967.50,976.35,961.65,35.38M,-0.50%
21-10-2002,967.35,971.75,976.20,965.65,32.91M,-0.44%
18-10-2002,971.65,973.80,982.50,968.80,52.62M,-0.17%
17-10-2002,973.30,973.70,976.05,966.55,56.77M,-0.03%
16-10-2002,973.60,972.90,983.60,971.70,49.81M,+0.12%
14-10-2002,972.45,971.50,976.50,969.00,40.66M,+0.14%
11-10-2002,971.05,958.45,973.50,958.45,50.97M,+1.31%
10-10-2002,958.45,954.80,960.45,945.00,47.80M,+0.39%
09-10-2002,954.75,960.85,968.75,952.95,46.57M,-0.63%
08-10-2002,960.80,954.80,963.15,952.50,54.86M,+0.63%
07-10-2002,954.75,947.80,956.35,946.25,40.19M,+0.69%
04-10-2002,948.20,948.10,951.80,944.50,44.51M,0.00%
03-10-2002,948.20,955.35,957.90,945.80,41.04M,-0.73%
01-10-2002,955.20,961.15,964.20,950.30,43.09M,-0.83%
30-09-2002,963.15,976.15,976.15,961.55,38.96M,-1.36%
27-09-2002,976.45,969.95,978.00,969.25,48.53M,+0.68%
26-09-2002,969.90,970.10,976.25,968.25,29.51M,-0.02%
25-09-2002,970.05,964.65,971.85,960.50,44.11M,+0.40%
24-09-2002,966.20,969.95,969.95,960.20,40.93M,-0.42%
23-09-2002,970.30,969.85,974.75,967.35,39.80M,+0.07%
20-09-2002,969.60,975.60,975.60,960.70,46.97M,-0.66%
19-09-2002,976.05,983.45,985.25,970.80,40.46M,-0.77%
18-09-2002,983.60,994.15,994.15,981.60,35.93M,-1.14%
17-09-2002,994.90,985.75,996.80,985.75,35.81M,+0.93%
16-09-2002,985.75,991.75,997.00,983.55,30.55M,-0.63%
13-09-2002,992.00,1001.40,1001.40,989.85,31.25M,-0.96%
12-09-2002,1001.65,998.95,1005.15,998.80,43.06M,+0.28%
11-09-2002,998.85,998.60,1002.35,993.35,44.18M,+0.03%
09-09-2002,998.55,992.05,1005.85,985.25,51.87M,+0.34%
06-09-2002,995.20,1008.45,1008.45,992.70,45.01M,-1.33%
05-09-2002,1008.60,1006.90,1013.45,1004.20,57.44M,+0.16%
04-09-2002,1006.95,1000.70,1008.80,990.85,53.16M,+0.58%
03-09-2002,1001.10,1013.65,1014.80,999.40,44.81M,-1.22%
02-09-2002,1013.50,1010.90,1024.65,1010.85,56.39M,+0.29%
30-08-2002,1010.60,987.65,1012.75,986.70,70.54M,+2.37%
29-08-2002,987.25,985.85,989.40,981.45,75.08M,+0.16%
28-08-2002,985.70,987.35,988.10,981.10,44.21M,-0.20%
27-08-2002,987.70,998.85,1003.30,985.70,54.47M,-1.12%
26-08-2002,998.85,992.40,1001.45,986.15,45.09M,+0.37%
23-08-2002,995.20,985.75,996.40,984.70,39.91M,+0.96%
22-08-2002,985.70,988.55,995.30,983.45,40.65M,-0.28%
21-08-2002,988.45,988.60,994.25,984.35,55.11M,-0.01%
20-08-2002,988.55,979.75,990.85,979.05,41.50M,+0.89%
19-08-2002,979.85,979.40,983.55,978.20,29.70M,+0.06%
16-08-2002,979.25,970.75,981.20,968.35,33.89M,+0.99%
14-08-2002,969.65,976.05,976.25,967.25,40.79M,-0.66%
13-08-2002,976.05,970.40,977.20,969.90,26.76M,+0.64%
12-08-2002,969.85,961.15,971.55,961.15,38.88M,+0.82%
09-08-2002,961.95,953.80,963.85,948.00,53.34M,+0.88%
08-08-2002,953.55,969.15,971.75,951.20,42.63M,-1.60%
07-08-2002,969.10,967.70,978.60,966.55,44.12M,+0.25%
06-08-2002,966.65,963.30,969.55,955.40,40.64M,+0.35%
05-08-2002,963.25,954.90,966.50,953.90,42.32M,+0.89%
02-08-2002,954.75,957.55,957.55,935.55,42.40M,-0.31%
01-08-2002,957.70,959.20,972.05,954.15,43.35M,-0.13%
31-07-2002,958.90,960.30,964.10,943.60,58.53M,-0.18%
30-07-2002,960.65,973.00,987.50,956.80,54.99M,-1.13%
29-07-2002,971.65,973.00,977.95,953.15,55.21M,-0.19%
26-07-2002,973.50,1001.05,1001.05,972.55,59.58M,-2.80%
25-07-2002,1001.55,1004.20,1021.30,997.85,77.65M,-0.25%
24-07-2002,1004.05,1021.80,1022.20,1001.90,43.16M,-1.75%
23-07-2002,1021.90,1012.05,1023.65,1005.75,48.05M,+0.98%
22-07-2002,1012.00,1035.20,1035.20,1009.00,38.10M,-2.31%
19-07-2002,1035.90,1041.35,1041.50,1032.25,38.25M,-0.52%
18-07-2002,1041.30,1032.55,1044.00,1032.55,32.85M,+0.85%
17-07-2002,1032.55,1035.95,1037.50,1025.00,36.54M,-0.33%
16-07-2002,1035.95,1047.90,1051.85,1033.95,41.56M,-1.15%
15-07-2002,1048.00,1057.95,1058.45,1043.30,30.06M,-0.97%
12-07-2002,1058.25,1057.10,1064.90,1054.90,31.40M,+0.16%
11-07-2002,1056.60,1070.95,1070.95,1055.30,36.45M,-1.41%
10-07-2002,1071.70,1081.55,1087.40,1069.45,40.20M,-0.80%
09-07-2002,1080.30,1081.90,1083.65,1077.55,39.64M,-0.16%
08-07-2002,1082.05,1074.00,1085.30,1072.90,41.66M,+0.77%
05-07-2002,1073.80,1071.00,1076.20,1067.45,31.66M,+0.30%
04-07-2002,1070.55,1069.95,1078.55,1068.40,39.80M,+0.06%
03-07-2002,1069.90,1067.80,1074.00,1065.55,39.63M,+0.17%
02-07-2002,1068.05,1067.90,1071.70,1064.95,42.06M,-0.08%
01-07-2002,1068.95,1058.00,1070.15,1058.00,31.62M,+1.05%
28-06-2002,1057.80,1049.40,1068.90,1049.40,42.67M,+0.88%
27-06-2002,1048.55,1044.50,1053.70,1044.00,50.09M,+0.42%
26-06-2002,1044.20,1055.35,1061.05,1042.20,38.08M,-1.06%
25-06-2002,1055.40,1061.90,1063.30,1048.55,48.99M,-0.61%
24-06-2002,1061.85,1065.60,1065.60,1054.45,29.00M,-0.07%
21-06-2002,1062.55,1069.50,1069.80,1058.95,36.40M,-0.70%
20-06-2002,1070.05,1063.10,1074.00,1056.25,44.43M,+0.67%
19-06-2002,1062.90,1074.70,1079.20,1056.45,46.37M,-1.12%
18-06-2002,1074.95,1088.90,1097.40,1073.75,38.29M,-1.28%
17-06-2002,1088.90,1085.80,1097.55,1085.70,35.01M,+0.29%
14-06-2002,1085.70,1081.75,1087.60,1079.45,45.12M,+0.26%
13-06-2002,1082.85,1093.00,1102.05,1080.80,36.92M,-0.91%
12-06-2002,1092.80,1097.15,1100.45,1088.50,45.73M,-0.39%
11-06-2002,1097.05,1070.95,1099.50,1070.55,57.80M,+2.54%
10-06-2002,1069.90,1049.95,1072.50,1049.95,36.19M,+2.01%
07-06-2002,1048.80,1063.75,1063.75,1044.35,34.43M,-1.46%
06-06-2002,1064.35,1064.15,1072.00,1055.50,49.92M,+0.01%
05-06-2002,1064.20,1045.55,1067.50,1045.00,48.38M,+1.80%
04-06-2002,1045.40,1040.15,1047.40,1036.55,31.09M,+0.54%
03-06-2002,1039.75,1029.25,1047.25,1029.25,35.08M,+1.06%
31-05-2002,1028.80,1032.50,1037.70,1020.10,48.91M,-0.32%
30-05-2002,1032.15,1041.40,1049.95,1030.10,56.75M,-0.91%
29-05-2002,1041.65,1038.20,1047.95,1026.50,59.43M,+0.33%
28-05-2002,1038.20,1061.90,1062.30,1034.10,47.30M,-2.31%
27-05-2002,1062.70,1067.00,1071.50,1054.10,45.84M,-0.40%
24-05-2002,1067.00,1026.90,1069.20,1026.90,51.00M,+3.92%
23-05-2002,1026.75,1045.20,1045.35,1024.30,40.36M,-1.77%
22-05-2002,1045.30,1049.50,1050.90,1035.50,50.69M,-0.37%
21-05-2002,1049.20,1074.75,1074.85,1028.25,69.84M,-2.34%
20-05-2002,1074.35,1091.70,1097.95,1071.35,43.65M,-1.49%
17-05-2002,1090.65,1092.80,1099.75,1079.95,55.62M,-0.20%
16-05-2002,1092.80,1108.25,1111.25,1089.85,48.84M,-1.35%
15-05-2002,1107.80,1115.15,1121.50,1102.65,43.83M,-0.65%
14-05-2002,1115.10,1119.95,1125.95,1111.45,45.79M,-0.41%
13-05-2002,1119.65,1116.80,1121.95,1114.20,35.78M,+0.29%
10-05-2002,1116.40,1127.05,1127.30,1111.15,39.47M,-0.99%
09-05-2002,1127.60,1117.70,1136.55,1117.70,41.85M,+0.89%
08-05-2002,1117.60,1110.70,1122.70,1110.70,38.16M,+0.62%
07-05-2002,1110.70,1100.90,1111.85,1096.65,34.36M,+0.89%
06-05-2002,1100.95,1096.95,1102.05,1096.25,33.07M,+0.36%
03-05-2002,1096.95,1093.40,1098.60,1091.50,34.20M,+0.33%
02-05-2002,1093.30,1084.80,1101.10,1084.80,44.41M,+0.81%
30-04-2002,1084.50,1074.25,1085.75,1073.40,35.80M,+0.96%
29-04-2002,1074.20,1097.55,1098.65,1073.30,41.59M,-2.11%
26-04-2002,1097.40,1094.25,1103.35,1094.10,30.87M,+0.28%
25-04-2002,1094.30,1110.65,1113.85,1089.00,44.99M,-1.47%
24-04-2002,1110.60,1106.25,1116.85,1105.70,40.70M,+0.42%
23-04-2002,1106.00,1104.00,1108.80,1095.00,39.72M,+0.17%
22-04-2002,1104.15,1100.50,1107.20,1088.05,38.34M,+0.35%
19-04-2002,1100.30,1125.55,1127.05,1097.60,42.13M,-2.54%
18-04-2002,1129.00,1125.25,1135.00,1123.80,34.22M,+0.35%
17-04-2002,1125.10,1119.00,1136.60,1118.95,34.38M,+0.57%
16-04-2002,1118.75,1130.80,1133.50,1116.65,32.53M,-1.36%
15-04-2002,1134.15,1146.55,1152.55,1130.45,32.84M,-1.08%
12-04-2002,1146.50,1143.25,1151.55,1138.65,38.87M,+0.25%
11-04-2002,1143.60,1138.55,1150.20,1138.55,48.51M,+0.45%
10-04-2002,1138.50,1126.70,1140.25,1125.75,48.37M,+1.05%
09-04-2002,1126.70,1135.15,1137.45,1122.10,37.26M,-0.75%
08-04-2002,1135.25,1141.90,1147.90,1134.00,31.26M,-0.59%
05-04-2002,1141.95,1146.05,1153.30,1139.90,40.19M,-0.34%
04-04-2002,1145.90,1124.05,1149.65,1123.90,49.47M,+1.99%
03-04-2002,1123.50,1136.60,1136.90,1121.45,39.86M,-1.18%
02-04-2002,1136.95,1138.80,1147.30,1132.30,50.73M,-0.18%
01-04-2002,1138.95,1129.85,1143.30,1129.85,41.46M,+0.83%
28-03-2002,1129.55,1123.60,1138.45,1123.60,55.36M,+0.55%
27-03-2002,1123.35,1130.00,1134.10,1121.35,41.55M,+0.03%
26-03-2002,1123.05,1138.10,1140.20,1117.85,32.69M,-1.35%
22-03-2002,1138.45,1144.50,1148.65,1135.90,36.79M,-0.50%
21-03-2002,1144.20,1155.55,1155.55,1141.05,32.47M,-0.99%
20-03-2002,1155.60,1152.05,1158.95,1148.50,41.28M,+0.30%
19-03-2002,1152.15,1169.40,1170.80,1150.30,40.01M,-1.47%
18-03-2002,1169.30,1169.95,1184.70,1163.75,44.60M,-0.04%
15-03-2002,1169.75,1159.60,1173.75,1159.60,61.76M,+0.89%
14-03-2002,1159.45,1156.85,1163.65,1153.15,31.82M,+0.21%
13-03-2002,1157.05,1150.20,1165.40,1143.55,41.96M,+0.57%
12-03-2002,1150.45,1167.85,1171.20,1144.30,50.38M,-1.49%
11-03-2002,1167.85,1187.50,1192.75,1164.55,50.59M,-1.67%
08-03-2002,1187.65,1193.60,1199.60,1182.55,50.28M,-0.45%
07-03-2002,1193.05,1173.60,1195.20,1173.60,50.21M,+1.74%
06-03-2002,1172.60,1176.55,1182.65,1162.75,61.49M,-0.50%
05-03-2002,1178.50,1176.40,1193.10,1175.15,63.43M,+0.10%
04-03-2002,1177.35,1178.45,1201.10,1172.30,74.30M,-0.06%
01-03-2002,1178.00,1142.05,1181.25,1135.45,68.82M,+3.15%
28-02-2002,1142.05,1189.60,1197.00,1135.20,104.26M,-3.96%
27-02-2002,1189.20,1190.15,1205.95,1180.00,76.05M,-0.02%
26-02-2002,1189.40,1165.75,1192.65,1165.75,67.00M,+2.06%
25-02-2002,1165.45,1163.65,1167.60,1155.45,51.75M,+0.17%
22-02-2002,1163.50,1149.85,1165.70,1145.50,53.39M,+1.19%
21-02-2002,1149.85,1146.05,1158.05,1146.05,34.46M,+0.34%
20-02-2002,1145.95,1158.45,1158.45,1134.65,49.63M,-1.12%
19-02-2002,1158.90,1172.85,1178.10,1155.10,59.28M,-1.19%
18-02-2002,1172.85,1159.85,1177.05,1156.70,59.70M,+1.11%
15-02-2002,1159.95,1150.65,1164.10,1150.30,67.68M,+0.87%
14-02-2002,1150.00,1135.50,1151.65,1133.85,60.60M,+1.31%
13-02-2002,1135.10,1129.80,1142.30,1129.60,55.75M,+0.50%
12-02-2002,1129.50,1131.95,1143.30,1125.55,59.33M,-0.18%
11-02-2002,1131.55,1124.85,1144.15,1124.85,61.16M,+0.69%
08-02-2002,1123.75,1112.80,1131.85,1104.45,73.01M,+1.20%
07-02-2002,1110.45,1114.85,1130.95,1104.30,93.83M,-0.24%
06-02-2002,1113.10,1074.40,1117.10,1074.00,73.87M,+3.62%
05-02-2002,1074.25,1076.25,1081.20,1069.40,68.53M,-0.25%
04-02-2002,1076.90,1083.05,1086.95,1074.15,57.89M,-0.44%
01-02-2002,1081.65,1076.95,1088.05,1076.95,58.40M,+0.58%
31-01-2002,1075.40,1067.65,1082.00,1067.65,66.03M,+0.74%
30-01-2002,1067.45,1072.85,1072.85,1058.80,50.69M,-0.39%
29-01-2002,1071.65,1071.35,1076.45,1068.85,58.95M,+0.03%
28-01-2002,1071.35,1083.25,1088.75,1068.70,49.77M,-0.81%
25-01-2002,1080.10,1085.85,1089.70,1077.00,59.84M,-0.48%
24-01-2002,1085.30,1089.60,1098.60,1081.70,47.72M,-0.38%
23-01-2002,1089.40,1092.85,1096.95,1087.50,53.73M,-0.32%
22-01-2002,1092.85,1091.35,1099.00,1090.00,55.75M,+0.14%
21-01-2002,1091.35,1093.25,1099.80,1082.65,64.35M,-0.16%
18-01-2002,1093.15,1109.55,1121.75,1089.05,84.63M,-1.45%
17-01-2002,1109.20,1090.25,1116.05,1078.95,83.52M,+1.73%
16-01-2002,1090.30,1094.15,1104.80,1085.30,59.75M,-0.35%
15-01-2002,1094.15,1109.45,1112.60,1090.20,55.22M,-1.41%
14-01-2002,1109.80,1089.45,1118.50,1089.45,60.43M,+1.95%
11-01-2002,1088.55,1098.15,1105.90,1073.45,71.15M,-0.88%
10-01-2002,1098.20,1098.80,1105.35,1093.60,68.97M,-0.42%
09-01-2002,1102.80,1110.00,1119.40,1098.70,74.87M,-0.64%
08-01-2002,1109.90,1100.55,1114.55,1097.90,67.83M,+0.89%
07-01-2002,1100.15,1093.05,1111.55,1093.05,61.39M,+0.36%
04-01-2002,1096.20,1072.40,1099.25,1072.40,74.41M,+2.23%
03-01-2002,1072.25,1063.45,1074.85,1062.90,61.87M,+1.08%
02-01-2002,1060.75,1054.95,1065.25,1054.10,49.61M,+0.52%
01-01-2002,1055.30,1058.85,1071.15,1052.05,43.95M,-0.35%
31-12-2001,1059.05,1033.90,1062.30,1033.90,53.15M,+2.44%
28-12-2001,1033.80,1019.90,1036.35,1010.45,56.36M,+1.35%
27-12-2001,1020.00,1033.85,1037.70,1017.35,60.27M,-1.38%
26-12-2001,1034.25,1048.90,1058.30,1030.50,42.61M,-1.36%
24-12-2001,1048.50,1051.00,1055.00,1032.60,41.90M,-0.22%
21-12-2001,1050.85,1061.80,1061.80,1043.65,47.17M,-1.05%
20-12-2001,1062.00,1060.45,1064.80,1047.50,55.79M,+0.12%
19-12-2001,1060.75,1082.50,1086.35,1057.10,49.99M,-1.99%
18-12-2001,1082.30,1089.90,1098.00,1071.35,47.04M,-0.51%
14-12-2001,1087.85,1098.65,1102.90,1082.75,41.87M,-0.99%
13-12-2001,1098.75,1107.75,1114.15,1069.95,66.16M,-0.80%
12-12-2001,1107.65,1110.65,1121.55,1104.75,54.12M,-0.23%
11-12-2001,1110.20,1112.15,1122.85,1107.70,69.18M,-0.45%
10-12-2001,1115.25,1112.15,1123.55,1112.15,54.63M,+0.27%
07-12-2001,1112.30,1110.90,1122.65,1109.65,59.28M,+0.17%
06-12-2001,1110.45,1105.10,1132.65,1105.10,77.04M,+0.53%
05-12-2001,1104.55,1077.95,1107.15,1077.95,67.35M,+2.49%
04-12-2001,1077.70,1066.05,1082.60,1065.65,58.42M,+1.15%
03-12-2001,1065.40,1067.20,1074.50,1063.25,53.29M,-0.16%
29-11-2001,1067.15,1070.30,1071.00,1063.00,60.88M,-0.34%
28-11-2001,1070.80,1076.15,1082.30,1067.65,58.93M,-0.49%
27-11-2001,1076.05,1087.60,1097.60,1071.05,67.61M,-0.42%
26-11-2001,1080.60,1059.25,1084.65,1059.25,52.43M,+2.04%
23-11-2001,1059.00,1063.05,1075.05,1057.30,54.53M,-0.32%
22-11-2001,1062.45,1056.45,1075.90,1056.45,60.06M,+0.58%
21-11-2001,1056.35,1050.40,1064.85,1046.30,57.52M,+0.59%
20-11-2001,1050.20,1067.30,1082.40,1046.15,72.22M,-1.68%
19-11-2001,1068.15,1034.20,1072.00,1032.85,73.04M,+3.13%
15-11-2001,1035.70,1016.05,1038.35,1015.15,50.50M,+1.96%
14-11-2001,1015.80,1005.45,1017.20,1004.70,13.83M,+1.03%
13-11-2001,1005.40,1010.95,1013.25,999.85,43.47M,-0.54%
12-11-2001,1010.90,1004.55,1014.25,1003.60,46.43M,+0.68%
09-11-2001,1004.05,999.10,1008.95,999.10,62.74M,+0.64%
08-11-2001,997.70,987.50,1001.15,985.75,51.43M,+1.03%
07-11-2001,987.50,1001.95,1014.10,984.45,44.84M,-1.44%
06-11-2001,1001.90,991.20,1007.40,991.15,50.53M,+1.09%
05-11-2001,991.05,997.25,1001.30,987.85,44.01M,-0.66%
02-11-2001,997.60,994.25,1009.55,991.95,57.61M,+0.36%
01-11-2001,994.00,973.55,997.30,973.55,53.18M,+2.27%
31-10-2001,971.90,962.85,976.40,959.35,48.40M,+0.91%
30-10-2001,963.10,977.35,977.35,960.50,46.82M,-1.47%
29-10-2001,977.45,983.15,996.60,974.05,37.91M,-0.58%
25-10-2001,983.20,991.25,998.00,979.95,60.24M,-0.81%
24-10-2001,991.20,992.95,1000.95,987.40,59.40M,-0.20%
23-10-2001,993.20,976.75,994.15,976.55,51.83M,+1.72%
22-10-2001,976.40,980.05,994.15,973.20,44.25M,-0.03%
19-10-2001,976.65,972.20,981.00,970.85,38.88M,+0.47%
18-10-2001,972.05,984.20,984.50,969.35,42.71M,-1.44%
17-10-2001,986.25,971.95,989.05,971.95,53.22M,+1.54%
16-10-2001,971.25,963.40,973.25,962.50,47.17M,+0.81%
15-10-2001,963.40,963.65,966.15,954.35,43.54M,+0.31%
12-10-2001,960.40,958.40,969.90,956.85,55.20M,+0.58%
11-10-2001,954.90,940.45,959.75,940.45,49.85M,+1.55%
10-10-2001,940.35,915.50,942.80,912.90,53.38M,+3.03%
09-10-2001,912.70,903.00,914.30,902.55,36.54M,+1.19%
08-10-2001,901.95,911.20,913.05,884.65,36.38M,-1.38%
05-10-2001,914.60,911.60,919.75,903.05,38.68M,+0.32%
04-10-2001,911.65,899.65,914.25,899.65,47.79M,+1.33%
03-10-2001,899.65,910.05,915.05,896.25,40.48M,-1.15%
01-10-2001,910.10,914.65,919.20,905.50,49.60M,-0.41%
28-09-2001,913.85,891.75,922.55,891.00,63.99M,+2.68%
27-09-2001,890.00,873.15,893.05,868.30,51.71M,+1.87%
26-09-2001,873.70,861.35,877.00,859.20,52.83M,+1.43%
25-09-2001,861.40,869.15,893.35,858.85,54.35M,-0.88%
24-09-2001,869.05,853.00,878.60,853.00,48.76M,+1.74%
21-09-2001,854.20,903.75,903.75,849.95,47.90M,-4.96%
20-09-2001,898.80,910.20,910.35,873.70,55.78M,-1.47%
19-09-2001,912.20,899.70,915.00,899.70,52.49M,+1.33%
18-09-2001,900.20,872.15,910.35,868.50,71.87M,+3.20%
17-09-2001,872.25,916.15,916.15,861.05,46.03M,-5.16%
14-09-2001,919.70,972.05,974.50,902.70,49.97M,-5.35%
13-09-2001,971.70,982.20,993.05,969.00,41.79M,-1.07%
12-09-2001,982.20,1023.25,1023.25,957.95,34.98M,-4.03%
11-09-2001,1023.40,1033.35,1037.45,1020.70,36.49M,-0.97%
10-09-2001,1033.40,1035.00,1045.30,1031.45,36.06M,-0.17%
07-09-2001,1035.20,1036.35,1037.35,1026.45,49.22M,-0.09%
06-09-2001,1036.10,1047.70,1048.20,1033.40,47.39M,-0.85%
05-09-2001,1045.00,1047.25,1051.55,1043.30,35.51M,-0.31%
04-09-2001,1048.20,1048.20,1053.25,1043.30,39.74M,+0.01%
03-09-2001,1048.05,1054.65,1059.90,1046.35,29.93M,-0.54%
31-08-2001,1053.75,1064.10,1064.10,1051.75,34.37M,-0.98%
30-08-2001,1064.15,1068.30,1070.25,1061.90,38.78M,-0.31%
29-08-2001,1067.45,1070.55,1074.50,1066.45,28.19M,-0.30%
28-08-2001,1070.65,1072.35,1076.85,1069.60,31.75M,-0.18%
27-08-2001,1072.55,1064.05,1078.35,1064.05,35.80M,+0.32%
24-08-2001,1069.15,1071.50,1076.70,1064.90,42.20M,-0.22%
23-08-2001,1071.50,1068.70,1079.00,1065.70,29.66M,+0.26%
21-08-2001,1068.70,1063.65,1071.20,1062.30,34.64M,+0.47%
20-08-2001,1063.75,1062.50,1067.95,1061.00,30.73M,-0.51%
17-08-2001,1069.20,1079.00,1084.00,1067.60,51.09M,-0.90%
16-08-2001,1078.95,1075.20,1083.70,1072.95,48.32M,+0.32%
14-08-2001,1075.50,1063.05,1076.60,1062.20,42.86M,+1.18%
13-08-2001,1063.00,1070.95,1081.40,1061.05,21.61M,-0.76%
10-08-2001,1071.15,1070.65,1076.70,1069.05,25.91M,+0.05%
09-08-2001,1070.65,1068.10,1072.60,1061.40,26.83M,+0.25%
08-08-2001,1068.00,1071.75,1072.10,1059.55,28.80M,-0.38%
07-08-2001,1072.10,1074.35,1079.30,1070.20,26.87M,-0.29%
06-08-2001,1075.25,1074.20,1082.40,1072.55,37.04M,+0.06%
03-08-2001,1074.60,1066.40,1077.55,1066.20,43.83M,+0.81%
02-08-2001,1066.00,1064.25,1070.05,1059.55,43.30M,+0.27%
01-08-2001,1063.15,1073.00,1077.70,1059.75,53.43M,-0.90%
31-07-2001,1072.85,1061.45,1076.35,1053.60,34.61M,+1.07%
30-07-2001,1061.45,1051.45,1062.80,1050.90,26.46M,+0.93%
27-07-2001,1051.70,1053.20,1061.20,1046.90,28.24M,-0.16%
26-07-2001,1053.40,1063.90,1066.55,1050.15,32.44M,-1.01%
25-07-2001,1064.20,1072.45,1073.95,1062.15,27.92M,-0.78%
24-07-2001,1072.55,1065.95,1074.75,1064.50,22.14M,+0.18%
23-07-2001,1070.65,1076.15,1076.15,1063.40,1.40M,-0.65%
20-07-2001,1077.70,1085.95,1089.95,1072.75,28.97M,-0.76%
19-07-2001,1085.90,1091.35,1091.35,1079.55,29.24M,-0.55%
18-07-2001,1091.95,1103.10,1108.45,1088.10,26.61M,-1.01%
17-07-2001,1103.10,1103.55,1106.05,1092.50,23.69M,-0.22%
16-07-2001,1105.55,1110.35,1116.70,1102.45,28.11M,-0.44%
13-07-2001,1110.45,1105.70,1127.15,1103.30,39.26M,+0.45%
12-07-2001,1105.50,1083.80,1109.00,1083.80,37.17M,+2.02%
11-07-2001,1083.65,1072.15,1088.50,1068.35,24.69M,+1.08%
10-07-2001,1072.05,1059.95,1078.10,1059.25,21.88M,+1.18%
09-07-2001,1059.50,1064.80,1064.80,1052.10,18.02M,-0.53%
06-07-2001,1065.10,1069.15,1069.15,1059.60,23.38M,-0.43%
05-07-2001,1069.75,1068.35,1079.35,1066.95,27.27M,+0.17%
04-07-2001,1067.95,1068.05,1074.60,1062.20,26.71M,-0.17%
03-07-2001,1069.80,1097.40,1097.40,1066.05,30.62M,-2.81%
02-07-2001,1100.75,1108.35,1119.55,1097.95,18.08M,-0.65%
29-06-2001,1107.90,1094.05,1114.35,1091.05,39.50M,+1.27%
28-06-2001,1094.00,1095.85,1101.00,1090.20,31.05M,-0.19%
27-06-2001,1096.10,1096.60,1102.80,1086.75,46.77M,-0.05%
26-06-2001,1096.60,1066.40,1099.80,1060.05,50.43M,+2.77%
25-06-2001,1067.00,1087.10,1087.10,1064.40,39.75M,-1.90%
22-06-2001,1087.65,1095.85,1097.80,1081.30,37.68M,-0.69%
21-06-2001,1095.20,1097.90,1102.45,1090.25,37.93M,-0.22%
20-06-2001,1097.60,1096.35,1100.55,1084.70,31.01M,+0.09%
19-06-2001,1096.65,1078.25,1099.70,1075.45,37.83M,+1.70%
18-06-2001,1078.30,1087.75,1087.75,1064.40,42.08M,-0.87%
15-06-2001,1087.75,1112.70,1112.70,1084.20,45.84M,-2.25%
14-06-2001,1112.75,1128.95,1128.95,1110.15,40.35M,-1.44%
13-06-2001,1129.00,1127.10,1132.95,1126.90,32.96M,+0.16%
12-06-2001,1127.15,1131.05,1133.30,1121.80,39.27M,-0.35%
11-06-2001,1131.10,1126.55,1134.80,1122.35,35.44M,+0.40%
08-06-2001,1126.60,1112.45,1128.90,1112.45,47.21M,+1.28%
07-06-2001,1112.35,1115.05,1116.10,1095.45,43.85M,-0.30%
06-06-2001,1115.70,1117.50,1132.95,1114.00,34.92M,+0.01%
05-06-2001,1115.60,1127.15,1130.65,1106.80,44.90M,-1.03%
04-06-2001,1127.20,1148.00,1154.45,1125.35,39.21M,-1.82%
01-06-2001,1148.05,1168.10,1175.80,1146.90,45.59M,-1.70%
31-05-2001,1167.90,1177.50,1177.50,1154.90,51.33M,-0.82%
30-05-2001,1177.55,1199.50,1207.00,1173.75,53.46M,-1.74%
29-05-2001,1198.45,1193.25,1202.05,1193.25,44.86M,+0.44%
28-05-2001,1193.20,1174.95,1194.50,1174.45,45.58M,+1.56%
25-05-2001,1174.90,1181.95,1188.50,1171.35,44.05M,-0.59%
24-05-2001,1181.85,1179.10,1190.15,1177.55,49.24M,+0.23%
23-05-2001,1179.10,1168.25,1181.80,1167.00,40.54M,+0.94%
22-05-2001,1168.10,1169.50,1176.20,1165.65,37.28M,-0.12%
21-05-2001,1169.45,1172.95,1182.65,1166.70,43.13M,-0.29%
18-05-2001,1172.80,1175.00,1187.65,1169.20,53.43M,-0.18%
17-05-2001,1174.95,1151.20,1179.00,1150.60,62.57M,+2.07%
16-05-2001,1151.15,1147.10,1163.15,1146.05,48.49M,+0.51%
15-05-2001,1145.30,1140.75,1147.75,1096.25,45.14M,+0.39%
14-05-2001,1140.80,1140.45,1146.25,1134.05,32.68M,+0.03%
11-05-2001,1140.50,1144.10,1146.85,1136.90,42.03M,-0.39%
10-05-2001,1144.95,1149.10,1151.60,1139.25,37.69M,-0.37%
09-05-2001,1149.25,1149.90,1164.30,1145.25,55.61M,+0.03%
08-05-2001,1148.95,1139.25,1151.95,1138.20,43.30M,+0.86%
07-05-2001,1139.20,1130.05,1145.40,1130.05,35.26M,+0.81%
04-05-2001,1130.05,1121.45,1131.95,1113.65,42.01M,+0.71%
03-05-2001,1122.05,1137.15,1139.85,1117.70,35.70M,-1.33%
02-05-2001,1137.20,1125.45,1150.65,1125.25,43.26M,+1.06%
30-04-2001,1125.25,1101.45,1127.90,1101.45,42.75M,+2.17%
27-04-2001,1101.30,1143.65,1143.65,1078.10,56.50M,-3.71%
26-04-2001,1143.75,1155.40,1170.20,1138.85,55.93M,-1.00%
25-04-2001,1155.35,1146.50,1162.85,1142.30,52.93M,+0.79%
24-04-2001,1146.30,1149.60,1149.60,1128.40,42.01M,-0.30%
23-04-2001,1149.75,1144.05,1162.05,1137.30,48.55M,+0.50%
20-04-2001,1144.00,1145.75,1156.45,1120.60,49.36M,-0.04%
19-04-2001,1144.45,1103.60,1159.30,1103.60,70.68M,+3.72%
18-04-2001,1103.40,1066.50,1106.30,1063.05,55.98M,+3.41%
17-04-2001,1067.00,1044.85,1072.90,1037.70,50.80M,+2.14%
16-04-2001,1044.60,1024.00,1049.40,1000.10,44.79M,+1.92%
12-04-2001,1024.90,1066.75,1066.75,1001.80,47.08M,-3.93%
11-04-2001,1066.80,1104.90,1116.85,1056.10,39.18M,-3.29%
10-04-2001,1103.05,1129.10,1129.75,1093.05,35.20M,-2.24%
09-04-2001,1128.35,1137.60,1138.55,1116.10,28.40M,-0.99%
06-04-2001,1139.60,1137.55,1171.85,1133.05,36.17M,+0.26%
04-04-2001,1136.65,1146.10,1146.15,1120.35,27.09M,-1.10%
03-04-2001,1149.25,1136.65,1153.10,1128.10,29.80M,+0.98%
02-04-2001,1138.10,1148.10,1148.10,1094.35,40.16M,-0.88%
30-03-2001,1148.20,1195.05,1195.25,1144.65,33.96M,-3.92%
29-03-2001,1195.10,1204.90,1210.10,1185.00,31.58M,-0.92%
28-03-2001,1206.20,1177.55,1209.60,1177.55,31.74M,+2.42%
27-03-2001,1177.75,1161.60,1182.70,1157.25,34.35M,+1.40%
26-03-2001,1161.50,1159.85,1165.65,1147.50,22.76M,+0.02%
23-03-2001,1161.30,1187.60,1196.55,1139.65,35.58M,-2.21%
22-03-2001,1187.55,1206.45,1218.35,1184.95,33.69M,-1.62%
21-03-2001,1207.10,1168.80,1212.20,1156.15,30.17M,+3.09%
20-03-2001,1170.95,1186.80,1193.35,1162.35,29.32M,-1.33%
19-03-2001,1186.70,1192.85,1201.70,1173.15,29.20M,-0.57%
16-03-2001,1193.55,1216.90,1233.40,1179.60,51.15M,-1.94%
15-03-2001,1217.15,1191.60,1219.70,1170.70,47.04M,+1.92%
14-03-2001,1194.20,1125.15,1200.25,1114.60,42.82M,+6.18%
13-03-2001,1124.70,1197.85,1201.15,1098.75,69.14M,-6.11%
12-03-2001,1197.95,1253.25,1253.25,1193.95,54.09M,-4.53%
09-03-2001,1254.75,1292.70,1292.70,1219.35,60.12M,-2.95%
08-03-2001,1292.85,1290.85,1307.95,1279.30,60.22M,+0.18%
07-03-2001,1290.50,1272.80,1311.10,1249.45,104.38M,+1.50%
05-03-2001,1271.45,1304.85,1316.45,1259.10,121.54M,-2.67%
02-03-2001,1306.35,1360.25,1386.75,1301.80,124.76M,-3.81%
01-03-2001,1358.05,1351.75,1399.55,1345.05,136.40M,+0.49%
28-02-2001,1351.40,1295.30,1362.25,1294.60,150.44M,+4.31%
27-02-2001,1295.55,1312.45,1324.00,1281.90,106.03M,-1.28%
26-02-2001,1312.40,1320.90,1325.20,1299.05,86.95M,-0.61%
23-02-2001,1320.45,1355.10,1362.80,1314.10,109.21M,-2.56%
22-02-2001,1355.10,1370.05,1370.05,1335.65,100.05M,-1.09%
21-02-2001,1370.10,1383.90,1389.55,1364.25,101.08M,-0.99%
20-02-2001,1383.85,1384.85,1392.80,1380.40,100.05M,-0.07%
19-02-2001,1384.80,1381.40,1392.05,1369.45,78.67M,+0.25%
16-02-2001,1381.35,1415.85,1422.95,1376.15,113.02M,-2.50%
15-02-2001,1416.70,1393.35,1421.00,1393.35,104.61M,+1.68%
14-02-2001,1393.35,1393.15,1396.35,1380.65,82.94M,+0.15%
13-02-2001,1391.20,1402.20,1412.70,1386.65,101.74M,-0.78%
12-02-2001,1402.20,1405.70,1416.45,1397.60,93.54M,-0.25%
09-02-2001,1405.70,1395.55,1416.30,1395.55,145.05M,+0.73%
08-02-2001,1395.50,1370.65,1396.80,1365.05,112.78M,+1.80%
07-02-2001,1370.80,1387.30,1391.85,1368.05,113.03M,-1.18%
06-02-2001,1387.10,1382.70,1395.40,1382.70,87.86M,+0.33%
05-02-2001,1382.60,1378.80,1392.15,1373.45,99.31M,+0.27%
02-02-2001,1378.85,1359.10,1384.90,1355.30,116.26M,+1.45%
01-02-2001,1359.15,1371.50,1373.50,1340.95,111.15M,-0.91%
31-01-2001,1371.70,1385.85,1396.05,1369.00,100.05M,-0.58%
30-01-2001,1379.70,1342.10,1382.55,1342.05,96.52M,+2.81%
29-01-2001,1342.05,1368.55,1368.55,1312.10,87.20M,-2.05%
25-01-2001,1370.10,1366.05,1374.20,1353.50,108.88M,+0.30%
24-01-2001,1365.95,1355.35,1371.10,1355.35,114.57M,+0.79%
23-01-2001,1355.20,1347.95,1362.05,1346.50,98.01M,+0.53%
22-01-2001,1348.00,1329.30,1351.85,1329.30,99.48M,+1.42%
19-01-2001,1329.10,1306.00,1333.50,1306.00,107.08M,+1.77%
18-01-2001,1305.95,1297.95,1309.95,1297.95,80.94M,+0.62%
17-01-2001,1297.90,1299.40,1312.35,1295.30,72.32M,+0.38%
16-01-2001,1293.05,1287.00,1302.60,1279.85,78.83M,+0.49%
15-01-2001,1286.75,1286.85,1295.20,1277.85,73.89M,0.00%
12-01-2001,1286.75,1280.45,1298.85,1279.40,82.04M,+0.50%
11-01-2001,1280.40,1287.50,1296.75,1275.95,83.10M,-0.54%
10-01-2001,1287.30,1311.65,1324.35,1285.30,81.32M,-1.86%
09-01-2001,1311.65,1309.20,1323.40,1304.90,90.81M,+0.18%
08-01-2001,1309.25,1327.35,1334.20,1303.35,96.10M,-1.36%
05-01-2001,1327.25,1307.55,1330.30,1306.25,98.83M,+1.50%
04-01-2001,1307.65,1291.30,1331.35,1291.30,106.44M,+1.27%
03-01-2001,1291.25,1271.80,1293.55,1263.95,99.08M,+1.53%
02-01-2001,1271.80,1254.25,1279.60,1248.55,72.27M,+1.40%
01-01-2001,1254.30,1263.50,1276.15,1250.65,60.53M,-0.73%
29-12-2000,1263.55,1249.00,1265.90,1242.25,68.27M,+1.17%
28-12-2000,1248.95,1229.35,1253.60,1229.35,61.90M,+1.68%
27-12-2000,1228.30,1212.15,1239.00,1208.75,59.26M,+1.34%
26-12-2000,1212.00,1242.05,1248.50,1207.95,71.78M,-2.42%
22-12-2000,1242.00,1278.95,1292.80,1237.30,89.71M,-2.77%
21-12-2000,1277.40,1294.25,1294.25,1257.10,81.45M,-1.38%
20-12-2000,1295.25,1312.80,1313.40,1285.45,64.92M,-1.16%
19-12-2000,1310.50,1317.75,1325.60,1307.00,79.68M,-0.54%
18-12-2000,1317.60,1310.15,1321.65,1297.20,71.85M,+0.38%
15-12-2000,1312.60,1349.25,1349.25,1308.15,106.56M,-2.72%
14-12-2000,1349.35,1354.45,1369.50,1346.15,107.92M,-0.37%
13-12-2000,1354.30,1333.80,1360.80,1333.80,81.30M,+1.57%
12-12-2000,1333.35,1332.20,1341.75,1327.60,78.40M,+0.09%
11-12-2000,1332.15,1313.70,1333.50,1313.70,77.52M,+1.40%
08-12-2000,1313.70,1303.30,1317.20,1303.30,92.77M,+0.86%
07-12-2000,1302.50,1298.90,1308.45,1295.10,86.89M,+0.30%
06-12-2000,1298.55,1284.85,1319.85,1284.85,82.72M,+1.08%
05-12-2000,1284.65,1275.70,1288.20,1275.50,66.90M,+0.71%
04-12-2000,1275.60,1276.25,1290.00,1273.65,68.39M,-0.05%
01-12-2000,1276.20,1268.10,1280.50,1255.20,93.88M,+0.63%
30-11-2000,1268.15,1264.75,1272.10,1258.40,75.25M,+0.27%
29-11-2000,1264.75,1272.25,1281.00,1253.45,83.44M,-0.63%
28-11-2000,1272.75,1252.90,1275.45,1248.90,81.85M,+1.58%
27-11-2000,1252.90,1225.40,1254.45,1225.35,67.01M,+2.26%
24-11-2000,1225.20,1216.05,1230.00,1216.05,69.64M,+0.76%
23-11-2000,1216.00,1221.20,1223.05,1209.85,60.19M,-0.52%
22-11-2000,1222.35,1235.85,1247.50,1220.05,56.32M,-1.02%
21-11-2000,1235.00,1236.95,1237.85,1224.30,54.13M,-0.21%
20-11-2000,1237.60,1236.00,1241.75,1231.05,53.53M,+0.13%
17-11-2000,1236.00,1232.35,1238.00,1216.90,56.34M,+0.22%
16-11-2000,1233.25,1246.60,1254.55,1228.60,62.68M,-1.11%
15-11-2000,1247.05,1245.00,1270.10,1243.20,71.82M,+0.34%
14-11-2000,1242.85,1207.20,1246.90,1207.05,71.33M,+2.88%
13-11-2000,1208.05,1239.35,1239.35,1199.95,56.91M,-2.54%
10-11-2000,1239.55,1271.35,1271.40,1237.50,62.55M,-2.39%
09-11-2000,1269.95,1266.75,1275.55,1255.95,61.83M,+0.25%
08-11-2000,1266.80,1246.65,1277.25,1246.65,75.24M,+1.61%
07-11-2000,1246.75,1239.00,1249.10,1232.35,52.95M,+0.52%
06-11-2000,1240.25,1242.15,1261.40,1236.65,71.32M,-0.14%
03-11-2000,1242.05,1225.00,1249.20,1225.00,76.27M,+1.40%
02-11-2000,1224.85,1201.25,1226.35,1199.75,67.71M,+2.00%
01-11-2000,1200.80,1178.25,1203.85,1177.10,57.07M,+2.39%
31-10-2000,1172.75,1167.20,1175.60,1155.15,46.35M,+0.48%
30-10-2000,1167.15,1178.75,1185.80,1164.25,38.38M,-0.98%
27-10-2000,1178.70,1186.95,1192.90,1171.85,42.73M,-0.64%
26-10-2000,1186.30,1182.80,1188.20,1176.60,14.45M,+0.20%
25-10-2000,1183.90,1158.20,1190.40,1157.25,61.46M,+2.73%
24-10-2000,1152.45,1143.00,1155.35,1132.90,48.20M,+0.74%
23-10-2000,1143.95,1171.75,1172.15,1141.45,48.68M,-2.39%
20-10-2000,1172.00,1166.20,1202.70,1166.20,67.68M,+0.50%
19-10-2000,1166.15,1135.65,1171.50,1108.20,67.02M,+2.65%
18-10-2000,1136.00,1157.05,1157.05,1122.80,46.52M,-1.90%
17-10-2000,1158.05,1174.30,1174.30,1140.60,60.52M,-1.48%
16-10-2000,1175.45,1177.85,1228.80,1173.35,55.53M,-0.11%
13-10-2000,1176.75,1205.70,1205.70,1167.50,55.25M,-2.45%
12-10-2000,1206.25,1201.30,1214.35,1185.10,58.85M,+0.36%
11-10-2000,1201.90,1232.85,1234.10,1193.80,50.47M,-2.99%
10-10-2000,1238.95,1268.70,1272.75,1230.05,48.90M,-2.24%
09-10-2000,1267.30,1285.05,1286.35,1264.20,35.06M,-1.38%
06-10-2000,1285.00,1284.35,1287.85,1262.65,51.77M,+0.02%
05-10-2000,1284.75,1296.10,1306.45,1282.50,46.47M,-1.01%
04-10-2000,1297.80,1281.45,1300.05,1275.80,42.23M,+1.23%
03-10-2000,1282.00,1270.75,1288.15,1254.35,53.47M,+0.81%
29-09-2000,1271.65,1267.30,1284.15,1264.40,49.22M,+0.41%
28-09-2000,1266.40,1292.40,1302.75,1260.80,60.96M,-2.02%
27-09-2000,1292.55,1267.45,1299.00,1249.35,49.80M,+1.94%
26-09-2000,1267.90,1292.90,1298.25,1261.00,46.21M,-1.91%
25-09-2000,1292.55,1268.40,1305.10,1268.40,42.39M,+2.06%
22-09-2000,1266.45,1329.10,1329.10,1261.20,53.88M,-4.77%
21-09-2000,1329.85,1341.65,1347.40,1325.75,37.26M,-0.97%
20-09-2000,1342.90,1317.80,1351.10,1311.10,42.01M,+1.97%
19-09-2000,1317.00,1351.80,1361.70,1295.30,61.40M,-2.76%
18-09-2000,1354.35,1416.05,1416.05,1352.10,44.61M,-4.43%
15-09-2000,1417.20,1443.25,1451.05,1411.55,48.42M,-1.94%
14-09-2000,1445.30,1456.75,1466.65,1437.85,48.94M,-0.75%
13-09-2000,1456.15,1467.65,1482.00,1452.60,40.90M,-0.78%
12-09-2000,1467.65,1457.10,1470.55,1447.80,44.77M,+0.78%
11-09-2000,1456.35,1449.35,1469.00,1448.95,48.90M,+0.43%
08-09-2000,1450.05,1440.60,1453.15,1440.60,48.95M,+0.72%
07-09-2000,1439.75,1434.70,1450.20,1424.35,50.58M,+0.31%
06-09-2000,1435.35,1430.90,1444.45,1421.00,55.57M,+0.50%
05-09-2000,1428.25,1428.05,1434.65,1420.90,46.66M,+0.04%
04-09-2000,1427.75,1395.95,1433.15,1395.95,59.12M,+2.41%
31-08-2000,1394.10,1376.50,1397.30,1375.90,41.75M,+1.32%
30-08-2000,1375.95,1369.90,1384.85,1369.80,43.64M,+0.60%
29-08-2000,1367.70,1368.65,1373.55,1360.65,38.51M,-0.16%
28-08-2000,1369.85,1379.60,1383.45,1368.25,37.28M,-0.83%
25-08-2000,1381.25,1387.35,1396.10,1377.75,50.26M,-0.41%
24-08-2000,1386.95,1386.30,1390.45,1374.90,44.51M,+0.06%
23-08-2000,1386.05,1381.60,1398.90,1376.90,61.61M,+0.35%
22-08-2000,1381.20,1370.75,1394.90,1370.75,52.20M,+0.80%
21-08-2000,1370.25,1358.75,1374.50,1358.75,49.04M,+0.90%
18-08-2000,1358.05,1342.00,1360.65,1339.05,48.69M,+1.24%
17-08-2000,1341.40,1351.50,1363.05,1334.95,53.41M,-0.74%
16-08-2000,1351.45,1319.35,1354.95,1319.35,40.98M,+2.55%
14-08-2000,1317.90,1312.25,1321.55,1295.45,43.86M,+0.55%
11-08-2000,1310.75,1328.15,1328.15,1306.60,36.41M,-1.30%
10-08-2000,1328.00,1345.25,1360.40,1325.15,44.33M,-1.26%
09-08-2000,1344.95,1345.95,1363.95,1341.05,44.99M,-0.05%
08-08-2000,1345.60,1312.10,1348.25,1311.15,38.05M,+2.65%
07-08-2000,1310.80,1319.70,1321.70,1299.90,33.74M,-0.59%
04-08-2000,1318.55,1320.25,1333.15,1302.65,38.82M,-0.20%
03-08-2000,1321.25,1330.70,1339.40,1319.00,37.08M,-0.80%
02-08-2000,1331.90,1323.70,1333.85,1312.25,30.38M,+0.38%
01-08-2000,1326.85,1332.85,1344.50,1322.60,32.54M,-0.45%
31-07-2000,1332.85,1333.30,1343.65,1317.30,28.94M,-0.07%
28-07-2000,1333.80,1337.70,1359.40,1327.95,44.54M,-0.32%
27-07-2000,1338.05,1317.00,1342.75,1291.30,41.44M,+1.50%
26-07-2000,1318.25,1350.80,1371.80,1315.15,35.75M,-2.27%
25-07-2000,1348.90,1317.35,1363.45,1269.25,52.15M,+2.36%
24-07-2000,1317.75,1397.05,1397.05,1310.85,41.61M,-5.69%
21-07-2000,1397.25,1424.90,1435.20,1394.30,47.90M,-1.89%
20-07-2000,1424.20,1434.95,1443.25,1416.00,44.96M,-0.81%
19-07-2000,1435.80,1464.55,1468.55,1432.85,38.46M,-1.87%
18-07-2000,1463.10,1479.30,1482.90,1458.60,39.63M,-1.12%
17-07-2000,1479.65,1509.25,1512.25,1475.15,39.54M,-1.99%
14-07-2000,1509.75,1522.20,1534.35,1505.90,50.97M,-0.84%
13-07-2000,1522.60,1535.55,1564.75,1513.65,47.99M,-0.70%
12-07-2000,1533.35,1518.70,1537.10,1507.95,41.65M,+0.97%
11-07-2000,1518.55,1510.55,1523.10,1506.15,47.33M,+0.59%
10-07-2000,1509.65,1518.15,1523.20,1502.70,40.34M,-0.52%
07-07-2000,1517.60,1517.00,1528.15,1513.40,40.34M,+0.05%
06-07-2000,1516.80,1525.15,1525.15,1504.05,42.00M,-0.61%
05-07-2000,1526.05,1511.50,1530.90,1511.50,51.28M,+0.98%
04-07-2000,1511.30,1496.15,1516.80,1494.80,37.92M,+1.07%
03-07-2000,1495.25,1473.45,1498.70,1473.45,39.58M,+1.62%
30-06-2000,1471.45,1490.20,1490.65,1462.45,39.16M,-1.40%
29-06-2000,1492.35,1471.35,1505.75,1471.35,41.36M,+1.52%
28-06-2000,1470.00,1453.70,1474.70,1445.60,25.72M,+1.08%
27-06-2000,1454.30,1452.80,1467.15,1448.95,41.44M,+0.18%
26-06-2000,1451.65,1472.15,1472.15,1431.25,28.89M,-1.40%
23-06-2000,1472.20,1487.85,1499.85,1462.75,62.81M,-1.08%
22-06-2000,1488.25,1475.65,1491.40,1461.30,42.45M,+0.89%
21-06-2000,1475.15,1524.05,1539.10,1470.40,30.55M,-2.12%
20-06-2000,1507.10,1498.00,1518.05,1497.05,32.05M,+0.56%
19-06-2000,1498.75,1477.55,1510.45,1477.55,37.01M,+1.45%
16-06-2000,1477.30,1443.15,1480.85,1441.60,39.63M,+2.22%
15-06-2000,1445.25,1437.00,1452.80,1422.40,30.33M,+0.68%
14-06-2000,1435.50,1434.95,1459.15,1423.95,37.37M,+0.18%
13-06-2000,1432.90,1438.80,1438.80,1411.90,37.25M,-0.52%
12-06-2000,1440.40,1464.40,1477.55,1437.15,28.47M,-1.83%
09-06-2000,1467.20,1464.30,1485.50,1458.90,55.39M,+0.24%
08-06-2000,1463.65,1430.50,1468.70,1430.50,39.57M,+2.33%
07-06-2000,1430.35,1423.40,1442.70,1413.80,32.12M,+0.60%
06-06-2000,1421.75,1405.45,1426.15,1392.70,28.12M,+1.22%
05-06-2000,1404.60,1390.95,1461.05,1390.95,46.68M,+1.10%
02-06-2000,1389.25,1350.15,1395.35,1350.15,40.14M,+2.98%
01-06-2000,1349.00,1380.40,1380.40,1345.10,29.62M,-2.28%
31-05-2000,1380.45,1355.35,1410.75,1355.35,46.44M,+2.65%
30-05-2000,1344.85,1310.80,1347.30,1304.95,35.58M,+2.58%
29-05-2000,1311.05,1273.70,1317.75,1267.40,47.53M,+2.80%
26-05-2000,1275.35,1247.10,1278.75,1232.85,33.05M,+2.22%
25-05-2000,1247.65,1237.00,1269.80,1235.70,35.46M,+0.95%
24-05-2000,1235.90,1224.50,1246.25,1201.50,30.85M,+0.94%
23-05-2000,1224.40,1229.25,1230.90,1203.20,21.79M,-0.70%
22-05-2000,1233.00,1267.85,1267.85,1228.40,18.68M,-2.76%
19-05-2000,1268.00,1293.45,1293.45,1252.70,27.40M,-1.96%
18-05-2000,1293.40,1311.30,1316.20,1289.55,23.24M,-1.39%
17-05-2000,1311.65,1310.80,1347.70,1303.75,25.38M,+0.37%
16-05-2000,1306.85,1300.20,1310.45,1287.80,17.41M,+0.58%
15-05-2000,1299.25,1281.30,1311.70,1220.70,21.76M,+1.28%
12-05-2000,1282.80,1305.30,1326.30,1276.40,23.38M,-1.67%
11-05-2000,1304.55,1359.10,1359.10,1295.95,23.83M,-4.30%
10-05-2000,1363.15,1380.40,1391.35,1359.65,22.18M,-1.12%
09-05-2000,1378.55,1362.45,1385.70,1328.05,24.90M,+0.99%
08-05-2000,1365.05,1423.25,1436.60,1358.80,23.97M,-4.03%
05-05-2000,1422.40,1381.90,1428.60,1381.90,35.56M,+3.03%
04-05-2000,1380.55,1317.95,1385.15,1317.95,29.96M,+4.90%
03-05-2000,1316.05,1330.15,1342.15,1258.10,34.71M,-1.30%
02-05-2000,1333.45,1410.00,1421.50,1319.65,39.38M,-5.20%
28-04-2000,1406.55,1419.90,1438.00,1396.55,27.46M,-0.73%
27-04-2000,1416.90,1436.15,1455.85,1400.65,51.77M,-1.34%
26-04-2000,1436.10,1362.50,1439.05,1362.50,45.03M,+5.64%
25-04-2000,1359.45,1383.80,1383.80,1311.30,40.51M,-2.06%
24-04-2000,1388.00,1416.05,1431.80,1371.85,34.27M,-1.95%
20-04-2000,1415.65,1405.70,1425.55,1339.75,43.87M,+0.76%
19-04-2000,1404.95,1417.75,1469.05,1375.05,38.87M,-0.70%
18-04-2000,1414.80,1443.55,1478.85,1410.00,30.06M,-1.99%
17-04-2000,1443.55,1518.55,1518.55,1412.45,47.79M,-4.95%
13-04-2000,1518.65,1587.95,1587.95,1502.70,20.99M,-4.65%
12-04-2000,1592.70,1624.40,1628.55,1586.00,35.32M,-1.97%
11-04-2000,1624.65,1613.00,1631.60,1550.85,34.97M,+0.72%
10-04-2000,1613.00,1557.55,1636.95,1557.55,67.96M,+3.59%
07-04-2000,1557.15,1453.30,1558.05,1453.30,49.47M,+7.17%
06-04-2000,1452.95,1436.15,1475.25,1381.05,40.87M,+1.28%
05-04-2000,1434.65,1428.50,1467.40,1391.65,49.40M,+0.46%
04-04-2000,1428.10,1534.05,1534.05,1420.85,42.18M,-6.95%
03-04-2000,1534.75,1528.70,1555.50,1510.75,50.91M,+0.41%
31-03-2000,1528.45,1545.55,1545.55,1493.90,49.68M,-1.36%
30-03-2000,1549.50,1556.95,1557.85,1489.10,38.87M,-0.56%
29-03-2000,1558.25,1569.30,1609.40,1553.40,32.29M,-0.66%
28-03-2000,1568.60,1563.30,1575.85,1527.55,28.17M,+0.36%
27-03-2000,1562.95,1570.45,1593.30,1555.75,19.05M,-0.42%
24-03-2000,1569.55,1554.20,1579.40,1540.45,15.41M,+1.04%
23-03-2000,1553.40,1590.30,1629.20,1544.50,21.31M,-2.28%
22-03-2000,1589.60,1551.05,1604.00,1551.05,26.94M,+2.12%
21-03-2000,1556.60,1563.30,1585.25,1542.65,30.77M,-0.36%
16-03-2000,1562.20,1620.40,1621.20,1554.30,33.98M,-3.57%
15-03-2000,1620.10,1546.80,1630.95,1538.70,28.90M,+3.39%
14-03-2000,1567.05,1561.55,1571.30,1503.20,37.97M,+0.41%
13-03-2000,1560.70,1601.40,1645.00,1553.45,32.03M,-2.62%
10-03-2000,1602.75,1647.85,1680.45,1588.20,23.71M,-2.64%
09-03-2000,1646.25,1667.45,1692.25,1595.45,27.74M,-1.21%
08-03-2000,1666.35,1717.75,1765.25,1654.45,30.25M,-2.14%
07-03-2000,1702.75,1711.85,1730.85,1684.90,36.86M,+0.84%
06-03-2000,1688.50,1656.00,1721.00,1656.00,32.43M,+1.96%
03-03-2000,1656.00,1696.45,1719.15,1644.40,29.50M,-2.39%
02-03-2000,1696.55,1713.65,1773.85,1690.05,42.28M,-0.94%
01-03-2000,1712.70,1661.50,1727.90,1630.00,37.59M,+3.50%
29-02-2000,1654.80,1722.85,1783.30,1626.35,49.50M,-3.93%
28-02-2000,1722.55,1711.15,1726.65,1670.75,27.27M,+0.71%
25-02-2000,1710.45,1734.05,1757.05,1699.25,19.46M,-1.24%
24-02-2000,1732.00,1696.40,1751.60,1693.10,23.49M,+2.10%
23-02-2000,1696.40,1745.20,1818.15,1689.20,27.91M,-2.45%
22-02-2000,1739.05,1754.20,1781.05,1733.55,33.43M,-0.82%
21-02-2000,1753.50,1719.55,1767.80,1719.55,26.02M,+2.08%
18-02-2000,1717.80,1742.30,1764.15,1713.45,24.49M,-1.39%
17-02-2000,1742.10,1710.05,1753.10,1710.05,28.33M,+1.81%
16-02-2000,1711.10,1704.85,1742.80,1704.15,31.31M,+0.50%
15-02-2000,1702.55,1744.50,1744.50,1694.45,39.14M,-2.40%
14-02-2000,1744.50,1777.75,1795.45,1738.75,31.62M,-0.65%
11-02-2000,1756.00,1712.85,1771.65,1712.85,33.41M,+2.62%
10-02-2000,1711.20,1692.10,1713.70,1692.10,30.11M,+1.28%
09-02-2000,1689.65,1666.95,1731.65,1666.70,41.77M,+1.62%
08-02-2000,1662.75,1636.60,1676.10,1636.60,40.72M,+1.60%
07-02-2000,1636.60,1599.80,1645.90,1599.80,34.67M,+2.30%
04-02-2000,1599.75,1598.50,1621.35,1596.45,30.46M,+0.12%
03-02-2000,1597.90,1591.25,1616.70,1591.25,40.83M,+0.62%
02-02-2000,1588.00,1554.20,1605.90,1554.20,39.36M,+2.48%
01-02-2000,1549.50,1546.20,1554.15,1521.40,37.16M,+0.21%
31-01-2000,1546.20,1598.35,1598.35,1538.70,36.15M,-3.31%
28-01-2000,1599.10,1603.65,1610.90,1592.70,46.56M,-0.30%
27-01-2000,1603.90,1600.50,1633.55,1600.05,38.10M,+1.10%
25-01-2000,1586.40,1612.95,1613.65,1579.55,36.88M,-1.69%
24-01-2000,1613.60,1623.05,1645.00,1608.30,34.73M,-0.43%
21-01-2000,1620.60,1601.25,1626.50,1593.20,39.72M,+1.22%
20-01-2000,1601.10,1634.65,1644.40,1596.65,42.63M,-2.06%
19-01-2000,1634.85,1610.05,1644.45,1608.85,42.98M,+1.75%
18-01-2000,1606.70,1611.65,1615.15,1587.85,37.56M,-0.30%
17-01-2000,1611.60,1623.50,1668.45,1604.65,42.68M,-0.69%
14-01-2000,1622.75,1622.15,1627.40,1591.40,43.29M,+0.08%
13-01-2000,1621.40,1627.85,1671.15,1613.65,44.74M,-0.21%
12-01-2000,1624.80,1572.30,1631.55,1571.70,38.37M,+3.33%
11-01-2000,1572.50,1633.25,1639.90,1548.25,49.12M,-3.70%
10-01-2000,1632.95,1615.65,1662.10,1614.95,45.01M,+1.22%
07-01-2000,1613.30,1616.60,1628.25,1597.20,54.32M,-0.27%
06-01-2000,1617.60,1595.80,1639.00,1595.80,51.27M,+1.37%
05-01-2000,1595.80,1634.55,1635.50,1555.05,62.15M,-2.62%
04-01-2000,1638.70,1594.40,1641.95,1594.40,38.79M,+2.92%
03-01-2000,1592.20,1482.15,1592.90,1482.15,25.36M,+7.55%