ds,yhat,yhat_lower,yhat_upper
2000-01-03,1726.0188684862135,915.0275051748241,2566.3769844093517
2000-01-04,1731.6427585974013,858.3157443928152,2587.657871320147
2000-01-05,1723.5748622707972,931.3461041369914,2540.1024003115867
2000-01-06,1735.0114508964705,892.8328786919943,2537.1880741024233
2000-01-07,1726.0546280207752,989.268620519744,2496.408595258954
2000-01-10,1725.6848651602563,876.2061260397487,2549.2493781248118
2000-01-11,1726.9988801434656,892.6535346271382,2639.791759646943
2000-01-12,1714.1808817078554,888.7772265447653,2573.5368222779102
2000-01-13,1720.5275557161497,882.7106686743311,2599.7738403425747
2000-01-14,1706.251736527303,834.5937557962247,2477.641351762684
2000-01-17,1689.749192578774,822.9158966334502,2512.962940928333
2000-01-18,1686.0344660761727,869.8686617311723,2464.122198463054
2000-01-19,1668.5583275915328,908.5465229983789,2458.6884947745716
2000-01-20,1670.7239443499018,826.1598492470653,2498.8631838214505
2000-01-21,1652.839028316744,854.0001634340501,2477.9374594622736
2000-01-24,1629.6645692647928,807.0286885417681,2443.182814349198
2000-01-25,1625.2639269428148,782.8796336139019,2427.561293832462
2000-01-27,1610.9588342605143,814.2505977699161,2493.5154674264686
2000-01-28,1594.7180637975189,778.2717013657982,2461.2876654187717
2000-01-31,1580.3589973247724,804.4696716325346,2411.1657711804787
2000-02-01,1579.9043548219918,733.0829329453992,2443.9618067789665
2000-02-02,1566.8125396474902,734.6036340325754,2354.5035108988445
2000-02-03,1574.352988057737,728.4616606461527,2455.432060523806
2000-02-04,1562.6743330325062,687.2669963197536,2388.3053039790807
2000-02-07,1561.2246475169322,747.6323410803794,2366.509113959473
2000-02-08,1564.4100217645912,702.5730912341091,2403.404520913914
2000-02-09,1554.44437911744,749.1820895313505,2385.887890502674
2000-02-10,1564.5054428428905,733.878823692113,2430.8452545281866
2000-02-11,1554.6652053839282,682.9611208000624,2356.4524357950095
2000-02-14,1554.1330230563487,724.3439709517855,2357.1118038025184
2000-02-15,1556.0184112857908,718.9745543940853,2398.8404425814465
2000-02-16,1543.962309612188,766.026232094427,2358.721722773364
2000-02-17,1551.1789135584045,730.4792023568372,2369.9234733069
2000-02-18,1537.7948566741163,678.6487433761567,2316.3428562466997
2000-02-21,1523.2213669890812,681.3601607807418,2397.9441717647355
2000-02-22,1519.617536587826,667.9873806755145,2322.143752145353
2000-02-23,1501.8561597317375,683.9454405585607,2305.9221065744605
2000-02-24,1503.2734553469738,626.757778622561,2323.002259921429
2000-02-25,1484.12014000513,667.8898337721622,2331.537018266603
2000-02-28,1453.6317503765233,524.6797424834307,2250.930522854389
2000-02-29,1445.5633765865155,619.6754080991572,2281.7573471793276
2000-03-01,1423.9232980449262,638.1656528845059,2235.292078972318
2000-03-02,1422.1293535802167,531.9694017265804,2275.526008870918
2000-03-03,1400.4997800198007,572.5101959456724,2316.33860977063
2000-03-06,1367.4352405241405,567.0701303159055,2167.9341782752927
2000-03-07,1360.1924390617003,505.3266277025134,2147.6437949251604
2000-03-08,1340.2131763044315,508.51696530552607,2152.2188237371747
2000-03-09,1340.888102125857,499.9272003932499,2214.931355457902
2000-03-10,1322.494267007502,472.77678672224505,2128.080303751591
2000-03-13,1303.1464358050152,403.70930242428216,2153.903699549625
2000-03-14,1301.5670798277283,433.40602529737566,2091.2141494440502
2000-03-15,1287.6567661836339,433.6998974479581,2103.686351882076
2000-03-16,1294.7157260891063,418.5938567510393,2099.0611855265865
2000-03-21,1288.871313016491,454.37394318713376,2129.618313030857
2000-03-22,1281.3743817236043,440.5695661609103,2116.6771198839306
2000-03-23,1294.5799409241679,482.31572566170496,2149.536560945272
2000-03-24,1288.613297653185,418.5753528772589,2123.7511927405762
2000-03-27,1304.5481714518182,468.9697831461004,2126.847878601088
2000-03-28,1313.6621064412116,514.5938354369512,2122.6325899314347
2000-03-29,1309.7436821372173,512.1192285373546,2100.1189905260067
2000-03-30,1326.0137402366558,504.9544243909268,2091.7290371640843
2000-03-31,1322.5923361062319,494.2425391789853,2163.230248634582
2000-04-03,1343.0780501954562,529.9278312329445,2122.034071877069
2000-04-04,1352.713316019437,534.9314856537421,2225.9439605562484
2000-04-05,1348.8434323971549,554.0852468572865,2212.847128363881
2000-04-06,1364.7080906105175,566.4841823658124,2144.576817301456
2000-04-07,1360.4480016287016,562.7455131292093,2238.381319092356
2000-04-10,1376.0440845916996,590.0223234012896,2144.85719502061
2000-04-11,1383.338773978539,515.0840906061576,2219.214574250312
2000-04-12,1376.8155904468297,554.0736567885419,2118.4887057833657
2000-04-13,1389.7414020272988,529.0507494929115,2244.425403015249
2000-04-17,1387.0620837082622,519.2729185926073,2239.6245960636893
2000-04-18,1390.4535216606564,499.95337416300214,2180.476415022786
2000-04-19,1379.9415384474441,601.3777405364015,2234.305538524556
2000-04-20,1388.8345456321065,587.8012107022453,2168.4553214523585
2000-04-24,1370.5003321224503,535.2552155252266,2210.1601925570462
2000-04-25,1370.343398752194,547.1253144584946,2221.888372968285
2000-04-26,1356.531675429523,515.634224049309,2135.3294776670677
2000-04-27,1362.4247714934509,577.614282220477,2154.9623611078514
2000-04-28,1348.2857176205284,542.6513053813168,2137.331719677921
2000-05-02,1335.0578008700197,482.3057513467633,2188.754570945021
2000-05-03,1320.9596380592354,525.6065851458151,2125.594137856051
2000-05-04,1327.1206943468649,476.9935226164105,2113.679244209941
2000-05-05,1313.8124455939624,470.41959564426867,2097.0433260998693
2000-05-08,1307.3696483899027,507.4817870254582,2154.6455634327285
2000-05-09,1309.3543296677578,487.2235724958656,2103.901988202553
2000-05-10,1298.6726765291,467.39441518449473,2102.9861943304672
2000-05-11,1308.6482867532818,505.5750208151279,2081.0202811163613
2000-05-12,1299.4898412263133,498.2659736181442,2114.2530271524743
2000-05-15,1306.762538853998,525.5561734841233,2157.2981341633044
2000-05-16,1313.4632295393058,499.4759724696785,2141.150699347492
2000-05-17,1307.4218997717992,433.6469500847073,2103.1681956988887
2000-05-18,1321.872117613863,500.88893049376554,2159.9831619726206
2000-05-19,1316.9344426052983,462.813568201639,2188.991762520741
2000-05-22,1334.5368702317971,591.7984929330947,2094.5081685498703
2000-05-23,1343.6710640825588,462.80413728291654,2194.1267330674686
2000-05-24,1339.4673408413378,587.5429415490098,2124.028448620945
2000-05-25,1355.1229015786275,540.4886059776271,2173.0919086256054
2000-05-26,1350.7357580857345,541.6365424682281,2225.5974511340632
2000-05-29,1366.056475089219,563.6618639025418,2161.756008552358
2000-05-30,1373.1924656908268,541.9647966443007,2264.1645749498152
2000-05-31,1366.4448366935849,561.4097857098596,2166.6832925076196
2000-06-01,1379.0747949413699,573.7549383361177,2146.1505531359817
2000-06-02,1371.2559987964603,594.1047939559165,2174.8809999516584
2000-06-05,1374.7389920534574,583.1619742603409,2219.171060122688
2000-06-06,1377.7435701469803,532.5609824716795,2149.4570084123607
2000-06-07,1366.9433910234711,594.6001517167708,2140.565746596008
2000-06-08,1375.7017657230938,523.779916513967,2223.1197407754075
2000-06-09,1364.2903737946128,521.1515754500788,2182.667855251581
2000-06-12,1359.5388006254493,541.6465039560055,2224.2589397842094
2000-06-13,1360.8841964683832,598.7930497350972,2231.4697263131234
2000-06-14,1349.054479773044,540.501587057886,2205.9518396671247
2000-06-15,1357.442891979231,524.1620202979163,2177.2217269390276
2000-06-16,1346.3350491140202,554.203180820682,2199.518844668899
2000-06-19,1346.4303587448812,520.7042333098581,2119.869897812864
2000-06-20,1350.589546745384,530.8120489734736,2194.40048303793
2000-06-21,1342.0793511434747,590.3851230118048,2192.4981135015837
2000-06-22,1354.2180573689745,499.89378707032733,2179.5085033043115
2000-06-23,1347.2062331753727,453.9429848984069,2194.3211400086634
2000-06-26,1360.7088415310116,558.3809550876534,2233.582575477592
2000-06-27,1369.3740090594329,546.4946880817286,2172.3054435070544
2000-06-28,1365.2200696824564,528.9039774352818,2187.524116398917
2000-06-29,1381.4696400447579,518.1806911181532,2197.4531718682097
2000-06-30,1378.2344247285632,578.635475751891,2165.255045973097
2000-07-03,1400.3175431269485,603.2108753767768,2235.5192871320564
2000-07-04,1410.7383864877563,612.4132105555238,2231.2150884788703
2000-07-05,1407.7279976552466,633.1147226741391,2226.3559962608892
2000-07-06,1424.4950276413492,589.6340599001107,2200.5454848357613
2000-07-07,1421.1520942857353,624.5389827647588,2249.822170286747
2000-07-10,1439.3829869534156,638.1731076701211,2259.8110133093205
2000-07-11,1447.4814617595082,634.45114768057,2294.234761453489
2000-07-12,1441.7256536781913,632.651548963457,2197.1815437033993
2000-07-13,1455.3943737460831,572.0561482027803,2217.4104810340023
2000-07-14,1448.6758702137752,676.3093569882769,2236.251288403206
2000-07-17,1455.9082522089834,654.4629419924333,2234.226405128436
2000-07-18,1460.3101518844758,631.8750644584915,2248.9703911780207
2000-07-19,1450.9634117415253,626.6814645880382,2302.553107523849
2000-07-20,1461.2098144223323,553.1896150481588,2338.2362386290947
2000-07-21,1451.2919963529735,651.2824231083206,2305.3211865534577
2000-07-24,1450.6566242264466,660.6371955723861,2247.7618258901252
2000-07-25,1453.0883822153114,627.8605475297348,2314.8774242302857
2000-07-26,1442.1075385931938,656.5164327572434,2274.7079239067166
2000-07-27,1451.0456312187168,592.6208066264438,2285.0153096940758
2000-07-28,1440.125393299483,629.7361291054305,2299.1229567976284
2000-07-31,1438.0009961791027,621.5068795996734,2231.5221480119108
2000-08-01,1440.3084827505484,590.1355767102166,2224.4477263354934
2000-08-02,1429.3145075040013,615.093481765794,2250.0305206190505
2000-08-03,1438.3049187072877,619.1962325936732,2343.930476494833
2000-08-04,1427.458912529318,638.8631366763741,2239.033989216085
2000-08-07,1425.3219688363622,636.2829117802414,2268.5107785166533
2000-08-08,1427.4578548320997,622.3535759422325,2241.411033269038
2000-08-09,1416.184682661981,559.2390331002902,2233.987548981542
2000-08-10,1424.7878870232873,627.7905754377098,2197.7201777578175
2000-08-11,1413.4559315140366,623.2285326823495,2229.0988204404366
2000-08-14,1409.5001505831451,614.2686446604044,2198.2734237097648
2000-08-16,1399.219881957641,557.559482272462,2230.415022380746
2000-08-17,1407.414496892225,528.8191397266999,2204.293240022893
2000-08-18,1395.8532167870967,583.3266390797673,2293.8971860781917
2000-08-21,1392.803053511484,618.0913909899409,2199.082134218606
2000-08-22,1395.3161935210992,541.8283998113017,2232.4980472348075
2000-08-23,1384.8958979551717,581.9102403154704,2178.9633389355818
2000-08-24,1394.9011214948298,578.9740241763232,2274.464062988219
2000-08-25,1385.5843155759617,524.8884395817335,2217.3799686914112
2000-08-28,1391.7868664967934,600.6305970890502,2227.928187665018
2000-08-29,1398.1297133348664,503.774385417161,2190.5829034937024
2000-08-30,1391.831819421365,510.3912319205013,2145.5774355499307
2000-08-31,1406.1856937858288,519.8851021308213,2250.627715869784
2000-09-04,1421.0636077522624,612.4076816466265,2308.5725911148143
2000-09-05,1431.5810490902134,628.1273808827275,2270.4617176791307
2000-09-06,1429.1296726198646,580.7583718270552,2267.338889381182
2000-09-07,1446.9050820857192,608.3750911538218,2258.8827226785274
2000-09-08,1444.9913931988465,597.1354664282208,2237.0967143350304
2000-09-11,1469.5332215703752,638.0618880872319,2269.950919892562
2000-09-12,1480.1795400711117,658.6082595356535,2317.6376470582027
2000-09-13,1477.0538802769247,619.3631737486483,2320.9175977174823
2000-09-14,1493.341417034116,731.2836972568804,2259.1103410669334
2000-09-15,1489.134131891095,660.3253790361333,2324.0589457502256
2000-09-18,1502.3154393992509,674.2793648173009,2373.211302603098
2000-09-19,1507.8878078487612,690.1692344337671,2363.415688375298
2000-09-20,1499.1874238240314,716.1634219273922,2360.397528204645
2000-09-21,1509.5051662509236,717.0282090353013,2302.2637436385367
2000-09-22,1499.048823331715,712.3074908474556,2399.162772081525
2000-09-25,1493.0577948496345,637.6348011661756,2299.782617911972
2000-09-26,1492.5238218676104,675.558764052743,2325.9839006178577
2000-09-27,1478.0659927638685,729.4898138308611,2294.1207448920914
2000-09-28,1483.0887959083543,649.1701844742306,2346.1964004144597
2000-09-29,1467.9025911830283,617.880795385168,2276.0134038278757
2000-10-03,1449.6382774843817,643.8422904810219,2253.3466999932475
2000-10-04,1434.2667995120298,600.6443355416658,2283.0222227802137
2000-10-05,1439.2060514163045,650.2887318403297,2233.3422913235595
2000-10-06,1424.7417725248695,581.0083409618142,2247.1436371454497
2000-10-09,1415.2266575725307,543.5297819012866,2211.9184820435216
2000-10-10,1416.2726096823196,593.1503095953018,2228.6418422153843
2000-10-11,1404.6499940557276,532.96391402766,2161.266774402731
2000-10-12,1413.6445086168853,589.9903746241215,2236.7643810882855
2000-10-13,1403.4215594883406,613.6975499183915,2236.5228137940803
2000-10-16,1406.5237997195554,577.8561835750268,2218.054531887153
2000-10-17,1411.348867112035,537.2435788174334,2227.466732252879
2000-10-18,1403.1158342116605,586.188060781737,2178.602138626271
2000-10-19,1415.0223540952427,560.272633542786,2203.3307322710225
2000-10-20,1407.1610159964684,624.6008364421858,2187.6906845978347
2000-10-23,1413.5828918141685,600.4137305529573,2251.265107706844
2000-10-24,1418.2012488149055,616.1138803310133,2206.0426634983764
2000-10-25,1409.1251406627214,603.6154003790418,2235.4689910476086
2000-10-26,1419.59323960791,616.2176261116023,2260.241211576616
2000-10-27,1409.7568859361984,664.9052954014469,2243.265493529406
2000-10-30,1407.8478457798965,487.98596215273477,2223.5319645936193
2000-10-31,1409.2168027170108,647.5637847245578,2275.5945010862733
2000-11-01,1396.8389594916134,533.4734323208625,2216.1500629895977
2000-11-02,1404.0681518901988,537.9268172816329,2253.373916087405
2000-11-03,1391.1694928576474,626.3339382716166,2208.075626308102
2000-11-06,1382.182195279056,535.9082334637466,2196.9582091039156
2000-11-07,1382.193863270801,598.6678263714316,2183.2133440990756
2000-11-08,1369.075097028712,579.0250685981475,2275.3170133839467
2000-11-09,1376.2239386167546,563.6518626447721,2224.5632143699154
2000-11-10,1363.9309951494681,614.2435498534737,2219.644274897272
2000-11-13,1360.8388773888414,517.6868114168251,2214.6447768387793
2000-11-14,1364.065333022515,537.4342650138931,2128.776214459365
2000-11-15,1354.6860102763944,535.0463919043787,2131.7539875046123
2000-11-16,1366.0148346335848,504.79642692669347,2158.9020522996548
2000-11-17,1358.2453254075774,419.10582274614126,2196.088538623701
2000-11-20,1369.6768328123226,554.015130003287,2166.83644142274
2000-11-21,1377.6692577986817,576.2639173070692,2220.4131472796735
2000-11-22,1372.8212540436223,576.6597330692083,2151.420516875913
2000-11-23,1388.3350995899943,561.2569793639958,2215.067509639838
2000-11-24,1384.3014391331483,618.8123633507386,2199.222496569113
2000-11-27,1403.4056654415922,576.321042871959,2264.7172492759123
2000-11-28,1412.5761591487183,655.8374951027225,2227.866680056216
2000-11-29,1408.1609946886363,524.7442608405528,2229.9825372207342
2000-11-30,1423.3583064867985,627.5731449293686,2250.2081423410564
2000-12-01,1418.2743886923163,529.1848765977884,2211.597070157597
2000-12-04,1430.265122000463,605.2709355949464,2277.2289248776947
2000-12-05,1435.9749946098189,663.3682571086258,2287.8777140463117
2000-12-06,1427.7057275223042,574.0752729910558,2255.8137233172365
2000-12-07,1438.7622376047311,623.7703287350703,2337.93780537581
2000-12-08,1429.3641942828997,607.1600421595898,2281.4023496325262
2000-12-11,1428.537518414123,636.7831710738219,2212.1173812593815
2000-12-12,1430.392333983246,612.5932725337425,2290.8508774677766
2000-12-13,1418.6472308225896,538.4555850769718,2265.432179034488
2000-12-14,1426.6929081042517,625.7034493088385,2232.0725574717417
2000-12-15,1414.8202893238433,563.9095232460352,2285.665591062004
2000-12-18,1410.2437204085134,545.9290275576427,2217.8033111843392
2000-12-19,1412.131668218451,604.8087139889567,2238.0420382831385
2000-12-20,1401.0420655056973,594.2446212654859,2235.5237188924743
2000-12-21,1410.3256127495724,614.4614517229788,2191.4063363770533
2000-12-22,1400.2156230404244,596.3734284033789,2223.644637789487
2000-12-26,1408.1617309932128,643.449003180728,2225.4056420142188
2000-12-27,1400.1178613291563,501.87951223908277,2283.028407743936
2000-12-28,1412.3774330708682,563.8841024294309,2187.385510931966
2000-12-29,1405.0599480669223,598.6190102545701,2264.2134507349847
2001-01-01,1414.339528099627,629.0028601140854,2224.6691845108217
2001-01-02,1420.2809068954964,565.4971883625909,2228.400495220625
2001-01-03,1412.661689357658,577.257469495552,2235.4936922247066
2001-01-04,1424.6717698291802,549.9294597506112,2228.789685227225
2001-01-05,1416.4033423982028,538.6656040729305,2207.409507687401
2001-01-08,1418.6420570510013,565.9288709110955,2186.685103948176
2001-01-09,1420.9450505156556,633.90533327808,2193.6753071314947
2001-01-10,1409.1402367839087,522.773240641182,2261.8670057030777
2001-01-11,1416.5013221043075,656.3099068482167,2276.681272576173
2001-01-12,1403.2179066317394,584.800196503639,2245.5219109657605
2001-01-15,1389.3373947906134,531.0403048027753,2207.5105181167855
2001-01-16,1386.3111459329693,549.0938541321722,2221.099724342294
2001-01-17,1369.402668204347,555.0598119952082,2169.9000620552965
2001-01-18,1372.002588227365,538.5952630509319,2194.8067297619277
2001-01-19,1354.4094503420943,525.5616712864799,2179.0312106594993
2001-01-22,1331.2186729315222,513.4973685042024,2139.4390129844883
2001-01-23,1326.5222075718123,505.63797780915843,2144.6022333049796
2001-01-24,1308.728840005266,477.23834345186,2088.386183792464
2001-01-25,1311.241034900113,463.45214594571587,2140.4142268997607
2001-01-29,1277.6101193587456,464.97488099244174,2080.0764804673063
2001-01-30,1276.2946280870376,495.47086315382785,2109.2484999497515
2001-01-31,1262.347581907463,479.9380835699489,2147.8234012347675
2001-02-01,1269.0622327793876,463.6510097658679,2077.979441404979
2001-02-02,1256.6102872579986,460.4302529067395,2080.3365989102667
2001-02-05,1253.3634593361585,443.73077748229935,2015.6525526893947
2001-02-06,1256.182020029283,391.84916099674115,2097.972045581117
2001-02-07,1245.9875639032794,377.8594306711687,2013.8230010647899
2001-02-08,1255.9659887038285,378.9716948512838,2105.7515624312737
2001-02-09,1246.1938564539867,398.94798271766564,2066.3595030166307
2001-02-12,1246.7607445457759,412.68882041655854,2047.2682228357223
2001-02-13,1249.2894510228666,419.743239473503,2071.0232261985334
2001-02-14,1237.9960956860866,398.13768403986484,2055.7902872592567
2001-02-15,1246.0789954596053,415.27375629012215,2032.7590399827416
2001-02-16,1233.646469558596,341.9068953640545,2035.7211326305076
2001-02-19,1222.229092158179,352.45452790544294,2045.0713211214565
2001-02-20,1219.702498024654,411.2873818687866,2067.8240428045497
2001-02-21,1202.9924908583696,379.5025883743371,2073.3231580177044
2001-02-22,1205.41283325535,412.52354878829095,2005.2934639941925
2001-02-23,1187.1929060521147,343.9125042221063,2023.269801210239
2001-02-26,1158.899435560212,336.60074037198206,2018.2284300630338
2001-02-27,1151.3097951415898,321.1135084731039,1963.3676194487184
2001-02-28,1130.0030516862032,297.8032653882204,1943.955288434011
2001-03-01,1128.3900595590685,305.6443615846234,1917.210351890669
2001-03-02,1106.7851238515132,320.60511277134185,1916.3616708313011
2001-03-05,1072.862494084468,280.9447417179255,1913.155002817125
2001-03-07,1044.34670874694,253.39977859007953,1921.2917935371086
2001-03-08,1044.1876976092165,261.68492729073154,1881.8507289465986
2001-03-09,1024.8529542843285,242.8400715232959,1813.3701712474053
2001-03-12,1002.1966568689841,220.52851472573238,1843.380966161443
2001-03-13,999.4082103016746,154.5569624765717,1818.2287209867166
2001-03-14,984.2640303032495,141.63657725744585,1777.0858523577479
2001-03-15,990.0809680751256,172.2775266574778,1837.0388206553225
2001-03-16,977.0600792471557,148.81256770321954,1806.512172617174
2001-03-19,974.456777811418,182.0656279023042,1799.126252241452
2001-03-20,978.4242098958097,200.9478269342269,1758.4446699705384
2001-03-21,969.9310194146072,173.4434986859289,1786.3856746063143
2001-03-22,982.21776709639,114.50472526782723,1786.5247929419472
2001-03-23,975.4160934258325,159.87184703821117,1799.88387620926
2001-03-26,989.3895392045345,173.27419254598786,1756.3184149516217
2001-03-27,998.0377561295867,152.23758610006834,1853.9163950916175
2001-03-28,993.7481328300979,149.63753493939518,1830.083524247251
2001-03-29,1009.7403143835643,155.71198002974472,1795.9471053007667
2001-03-30,1006.1323786464842,153.60082793161254,1806.6427833413827
2001-04-02,1026.5779981000603,172.913561252581,1859.0497741469906
2001-04-03,1036.361461225888,238.01470928907452,1850.7880786791025
2001-04-04,1032.7140531066498,208.86157373720343,1860.0301676535446
2001-04-06,1044.9695625551442,256.8164124875966,1894.408795039547
2001-04-09,1061.9904115245024,242.69989109462307,1897.4437256399892
2001-04-10,1069.86073032433,261.4375485007938,1882.917963933633
2001-04-11,1063.9550381439908,220.4504167308377,1904.1647505603378
2001-04-12,1077.5346516512257,239.06614600074911,1924.2899790485565
2001-04-16,1077.7081111693853,244.3188964845719,1928.3819109584526
2001-04-17,1081.8365844744417,284.2400824976093,1872.790844063486
2001-04-18,1072.0552138300818,225.54581593997258,1904.948419518342
2001-04-19,1081.6636218245053,288.1630621738102,1930.45812932438
2001-04-20,1070.8659814854846,236.7479713082486,1952.9508346779567
2001-04-23,1065.8527264601541,300.77520945415904,1889.773488437777
2001-04-24,1066.1947419270025,299.18078348080735,1845.4604621564467
2001-04-25,1052.8109224518855,246.85639654377184,1848.1097787973495
2001-04-26,1059.0525966205219,264.17760276075046,1924.1141596584764
2001-04-27,1045.1753522055144,171.89013162532876,1898.8362685999114
2001-04-30,1033.135266610134,216.90617728340536,1808.9656984307335
2001-05-02,1017.6817299616207,196.0554220637089,1791.9814048364617
2001-05-03,1023.5007577192906,290.3667081202348,1860.0189343788566
2001-05-04,1009.7517163056978,227.86305624898256,1830.701333591952
2001-05-07,1001.4605968394048,113.35973501365626,1827.530703324518
2001-05-08,1002.685643540695,196.01391396971925,1774.5916722117254
2001-05-09,991.192836512768,137.3300232024231,1883.3993936031823
2001-05-10,1000.3201273283255,180.6288814180133,1836.3619753758455
2001-05-11,990.291666022995,109.24441603091844,1789.6607469707474
2001-05-14,994.9888530136213,165.16246967378464,1840.5142146680585
2001-05-15,1000.8983015614141,135.43482712687754,1863.7298467401313
2001-05-16,994.1263297511068,185.58808542027288,1844.048243453997
2001-05-17,1007.9213350632557,204.2277423664428,1858.964336473896
2001-05-18,1002.4172814952937,157.39709900261548,1823.73778469027
2001-05-21,1018.9592558131303,231.9479891817766,1858.7600588927628
2001-05-22,1027.9766701956248,200.170473854611,1895.6159267299777
2001-05-23,1023.7799734013355,145.1394115742532,1812.2894027748532
2001-05-24,1039.5654870034866,211.10207884387899,1890.5558874705152
2001-05-25,1035.42751163531,199.5754668916293,1880.437402543784
2001-05-28,1052.1329205763752,261.66704431865423,1822.184689993444
2001-05-29,1059.9043128692895,201.58925587459223,1827.1718146837998
2001-05-30,1053.8543381682764,227.63982503871625,1862.9821088983492
2001-05-31,1067.2268588717918,204.21245273961813,1947.4129526742302
2001-06-01,1060.1770412660326,262.4927204502868,1862.0820678839507
2001-06-04,1065.9327281056728,239.96496082429812,1817.0105224000642
2001-06-05,1069.619882726904,250.50974515728626,1890.6436803629972
2001-06-06,1059.4349745287961,209.9468637527402,1832.8173832745254
2001-06-07,1068.7255523411227,213.42590380578395,1882.6325629345122
2001-06-08,1057.7495183731944,195.99338186263373,1838.6621814731504
2001-06-11,1053.6217947169462,195.1467497791622,1910.8807454104794
2001-06-12,1054.9279245975367,300.82481905755407,1853.00423871664
2001-06-13,1042.9329082808938,259.96309595050764,1829.176392545683
2001-06-14,1051.0331200018109,188.8148767671963,1849.2187912422137
2001-06-15,1039.5202894363547,152.1935271117426,1864.3360771805696
2001-06-18,1037.801944859166,223.55724325723403,1890.19828974387
2001-06-19,1041.2027493872351,283.51229482733305,1820.392155498137
2001-06-20,1031.8847502546664,233.02111631980932,1902.0758653677717
2001-06-21,1043.1846395016307,246.5350385870785,1921.8020264057805
2001-06-22,1035.3220240475403,245.13272777966284,1863.9795255291388
2001-06-25,1046.3902297530276,266.6850050764701,1916.5802090022771
2001-06-26,1054.3430449466398,192.09979660055524,1884.7877596554124
2001-06-27,1049.5529297034611,272.00953708330604,1771.1162524195117
2001-06-28,1065.2556909655984,244.2530070769467,1834.77290623306
2001-06-29,1061.573922514552,269.4056959027704,1914.6466899661652
2001-07-02,1082.98883490099,255.11298988633362,1934.1939206406782
2001-07-03,1093.420267002863,255.05550961732743,1882.266490227836
2001-07-04,1090.5349307926344,227.97590697464344,1892.7780925055808
2001-07-05,1107.5361667299337,314.2792249026964,1947.4813062932053
2001-07-06,1104.5288730391214,264.076472034255,1825.7802685719055
2001-07-09,1124.26788991448,272.6642154796453,1938.639557991409
2001-07-10,1132.992701673237,287.9518640297656,1901.3711866721897
2001-07-11,1127.9008784836537,279.5643037638541,1916.283758341757
2001-07-12,1142.256141347792,351.93841904395623,1945.247452127938
2001-07-13,1136.231846563335,351.98456831939234,2011.2002880182706
2001-07-16,1145.455215721973,322.1467367622977,1988.9705691589143
2001-07-17,1150.4505693416536,345.82759709153,1932.062762002507
2001-07-18,1141.6464659374903,349.68347330433664,1948.455285861722
2001-07-19,1152.3781780315694,373.9350730657047,1963.8642184921284
2001-07-20,1142.8839549693762,334.52674702144185,1959.999881656205
2001-07-23,1143.1373228397574,286.6499932627515,1919.9826596936232
2001-07-24,1145.7442174370851,312.34175799399213,1952.5297560361598
2001-07-25,1134.8855837735987,306.57707543344856,1972.8249399334436
2001-07-26,1143.899743883185,330.91690200498067,1977.1910330353628
2001-07-27,1133.0172692905157,323.25320973197887,1984.6811221787411
2001-07-30,1130.8632338828652,281.07451363668537,1930.4658070269193
2001-07-31,1133.1424593983784,286.63541090307734,1944.8184032612553
2001-08-01,1122.124556955962,306.12411484195417,1978.46667377216
2001-08-02,1131.1021270310982,344.25496851497263,1943.3815932751006
2001-08-03,1120.2598056701884,311.9338157737319,1971.2415579119513
2001-08-06,1118.2634138178435,311.0498581277614,1988.6028740915365
2001-08-07,1120.49050975578,344.77419985533805,1905.1419807228951
2001-08-08,1109.326717936064,285.3340387103402,1938.73066633803
2001-08-09,1118.052406094092,215.27895877241485,1948.6846849577955
2001-08-10,1106.8493892725594,341.6841723921195,1909.751922500514
2001-08-13,1103.2339501374088,325.9648327512109,1958.6751002668054
2001-08-14,1104.826716043876,265.01317545821286,1914.033332603976
2001-08-16,1101.2115065191733,263.8551357514123,1878.5783693443552
2001-08-17,1089.563468777717,310.6937619697581,1943.0442385042647
2001-08-20,1085.819990664764,270.37861746050675,1887.0643170525814
2001-08-21,1088.6406525219631,271.55094453034076,1896.4103878005621
2001-08-23,1088.5964780336164,264.1926052059714,1913.457419168335
2001-08-24,1079.3500238694332,215.78646514536004,1843.7548243563974
2001-08-27,1085.3978948071508,208.3411103476617,1939.3652942929466
2001-08-28,1091.6072506607627,266.57102343853546,1913.6242366029849
2001-08-29,1085.1598840866923,304.24074868699006,1889.633955332803
2001-08-30,1099.3656141725512,233.7542501870516,1879.559707680008
2001-08-31,1094.4180862503792,294.7197834476751,1900.1462062738046
2001-09-03,1114.0351010485497,272.124842585613,1905.326611760033
2001-09-04,1124.6885754649581,337.67374839996893,1949.7901551198077
2001-09-05,1122.4822714922957,241.4301783506479,1947.2623629989919
2001-09-06,1140.6257860893313,265.1239339427231,1978.5382859467168
2001-09-07,1139.2148588800376,314.3984593675905,1937.57419310361
2001-09-10,1166.1462490323843,391.5866542666863,1980.3246244601594
2001-09-11,1177.891202181033,356.124590715035,1935.4507614631664
2001-09-12,1176.010853232714,370.536375971664,1976.5729790622581
2001-09-13,1193.6825549076011,414.82756891372424,2060.9244480760694
2001-09-14,1190.987137313052,342.3224508436076,1943.9568474698642
2001-09-17,1209.3139590803132,329.29733091044176,2057.864430203222
2001-09-18,1216.7402527441968,397.5897276624518,2124.193918365487
2001-09-19,1209.9262417026146,382.6712436014079,1986.3297968190645
2001-09-20,1222.1389539171234,382.03758475447,1972.4444037009418
2001-09-21,1213.5620024018644,434.839432222689,2059.562666031709
2001-09-24,1212.8816467438219,416.70394887970104,2034.080777369599
2001-09-25,1213.9373893685593,435.7695293525231,2052.5461946777814
2001-09-26,1200.9485872074854,331.477115789607,1989.2764494116243
2001-09-27,1207.3056095997547,392.92014261953443,2004.5081832469514
2001-09-28,1193.3079982483393,366.091286305585,2019.400288755668
2001-10-01,1179.9642586621676,304.7268841040458,1959.535866278051
2001-10-03,1163.3099341635775,324.01951756299053,1968.8318107671114
2001-10-04,1168.5443018551045,301.41214148873155,2002.586291366655
2001-10-05,1154.2571398818961,326.6915861122928,1972.887127413553
2001-10-08,1144.749584985415,291.12724995290284,2053.5095017970907
2001-10-09,1145.694195941645,362.2049804550625,1929.3349527916487
2001-10-10,1133.9563248066288,322.62193914470527,1995.138844167288
2001-10-11,1142.8447754039325,369.94432489634863,1964.0332256012837
2001-10-12,1132.5473812956307,287.9941591791852,1894.9417782939597
2001-10-15,1135.8176365561087,381.085891148142,1959.9265623799095
2001-10-16,1140.8850914460647,317.708127294505,2022.8067494920185
2001-10-17,1133.0083949917116,262.2928901566145,1966.2390717912415
2001-10-18,1145.3926120022652,329.46549508283783,1976.8020359975574
2001-10-19,1138.1340752719423,344.19610171312956,1945.9526449122668
2001-10-22,1147.096351310247,262.2735308642134,1970.6342543526382
2001-10-23,1152.781232305126,336.85194526048605,1994.4858273068535
2001-10-24,1144.861120982749,265.64170052072126,1967.2919506656028
2001-10-25,1156.5582326171839,367.7242413547347,1992.5144095786413
2001-10-29,1150.0652073623023,363.2801416304443,2056.387620822687
2001-10-30,1152.724802905449,349.85948546956513,2018.4917468615677
2001-10-31,1141.586212062302,320.0686492093926,1988.5568450639385
2001-11-01,1149.9838902275087,353.1091385961082,1962.547416549406
2001-11-02,1138.1655324098415,261.2718391382177,1951.952314764453
2001-11-05,1131.7553493864818,292.3276686577548,1948.8350512906566
2001-11-06,1132.3757062140958,313.0795030406135,1955.3885527926714
2001-11-07,1119.7347172556908,271.43598811257084,1923.914921606847
2001-11-08,1127.2325305473876,226.31858531013435,1916.8483514635789
2001-11-09,1115.1655402785605,269.6552424328846,1877.532766454783
2001-11-12,1112.1223914927796,327.7972003454066,1902.205640935779
2001-11-13,1115.2068858018913,287.12967035880115,1960.912464054462
2001-11-14,1105.6381228197079,318.4274550754575,1970.7258661502676
2001-11-15,1116.7515411190407,337.9659963193993,1906.3976707695192
2001-11-19,1119.7397201480217,340.7455835943965,1940.9064624432606
2001-11-20,1127.7181409852622,206.73235012002095,1917.41552202139
2001-11-21,1122.9558284162247,263.35658888239664,1882.1885501096694
2001-11-22,1138.669971601321,279.4265981881684,1937.1445716480582
2001-11-23,1134.9631012664374,344.94500327517954,1923.0213915838297
2001-11-26,1155.8739536595028,271.19623283491325,1961.7078858560692
2001-11-27,1165.92616925483,343.0190419167001,1979.1971111758278
2001-11-28,1162.5252652344595,370.9529543982649,1971.683779989378
2001-11-29,1178.8597192861068,364.9709229037154,2016.7306197980577
2001-12-03,1191.246745850838,396.6463587319298,1957.2135718582263
2001-12-04,1198.4654459311694,381.9246551180631,2015.6388388812932
2001-12-05,1191.717912474645,446.62681863364605,1995.8093317884016
2001-12-06,1204.2869490433034,342.70647578206626,2032.293323110222
2001-12-07,1196.3706383961999,341.5391931795012,1996.375617108831
2001-12-10,1199.6089255726542,325.2302883782964,1959.3050899429388
2001-12-11,1202.637399568857,398.05965716399123,1995.7124272900921
2001-12-12,1191.9548869479247,378.82657529714555,2050.0039205597964
2001-12-13,1200.944722335946,346.778810183676,2026.5574876758885
2001-12-14,1189.89404320746,301.86612118414064,2037.8752041238429
2001-12-18,1189.32325976858,408.4711049176321,1982.144264519625
2001-12-19,1178.5142198091614,405.93540292113056,1996.7560748089586
2001-12-20,1188.0069959289424,371.5070651391043,2012.4640354142991
2001-12-21,1178.0533321299142,337.47090219881795,1987.888716978937
2001-12-24,1181.4684855124679,402.29197491956717,2080.290144189216
2001-12-26,1178.6732292949707,334.2264727890611,2016.8621198182777
2001-12-27,1191.2111843505318,348.98935638085953,2032.3776838762099
2001-12-28,1184.2617402028093,383.74949341653576,2010.1128936167486
2001-12-31,1195.3207362771345,356.8936466197214,2029.0296975183412
2002-01-01,1202.1105245370015,379.6871062370232,2050.9185932749533
2002-01-02,1195.473682814246,364.6436935987619,1989.2533620303764
2002-01-03,1208.5983510515441,351.3011274644501,2052.279158519357
2002-01-04,1201.5712576678995,396.18687533064445,2054.7623224213153
2002-01-07,1208.1875551189712,372.0193912793277,2056.128525823036
2002-01-08,1212.1165888631995,389.40114318978914,2052.9444006586186
2002-01-09,1201.989451141014,349.78193096487274,2011.631495562538
2002-01-10,1211.0580511651908,419.9022523153361,1963.7484747515132
2002-01-11,1199.4891701192314,350.475121908919,2067.839993337345
2002-01-14,1190.563777031294,381.9317551454642,1969.0304216822292
2002-01-15,1189.053061297731,372.8114840537348,2008.152094282707
2002-01-16,1173.5591927260489,353.3577212994451,2005.5265591345371
2002-01-17,1177.4565291865024,394.123335875303,2027.0671647949002
2002-01-18,1161.030280993499,357.6727305494771,1964.8497984745757
2002-01-21,1140.474658804766,283.2817583434526,1939.110479015108
2002-01-22,1136.3590855242173,339.1393139772286,1950.4539530347113
2002-01-23,1119.0028760236858,309.18579796764527,1959.4064133321783
2002-01-24,1121.8170902532106,266.0936312358994,1959.0812969898343
2002-01-25,1105.1038273686725,261.5774394902862,1945.189956453354
2002-01-28,1088.3289510229122,320.84255211595456,1877.3474896635316
2002-01-29,1086.8774850409836,296.0153529002247,1904.640521941759
2002-01-30,1072.7701874479778,247.044420207764,1947.1495586892074
2002-01-31,1079.324205133841,275.40335064421595,1850.9652607293845
2002-02-01,1066.7351522635345,197.19115154289003,1882.018145723333
2002-02-04,1063.4448478736617,219.7458087896959,1864.6660545844443
2002-02-05,1066.439024442328,305.0054918370746,1947.3894398482241
2002-02-06,1056.5431888466223,232.46955499933472,1910.539200736537
2002-02-07,1066.9556472093866,235.48997588636917,1885.748342364342
2002-02-08,1057.7620116918404,221.66466277065138,1826.9636882462019
2002-02-11,1060.9675551479447,204.8498987147106,1937.9413476117575
2002-02-12,1064.6705690394267,144.6409135710726,1857.4157250862588
2002-02-13,1054.6867691197763,254.14148689349037,1907.1117738334767
2002-02-14,1064.2021932746118,247.05321054467757,1876.5399021607027
2002-02-15,1053.309955864755,317.9114987703164,1838.6624915815596
2002-02-18,1046.9725523378092,205.93896716208621,1839.8351879820216
2002-02-19,1046.221296413422,247.44738326331185,1856.485774376555
2002-02-20,1031.2896496242017,164.9972280579168,1867.4502052153002
2002-02-21,1035.4682176069593,184.64579972894367,1844.4140762379286
2002-02-22,1018.9637208970308,227.93370192090183,1866.3246188008623
2002-02-25,995.3509276171568,139.13791467407202,1785.875398578459
2002-02-26,989.1056641473901,219.95483368342275,1842.400871912709
2002-02-27,969.0108108965885,148.25159223316166,1778.0288657055435
2002-02-28,968.4665273659965,125.11697545111896,1851.1469663916123
2002-03-01,947.7793788467138,92.29992947068015,1771.845931757387
2002-03-04,915.672830593265,51.37241205329676,1748.707485739135
2002-03-05,908.1468570405785,51.915125221869225,1717.2560075179103
2002-03-06,887.6069420511334,26.308036574579173,1704.9153038719642
2002-03-07,887.4650923063198,78.7561133994731,1692.0872725044442
2002-03-08,868.0236157510581,41.23339546349349,1659.4511842660354
2002-03-11,844.4442088088448,23.037034366223587,1667.3997493601673
2002-03-12,841.199835964939,-6.670130610979373,1648.0360814713756
2002-03-13,825.5536603414157,-40.85054884603069,1652.990380794618
2002-03-14,830.8395976556354,11.431754628230856,1633.9436234360467
2002-03-15,817.275451411241,-26.86614025861364,1611.1777179319604
2002-03-18,813.1254470872116,36.714475557167496,1651.4207099997543
2002-03-19,816.651902169303,11.847155712973017,1609.9907524457783
2002-03-20,807.7751907565666,-2.0578381214315327,1661.4450234468814
2002-03-21,819.7457411006187,-19.110642442991114,1616.4082882411776
2002-03-22,812.7034902993717,-0.020785854924193825,1603.7476196326172
2002-03-26,835.230880671542,49.42349581777954,1599.8206152816003
2002-03-27,831.1500789872196,12.35854885680005,1648.910419373589
2002-03-28,847.4457610597401,-46.52364122307828,1609.6947854828516
2002-04-01,866.413262760031,53.609350078426786,1723.7181477435067
2002-04-02,876.9447013258953,79.88511505097651,1707.5043906018816
2002-04-03,874.1245368678832,17.36678490066525,1680.255626556058
2002-04-04,891.1843132666484,88.36546151532431,1744.5081068285674
2002-04-05,888.2562896158943,89.31738788613785,1764.6394712074957
2002-04-08,908.5817675300689,98.2418625632633,1778.6168481985071
2002-04-09,917.6663258279278,67.98165624593446,1737.354933868285
2002-04-10,913.0232207051174,42.53870766400367,1743.887161426417
2002-04-11,927.90861754337,91.27747761112832,1746.3204625092417
2002-04-12,922.4803328031535,99.02252740233953,1715.7288677749943
2002-04-15,933.6220076356321,123.83652206265417,1770.4310117678974
2002-04-16,939.1821107623595,179.09305287745886,1768.0676066197216
2002-04-17,930.8363090072583,89.8073056679288,1738.7604984808015
2002-04-18,941.8759939583722,107.38569780623696,1738.290484480966
2002-04-19,932.4966536625143,112.4238497420023,1783.7727109989387
2002-04-22,931.5684048912262,146.24143410382806,1709.2680843587532
2002-04-23,933.1838588866899,89.93706148720659,1739.0421485262339
2002-04-24,921.0136291983872,50.013217466095035,1744.0327146113552
2002-04-25,928.4000235063838,103.75459174064925,1713.1210942088976
2002-04-26,915.5901737394898,142.21726495802224,1719.7485420189548
2002-04-29,906.2168169906915,47.674457921916385,1712.108273326019
2002-04-30,905.7934845578981,75.48207448779277,1736.734750037611
2002-05-02,898.3482361876428,80.57688785342057,1677.7074433014468
2002-05-03,884.9807602769628,78.04758595460186,1693.7631125240587
2002-05-06,877.2578217194215,43.98141600897245,1762.8366432273554
2002-05-07,878.5039370391468,74.91420780981468,1767.882893852767
2002-05-08,866.9647118953959,61.96770860627466,1737.6930953066715
2002-05-09,875.9906836365425,30.498279309128552,1680.2014723797784
2002-05-10,865.8200334780289,55.91592354539779,1671.4687173375355
2002-05-13,870.0017147465315,86.73723188023342,1684.5310440036158
2002-05-14,875.7648470543826,99.00171285642556,1750.0004950814116
2002-05-15,868.8871830631282,136.3515005844854,1775.6938744221438
2002-05-16,882.6332092003831,45.18383254368309,1710.007844674293
2002-05-17,877.15201811092,60.62203033774663,1730.7206414710133
2002-05-20,894.3228191534745,100.33414962454063,1718.4955075721016
2002-05-21,903.7699815970401,92.38069698385424,1647.7658136779442
2002-05-22,900.1239978939041,8.627914960465121,1665.9613604499584
2002-05-23,916.5838091166391,29.743416900641826,1735.232400015662
2002-05-24,913.2435434170412,180.0584738699001,1732.458440523017
2002-05-27,933.0385902512966,86.34007382743157,1779.6322950403824
2002-05-28,942.0438323482583,147.48730040133628,1773.496263694461
2002-05-29,937.3094107776701,115.25273525595678,1710.8826154075255
2002-05-30,952.0638454319521,138.78864508478563,1821.2440123750564
2002-05-31,946.4453101909227,107.29270258154872,1704.2890028337836
2002-06-03,956.6049607755401,135.78251884998963,1788.4349562278194
2002-06-04,961.7325261773849,121.33645292980584,1838.479641717995
2002-06-05,952.9426132230332,77.86486406524021,1724.8759410656269
2002-06-06,963.5650861138048,108.08215631954108,1835.844788449436
2002-06-07,953.84164852309,133.46879935170995,1762.2505763176086
2002-06-10,952.8643906418092,96.21215679829135,1804.2448360036292
2002-06-11,954.9867857701181,174.20665951195258,1770.8965506273073
2002-06-12,943.6823940229434,120.34542334646576,1829.7660981227407
2002-06-13,952.3468905102596,117.79293502780861,1720.782011432696
2002-06-14,941.2743766730073,138.66916317975108,1760.8704300370605
2002-06-17,940.2011111797545,126.40772665398958,1771.7920507073168
2002-06-18,944.0938006790612,99.02003517459795,1795.0644274495796
2002-06-19,935.1968560031339,73.1734885301057,1746.3048987177115
2002-06-20,946.8639319671862,184.47276281816005,1755.9664153805052
2002-06-21,939.332810282094,184.21540176234421,1766.8414349474463
2002-06-24,951.3714820459663,126.14784498929288,1780.8037323784824
2002-06-25,959.7026129174596,106.07790509881092,1780.604802482823
2002-06-26,955.3477298159828,126.87083152309951,1841.2369084206218
2002-06-27,971.5582764970376,68.79974730368966,1728.1703561361976
2002-06-28,968.4705676897495,136.1711390091397,1814.2763408215515
2002-07-01,992.2875906549688,158.21089114554857,1831.3029430756394
2002-07-02,1003.7473827632413,183.16804369360915,1837.5284880098623
2002-07-03,1002.0078178983903,213.45827895850655,1809.701188109025
2002-07-04,1020.2702150155764,186.07639036733642,1840.120741165044
2002-07-05,1018.6347983748057,213.96876667849688,1844.4586579756526
2002-07-08,1043.071570939614,222.50798077732614,1905.4929206731679
2002-07-09,1053.5191465731684,235.1633990839589,1870.5047954558802
2002-07-10,1050.2062331182956,211.39201643270985,1834.2844122611702
2002-07-11,1066.3818078609036,224.43136418592545,1860.9077278154225
2002-07-12,1062.2041530939155,166.50107836772247,1868.3609941778411
2002-07-15,1076.9785161143218,302.5109474636525,1918.3186966675637
2002-07-16,1083.7829571283642,230.87322613034326,1913.2755251731385
2002-07-17,1076.748080732269,211.43226933965485,1929.4900294800843
2002-07-18,1089.2001510802936,211.28287142780823,1860.3429258297047
2002-07-19,1081.3703903687347,278.76311168293364,1877.534133165144
2002-07-22,1086.243296204281,225.83170508635763,1914.047556508452
2002-07-23,1090.2632439741274,196.73477411112657,1935.8985131534487
2002-07-24,1080.7582105736747,195.08671471434053,1922.5881103156432
2002-07-25,1091.0715503350677,229.22930421264599,1894.3024422554508
2002-07-26,1081.4403052674127,296.3264305961373,1911.428464348726
2002-07-29,1082.831958723524,238.4463616022638,1947.8859524817083
2002-07-30,1086.2528762655777,211.25008989043388,1831.686285102102
2002-07-31,1076.3711381969908,272.2955265394786,1916.1587086074037
2002-08-01,1086.4873447919738,233.65193536009352,1901.2649186764938
2002-08-02,1076.7931709856605,210.36551831113428,1906.6981890340544
2002-08-05,1078.3485765189541,250.08109861247996,1828.5367402473048
2002-08-06,1081.8040322296345,219.72015826741438,1876.4456678702672
2002-08-07,1071.8906432389088,277.12170764111676,1829.4406055823276
2002-08-08,1081.8859041325024,257.3509401370589,1918.4581107000754
2002-08-09,1071.9669858261939,278.08685341500177,1943.1220788775038
2002-08-12,1072.2214359283057,192.42430135621174,1888.5178892501565
2002-08-13,1075.0808319464613,236.12454653083782,1929.4429944079702
2002-08-14,1064.536057807151,238.59064524418736,1954.2055103839616
2002-08-16,1063.407298073467,282.6536811993457,1870.0792919855019
2002-08-19,1062.7383074681659,250.73067824290115,1812.1796137886543
2002-08-20,1065.7363347203686,262.5533568922913,1935.553135408431
2002-08-21,1055.6373624540197,229.34280006743657,1895.5879430795128
2002-08-22,1065.8017197398717,369.46954401435056,1908.1498146055867
2002-08-23,1056.4882077944753,293.29969620779116,1876.1915962897826
2002-08-26,1061.904619844096,243.03741714095358,1942.9161290718657
2002-08-27,1067.7904440718794,265.4222698443637,1953.6819388937513
2002-08-28,1060.9839461129977,245.3895060537042,1935.8290482089328
2002-08-29,1074.8104398723399,264.0107118728177,1900.6019746879376
2002-08-30,1069.4805668531644,295.90353851105095,1868.5796848179796
2002-09-02,1088.115549167907,219.64031962569237,1882.5934333924258
2002-09-03,1098.5591657415348,302.37069019533544,1981.9583625601692
2002-09-04,1096.2318747005247,271.0864138964989,2016.9684828915272
2002-09-05,1114.3596221786752,294.1572367872254,1921.9356241478788
2002-09-06,1113.0526684494685,272.3497881227501,1933.8330577248312
2002-09-09,1141.1233594913265,277.69683898285695,1955.8155063845184
2002-09-11,1152.4942997903142,317.580138844041,1972.3715916640726
2002-09-12,1171.1430586889314,361.257874875937,2040.8336049641248
2002-09-13,1169.5658265422903,396.9056338943712,2006.5332431972345
2002-09-16,1191.9750215839929,372.92468686135487,1995.395692466165
2002-09-17,1200.9503955930918,354.1683775013153,2023.1063669675173
2002-09-18,1195.7463808756152,347.6832918298317,1997.2288067928491
2002-09-19,1209.6073800784625,365.1841167126186,2014.7863708919913
2002-09-20,1202.6933287466697,420.84627864805157,2058.3267486173295
2002-09-23,1206.849080706579,356.4633724875614,2044.330138153545
2002-09-24,1209.388922628776,377.30245719136315,1994.6884295079585
2002-09-25,1197.7852642208904,405.9133141228451,2028.248852373807
2002-09-26,1205.4107466358098,360.85793961254996,2017.8791567015674
2002-09-27,1192.5500206349245,335.95195632348543,2020.1421244200899
2002-09-30,1181.7285488141943,373.7393723464643,2011.696819212164
2002-10-01,1180.547996072751,371.7402320221031,2036.9797983207022
2002-10-03,1171.4458167387718,400.3888483965521,2007.9281080562278
2002-10-04,1157.2534765296664,373.7554219638241,1949.8228781337439
2002-10-07,1147.3680175934592,356.32475610768284,1986.545420626099
2002-10-08,1148.0290090837739,330.40474858720523,1975.6543589749558
2002-10-09,1135.9647213495296,340.87833549854605,1957.7735524416223
2002-10-10,1144.5070316492834,366.4644229281346,1967.6580306109838
2002-10-11,1133.8669516796665,320.08124947410283,2028.8985353941375
2002-10-14,1136.3501653920205,301.19721089336394,2000.9921361693425
2002-10-16,1133.4076789780129,247.01490632267164,1956.517450858784
2002-10-17,1145.8867260274494,305.63446514095733,2006.5556049253846
2002-10-18,1138.8428653967217,292.73180856442184,1984.9048472413924
2002-10-21,1149.1962593230585,343.4541881405875,1974.8620143566463
2002-10-22,1155.5845875537452,350.0649765855003,1959.4377968153353
2002-10-23,1148.4741783919724,325.7473694065766,1973.2324390643666
2002-10-24,1161.0741808920402,315.57455689515217,1999.9737928990005
2002-10-25,1153.501463392698,299.0014917831836,2019.2552142763464
2002-10-28,1158.7765247268633,305.3460817686264,1995.4168430593847
2002-10-29,1162.5294751900967,355.34538486990414,2040.678547621119
2002-10-30,1152.45898371585,373.2122751679889,1953.6166655568522
2002-10-31,1161.8784623332897,371.49252354169465,1985.0197816033638
2002-11-01,1151.01582044755,336.8954255367381,1925.5019913082801
2002-11-04,1146.9088768302033,280.4803409743014,1951.8776760072199
2002-11-05,1148.0666669328864,348.0175143447253,1992.1803069676655
2002-11-07,1143.6108927193611,357.05896286255705,1938.8061950578642
2002-11-08,1131.6924948538615,301.19379415932235,1995.8180266639224
2002-11-11,1128.3834674823638,325.95549775509704,1960.6410643003042
2002-11-12,1131.1811454725741,296.85360660998947,1910.9840786535508
2002-11-13,1121.2533137289383,272.36403216589804,1986.0015418401244
2002-11-14,1131.955011602738,343.1081157855912,1982.4733364291906
2002-11-15,1123.523338351007,327.50974769079113,2006.2399804257977
2002-11-18,1133.2053832680022,221.99955711531416,1933.6464424296707
2002-11-20,1135.8071324599416,364.27092334318036,1968.2471371879399
2002-11-21,1151.3483551810432,333.74244820178495,2007.9979546411812
2002-11-22,1147.579711976567,303.0650244894066,1975.1997953668401
2002-11-25,1169.0822479650124,328.6479110873827,1968.3029691002785
2002-11-26,1179.6100808703136,331.6262549676869,2033.6123074916802
2002-11-27,1176.8244788176862,394.3484562098042,1969.0314307168878
2002-11-28,1193.908651698121,368.6218851483907,2059.2520549061846
2002-11-29,1190.9472210257404,382.596089578877,2034.7473444238565
2002-12-02,1210.4154286284934,366.98905301230883,2049.3707863059713
2002-12-03,1218.8637516016686,421.768604706619,2006.9185192616335
2002-12-04,1213.3861812167952,344.2710448580886,2006.32520382882
2002-12-05,1227.24362479186,439.64672715973757,2057.9627091200273
2002-12-06,1220.6120171368277,414.56981357620214,2064.863496420046
2002-12-09,1227.469932077984,421.53029588201593,2083.264610338334
2002-12-10,1231.5632459958133,360.598435377095,2058.734368398677
2002-12-11,1221.8484263949706,380.9137613973738,2033.349355586836
2002-12-12,1231.697265676487,418.21002359316435,1979.2390316804401
2002-12-13,1221.3886698519407,389.62427871041297,2054.7619769032312
2002-12-16,1220.0579424435396,352.452707643134,1982.3096836302454
2002-12-17,1222.5781214347128,372.1643738762251,1994.465069203396
2002-12-18,1211.929146459985,438.49817921003694,1997.4068795341277
2002-12-19,1221.4907709082668,404.20709529035895,2108.3906806700193
2002-12-20,1211.5303389361604,451.6414104276485,2084.1491135110346
2002-12-23,1214.6592657501353,378.5510939943404,2060.9743005174346
2002-12-24,1219.586870939997,406.0084135746513,2086.0463020578222
2002-12-26,1224.1580858423367,341.1075091599579,2107.194608194959
2002-12-27,1217.2350977164467,391.66918916949993,2020.5735785088086
2002-12-30,1228.946865206408,407.68146685019883,2088.8780775299065
2002-12-31,1236.1886481755246,504.2028196784857,2102.3007932303703
2003-01-01,1230.134709094953,368.94450754992874,2073.9370403290877
2003-01-02,1243.9760995032475,379.733069498521,2067.295706397594
2003-01-03,1237.7987296309316,447.4814183343025,2035.1978652815171
2003-01-06,1247.6988355989142,414.04671859674306,2112.5728575858393
2003-01-07,1252.929029972528,459.5322632187116,2081.3032966215414
2003-01-08,1244.179613512819,445.6299428681642,2030.7147897547623
2003-01-09,1254.682790913801,370.32780992811223,2106.82098532806
2003-01-10,1244.5838943996132,369.10749001770654,2006.9331471782002
2003-01-13,1240.0524960100825,432.8879377936767,2098.211572673371
2003-01-14,1239.9246564789582,458.80035321375937,2080.524428418875
2003-01-15,1225.7365268169724,407.8075730139126,2031.3732021565372
2003-01-16,1230.843154005867,396.11005327171796,2049.561717153678
2003-01-17,1215.5128117960508,369.6789735673902,2009.9916747623156
2003-01-20,1197.4399152052108,316.4891943853556,2018.81532214849
2003-01-21,1193.859184668579,350.51611073241145,2015.5473276007237
2003-01-22,1176.8885354656677,294.8722086749523,1977.3814056246433
2003-01-23,1179.9429961537396,336.1661932045597,1961.6658621485892
2003-01-24,1163.3323572732593,332.4109459362093,1954.811689588684
2003-01-27,1146.1676352451825,382.83305588800107,1966.9691082963398
2003-01-28,1144.4109598968487,342.54482270087146,1984.3282055682885
2003-01-29,1129.945250690065,339.5283632448573,1978.0712629310572
2003-01-30,1136.1106797406835,340.26011358010857,1930.9635612771583
2003-01-31,1123.126657708637,237.05471968306642,1956.9403822775635
2003-02-03,1118.8499718583662,313.75994247041206,1899.9553721066836
2003-02-04,1121.6559090595142,288.0825881285128,1885.1500266000846
2003-02-05,1111.6750634327182,285.24390511290227,1934.144364980018
2003-02-06,1122.12192239013,274.9464705673539,1898.0084600686962
2003-02-07,1113.0953031422036,292.09794113591823,1959.061802754962
2003-02-10,1117.678960661582,276.4964682981172,1909.6538071048467
2003-02-11,1122.1427395089506,233.37669171992098,1974.2958806614063
2003-02-12,1113.0657104087304,346.14983729495924,1953.9342367498666
2003-02-14,1113.9044090014247,290.5130243308488,1925.7087458330695
2003-02-17,1111.679865709653,281.2883331201706,1963.6429008819305
2003-02-18,1112.4355220263596,298.23918481838706,1900.6375932132948
2003-02-19,1099.0426511934968,311.73332396215864,1925.5956003822425
2003-02-20,1104.768822784293,285.48822676150473,1943.4060462423834
2003-02-21,1089.7975578328776,282.22242619058625,1980.0532652694758
2003-02-24,1070.4747634975056,304.1835361300653,1802.3567769607369
2003-02-25,1065.4880314186219,159.80877658928006,1865.401346308907
2003-02-26,1046.536493630875,150.99644608555928,1891.0027738332724
2003-02-27,1047.006156928533,240.56272287223914,1876.2740646913464
2003-02-28,1027.1921753624868,169.84443717628946,1824.4693196467483
2003-03-03,996.7907218397978,209.37678946145604,1886.559856091911
2003-03-04,989.5202617563115,167.0186441130442,1824.8759408074613
2003-03-05,969.0828678801556,207.30335538330186,1779.3877817544565
2003-03-06,968.8968095605541,145.7163358869049,1809.296877916768
2003-03-07,949.2731654443351,108.5757929395042,1773.7007747904806
2003-03-10,924.4387483151471,95.2268068584477,1770.984949695178
2003-03-11,920.5877940176237,92.54288759641226,1703.3442557934072
2003-03-12,904.2677013730224,61.45806152187632,1709.252623471545
2003-03-13,908.8293752023282,127.82037060622079,1727.8639009389296
2003-03-17,888.0511857234817,66.21284129874013,1722.6967053131352
2003-03-19,881.286345124822,29.385681345309827,1665.4949653087792
2003-03-20,892.6258445867528,66.23077910553708,1698.968408616727
2003-03-21,885.0175458587324,116.36272643418151,1763.0607834986395
2003-03-22,992.2804421874184,215.34697271117054,1850.1668974497038
2003-03-24,897.5535171648754,88.79380751094845,1737.829336987763
2003-03-25,906.0811394859832,51.08692097008816,1688.3340803948806
2003-03-26,901.8587402868374,87.99268082980885,1674.461821269433
2003-03-27,918.1073511707822,77.0421985445777,1697.920869135233
2003-03-28,914.9443236709692,94.5363543637017,1811.8554781161276
2003-03-31,937.8227169500803,126.10306181402426,1773.0532770378627
2003-04-01,948.7656447887352,140.9818736410134,1852.7036129459955
2003-04-02,946.4408639464174,30.555807761931135,1797.023793768126
2003-04-03,964.0762510266077,114.49415609302878,1785.9299678573507
2003-04-04,961.800147637291,125.16865001718216,1783.3173603878245
2003-04-07,984.4975153764123,144.3565803489502,1796.3452161666205
2003-04-08,994.496836756934,241.2304191544896,1840.7572902664206
2003-04-09,990.8229302185841,122.32383776115839,1844.9758454388034
2003-04-10,1006.727119104113,157.38161767896904,1886.373825978177
2003-04-11,1003.3471913200714,127.46281849094456,1817.7031354624476
2003-04-15,1028.5742230357623,175.45328919193128,1758.936458173064
2003-04-16,1022.4107113201359,158.4519110470588,1885.439322679748
2003-04-17,1035.6386069146217,191.01377665732923,1863.6289486241403
2003-04-21,1033.974258034228,191.09061411262306,1857.8460567925958
2003-04-22,1037.6776259532376,204.85478306432765,1886.4618590645287
2003-04-23,1027.5472150195399,223.43933782425893,1780.9254227446684
2003-04-24,1036.91589808251,175.33924599889733,1918.522215917666
2003-04-25,1026.0216780377984,181.27451949906515,1845.71375308433
2003-04-28,1021.9129428680916,170.70482667390615,1870.1546189766673
2003-04-29,1023.0608068916313,264.7910884036588,1892.0959459338906
2003-04-30,1010.7828265435554,165.0997741092586,1744.3412712890283
2003-05-02,1006.350269509687,174.5262284910732,1870.5720763777233
2003-05-05,1001.8093955188758,119.3662147784274,1828.5301765094332
2003-05-06,1003.9289677566654,160.8150820869057,1797.3231396728418
2003-05-07,993.1823327816657,141.33249753413958,1861.0583897674055
2003-05-08,1002.9305133678337,147.30567111894976,1791.6097238643654
2003-05-09,993.4238800140811,245.76978310818447,1845.709393311829
2003-05-12,999.3913701628338,148.61020813719693,1802.5681274766384
2003-05-13,1005.7337428423207,196.65782827774822,1767.5304037068267
2003-05-14,999.4550700249589,185.78316863572365,1823.5229359775585
2003-05-15,1013.8365842353045,171.24666356296513,1816.0218562684609
2003-05-16,1009.0436470602563,226.62663665575548,1776.9698968783207
2003-05-19,1028.7432777454114,163.66658947061325,1832.9228894571945
2003-05-20,1039.2296129209997,248.23165249135477,1869.0112016184871
2003-05-21,1036.73673683889,111.44239652801771,1816.5669024966955
2003-05-22,1054.4695408073956,231.7717991405731,1929.0792142558714
2003-05-23,1052.5254561686122,229.1352905110564,1833.5785477911138
2003-05-26,1077.2393639204313,221.89269500502488,1888.6499602294202
2003-05-27,1088.1107023722504,216.99375928828078,1861.481481064036
2003-05-28,1085.3404087101442,241.8302221897232,1927.3962258963552
2003-05-29,1102.1442101543712,217.366374911452,1922.339493520986
2003-05-30,1098.6454073969871,278.9699283122697,1902.6873153520878
2003-06-02,1115.4139397240206,287.4442293767259,1912.0553265592184
2003-06-03,1122.7651391412137,260.78591490610194,1903.2683057903803
2003-06-04,1116.1769686111309,254.66637071310691,1945.8831406105878
2003-06-05,1128.9603708673749,350.7762256703329,1906.5699585105588
2003-06-06,1121.339060964212,320.48087345063817,1926.6738393882838
2003-06-09,1126.1586183113595,343.8604162266813,1960.002986130845
2003-06-10,1130.0015741792995,297.8941080930477,1976.2031241004163
2003-06-11,1120.2972628408595,310.6883762025518,1945.194976698366
2003-06-12,1130.436853502731,363.4171278112614,1996.7660576964192
2003-06-13,1120.7129802071136,301.27475230741203,1992.7268653490012
2003-06-16,1122.9580198295187,328.650627269726,1976.8097394929944
2003-06-17,1127.2731673899284,214.098765716888,1933.3370750141178
2003-06-18,1118.7090059113136,277.40865474398015,1980.3987446181216
2003-06-19,1130.6340346963864,309.10950873538934,1978.753619757294
2003-06-20,1123.302626302156,296.503448851453,1947.7422635711528
2003-06-23,1135.7740081764746,372.07430389609516,2013.6876579863913
2003-06-24,1144.2573372834208,342.57997627523605,2032.0508248336157
2003-06-25,1140.0898977905713,355.0903539089105,1950.4324618895491
2003-06-26,1156.5406383505053,378.5633386669455,2024.3433623254166
2003-06-27,1153.7619334972383,317.1371765443543,1964.054351334699
2003-06-30,1179.0500858951002,372.802623760657,2007.3518194052883
2003-07-01,1191.2135785161836,400.668760936975,2059.634603487557
2003-07-02,1190.2937518246151,355.43755001323603,2054.8211044695977
2003-07-03,1209.4933741197617,370.42695847741396,1997.3274005451062
2003-07-04,1208.9113323230708,410.5793592037161,2010.6099101643679
2003-07-07,1237.152511401167,369.79695729001156,2094.904400266852
2003-07-08,1249.0538487844633,351.34550908105064,2024.2417485078465
2003-07-09,1247.2681621700785,377.1112776029345,2115.2134529637497
2003-07-10,1265.030694009785,515.093773143749,2097.4812489441306
2003-07-11,1262.4851320480477,408.77058255413834,2061.5673736053204
2003-07-14,1282.2766309324575,492.69958541718603,2114.1105759675124
2003-07-15,1290.7453318725418,465.78126303061015,2157.504641790836
2003-07-16,1285.3486091270488,397.50703036180425,2141.4401239654408
2003-07-17,1299.4015137473177,388.7683508568211,2145.1950921945945
2003-07-18,1293.125791153846,411.8641422023786,2135.0278926749584
2003-07-21,1302.3151351268864,498.66185255364655,2165.2936295866207
2003-07-22,1307.6476451230665,552.4381444300318,2128.850048429303
2003-07-23,1299.391844307813,464.33193441078,2035.5314826893805
2003-07-24,1310.893961924735,534.5463704917275,2108.961001863427
2003-07-25,1302.3956702361588,465.5373464047403,2176.321662691592
2003-07-28,1306.9183595946176,429.7851758675398,2127.345053033854
2003-07-29,1311.3207903389043,515.4318663519599,2105.414712299604
2003-07-30,1302.4041822841953,505.64535744738043,2175.480667465795
2003-07-31,1313.4778784002935,507.0997214573396,2116.8482094695496
2003-08-01,1304.7417443105091,502.0143485478721,2127.991011863891
2003-08-04,1309.2414939867629,501.07775766756276,2161.021475071316
2003-08-05,1313.717256543505,502.3443278705849,2114.97229298301
2003-08-06,1304.8472073717437,499.08522193513824,2178.833021418176
2003-08-07,1315.9082821735462,481.6865599609454,2076.8361640715157
2003-08-08,1307.0752361706789,511.9219114160763,2087.7775976973358
2003-08-11,1310.6573745890041,465.38179348872717,2173.8755609285236
2003-08-12,1314.6250719561367,496.9766119941367,2170.886436308057
2003-08-13,1305.1730930056283,502.52024767590405,2143.3833777350574
2003-08-14,1315.6081949477345,536.719443576586,2158.634196340778
2003-08-18,1308.253465666503,508.9793400045453,2204.314034112029
2003-08-19,1312.0450194129983,517.6575689357335,2126.817036268738
2003-08-20,1302.6623499242162,468.5114472533311,2146.688644592036
2003-08-21,1313.4621405465757,504.1170673951929,2163.5409863678287
2003-08-22,1304.7017639140568,432.57949521658065,2138.060914080739
2003-08-25,1311.3061027580084,561.8981316841194,2156.649972919265
2003-08-26,1317.450814992764,498.80031572710675,2164.5916473311654
2003-08-27,1310.8508751907605,457.57178614065316,2089.027483576077
2003-08-28,1324.8447306064068,539.4146409006722,2173.817077566202
2003-08-29,1319.6580851465746,478.85200868617324,2144.079570021936
2003-09-01,1338.7500817049302,502.1987177774717,2184.038949258788
2003-09-02,1349.4167345046517,503.206633369235,2172.473704268399
2003-09-03,1347.379070746855,514.2474129109675,2116.2914360759114
2003-09-04,1365.8809984691331,581.6693145239917,2160.2424393241295
2003-09-05,1365.049510996573,490.28492083859203,2206.748633465272
2003-09-08,1395.2933126437854,631.5516760697851,2230.461826260796
2003-09-09,1408.7228906013188,544.9250957542199,2249.2633465393947
2003-09-10,1408.829822676033,533.9631641490363,2185.303430030279
2003-09-11,1428.7888167937645,628.4792123824631,2255.948063107011
2003-09-12,1428.671115639921,557.0102562025401,2272.8332534557944
2003-09-15,1456.276786519265,616.6193574671865,2323.981659963054
2003-09-16,1467.2147397334115,659.0305231112924,2269.3008057459506
2003-09-17,1464.0601959512103,684.341493221598,2270.143864402477
2003-09-18,1480.037009135147,621.4890940450036,2292.9491810384184
2003-09-19,1475.2828394174735,735.4295500906566,2260.101053960878
2003-09-22,1485.9454607633354,619.2832623536532,2354.937030923204
2003-09-23,1490.5835611096018,619.0873035317384,2266.8085463337443
2003-09-24,1481.004659540316,676.6675378337427,2312.576297691427
2003-09-25,1490.5607669245667,684.7512363839736,2368.2130723003047
2003-09-26,1479.5181647766535,672.588538483526,2285.117268347162
2003-09-29,1473.3356393364033,641.3331818892437,2301.572794542863
2003-09-30,1473.3996280196204,629.0711634184141,2233.6030825595003
2003-10-01,1459.9204493301552,637.8229307741113,2282.6751642443837
2003-10-03,1452.9117212622286,604.5078138084475,2310.987715479342
2003-10-06,1444.6049777411297,597.3768685511042,2203.039651535038
2003-10-07,1445.5861009671269,586.5275827011425,2270.86303141829
2003-10-08,1433.771405145657,659.5370040021536,2279.3195934697387
2003-10-09,1442.5148318595964,628.2230853455894,2273.668220256914
2003-10-10,1432.0503418154542,604.5519157685993,2228.5010301071547
2003-10-13,1435.1368238129025,652.472106548868,2229.7019265620265
2003-10-14,1440.3866084829003,658.9661423131973,2271.7341703114666
2003-10-15,1432.8728956015527,576.0777295783006,2302.8927927545883
2003-10-16,1445.8280275766065,611.4462987707972,2311.262199840462
2003-10-17,1439.3691738846692,603.3266013236283,2255.951551221659
2003-10-20,1452.2048680460414,691.9945355306573,2229.352343114181
2003-10-21,1459.6692614552449,616.6600652321837,2265.9686500877287
2003-10-22,1453.753035330423,672.3641252094524,2222.6497683185844
2003-10-23,1467.656262938619,620.9861112979554,2332.7745426799383
2003-10-24,1461.4835017375947,561.2878202936733,2228.674653177402
2003-10-25,1569.0260157386842,799.7555182826706,2429.6235602750853
2003-10-27,1471.3753599272059,635.0763683064994,2340.274515862905
2003-10-28,1476.7416869061265,588.4093390087468,2243.3449442134875
2003-10-29,1468.2864650576853,623.4462737151904,2303.605526714471
2003-10-30,1479.3013447171586,650.6059859188413,2361.035381647306
2003-10-31,1469.9929710495826,625.8292125555213,2324.9716344000203
2003-11-03,1470.1094627387895,604.1507367624034,2272.618748421013
2003-11-04,1472.4749308736173,634.3352724555084,2261.5377495789094
2003-11-05,1461.3307302504593,622.6310338803736,2308.6151689416793
2003-11-06,1470.0673836868036,641.6783401043095,2277.149976675553
2003-11-07,1458.9789875770175,623.1791793703882,2292.6328872994104
2003-11-10,1457.3974749394292,604.0194227603062,2276.301109356662
2003-11-11,1460.5418833596038,615.8627692667894,2319.896171504506
2003-11-12,1450.8670999233173,642.8936342938063,2288.7011738627452
2003-11-13,1461.7450083862336,592.2133836838373,2303.6391365556774
2003-11-14,1453.431821652662,605.4206774007445,2259.666457591046
2003-11-15,1559.8458169793093,730.9465434726495,2405.0924656858224
2003-11-17,1463.3367581715247,666.3618900569343,2288.3399751321413
2003-11-18,1471.0740235670182,690.2400286347942,2313.337304866015
2003-11-19,1466.2000471510696,618.2069215829606,2299.0264102216756
2003-11-20,1481.9706435963947,596.7921776748997,2300.7301367059217
2003-11-21,1478.522604866303,619.695828822759,2206.386185808252
2003-11-24,1501.6825657140748,605.3822534903218,2301.2719413109176
2003-11-25,1513.0286157379771,677.7550031685754,2290.8185902807145
2003-11-27,1529.3861806974141,662.6993614513584,2365.4386504249383
2003-11-28,1527.660534609318,710.0078095533398,2383.726479039052
2003-12-01,1551.5566397170762,693.768879174854,2360.473719107502
2003-12-02,1561.673728634651,713.4072453389956,2343.1720380029574
2003-12-03,1557.9313422846685,783.6195311350929,2382.5415348263737
2003-12-04,1573.5696720773974,727.017322611736,2369.8162593042466
2003-12-05,1568.7429165892686,747.5367743345462,2396.481650925577
2003-12-08,1580.9394466870835,719.0231392240918,2419.3588120252234
2003-12-09,1586.717263640834,730.5148703904047,2373.3664535510984
2003-12-10,1578.6083874185986,804.537205909882,2379.0300094173826
2003-12-11,1589.9693904396227,804.0940084012094,2451.6260816564454
2003-12-12,1581.066855372314,703.7663182787278,2352.982927450922
2003-12-15,1583.244451796525,757.7243394577781,2398.8527280106186
2003-12-16,1586.6909932234685,714.172534631141,2364.958292032529
2003-12-17,1576.8527586354069,777.175286197189,2342.324168779645
2003-12-18,1587.1183523828709,754.7076434892299,2346.6331062080594
2003-12-19,1577.767190599629,734.0984773989454,2369.921299356911
2003-12-22,1582.3169196885394,732.5448928723118,2445.5947012186457
2003-12-23,1587.6463661012672,698.3979460092148,2407.4642503433784
2003-12-24,1580.1215926800382,751.2927462130341,2471.9394946347215
2003-12-26,1586.5820568569566,730.5313336043005,2356.398694953815
2003-12-29,1600.1341329386341,843.8275748179154,2449.5977869568933
2003-12-30,1608.1928588079966,768.7278652838635,2433.9674766315024
2003-12-31,1603.0780502077382,847.2598275325922,2406.250017669337
2004-01-01,1617.9881779938196,803.0015263348587,2457.4270819456315
2004-01-02,1613.0129845882643,824.9299518064079,2433.9901868026086
2004-01-05,1627.3028247116094,852.501963923028,2386.7343778764125
2004-01-06,1634.2332505540965,812.7074660194845,2422.251063343641
2004-01-07,1627.2820099158175,812.2442288921651,2435.5314871945784
2004-01-08,1639.6645145440377,850.9517218280968,2454.45559923308
2004-01-09,1631.5069124897311,849.6032615188249,2484.2082118201347
2004-01-12,1632.9545601995171,787.2986137401854,2463.699518875657
2004-01-13,1634.7950714252465,765.3634715310935,2444.128732640292
2004-01-14,1622.524834473048,824.9565720246046,2462.9194778651095
2004-01-15,1629.4773559627586,838.5380618260241,2484.4508136118216
2004-01-16,1615.9010843613619,828.1596117136531,2374.1720409898267
2004-01-19,1602.377722133868,821.2461563861355,2449.970139867054
2004-01-20,1600.0371761100332,740.3273419313032,2424.7038187780918
2004-01-21,1584.157842314446,811.1924692189222,2366.7838661646956
2004-01-22,1588.1539391215765,814.0860543318082,2409.5504474319428
2004-01-23,1572.3382758471062,760.0048070672094,2402.960336282285
2004-01-27,1555.317782071074,793.201560268224,2372.8852105778524
2004-01-28,1541.08259384631,656.3558923846896,2386.858581323474
2004-01-29,1547.4197754282159,673.014844650763,2348.6747675144825
2004-01-30,1534.5714768769012,600.2426905037117,2400.082166825832
2004-02-03,1533.75765436092,683.1075427312529,2382.36712966772
2004-02-04,1524.0845821839694,702.7523495575463,2364.9795016991598
2004-02-05,1534.9379781622363,707.2477500376875,2313.1794074149907
2004-02-06,1526.4335261345207,711.78290978627,2390.174062229261
2004-02-09,1533.4009279178842,659.9217036188053,2308.4183431190154
2004-02-10,1538.955829470267,632.0210804137636,2350.884211245177
2004-02-11,1531.12117485926,720.0865998016675,2370.928902262425
2004-02-12,1543.0710729501573,726.762419438367,2364.2953497739277
2004-02-13,1534.8798243568206,678.5698873194261,2338.3717724050603
2004-02-16,1537.9645787360269,747.7009813139441,2297.1667560350907
2004-02-17,1540.6750205099006,670.8276572505932,2383.2504356627173
2004-02-18,1529.2965464732608,740.6217430791596,2353.326367448521
2004-02-19,1537.0746490810216,659.0750078823131,2380.246180414619
2004-02-20,1524.1699381011024,703.2194701433069,2331.200277358286
2004-02-23,1510.9041491797545,610.2991831760601,2329.120546697241
2004-02-24,1507.8152826217704,629.310521607172,2331.9882427050966
2004-02-25,1490.6675501279676,668.4221775531987,2343.287007585444
2004-02-26,1492.8297413234231,681.553393360125,2324.6884042750903
2004-02-27,1474.5822088249633,688.129302256398,2324.5125407774453
2004-03-01,1448.0170078170354,625.6921129631561,2277.0135441551274
2004-03-03,1422.0929104670602,579.901280815399,2205.21695818174
2004-03-04,1422.566117176455,609.6982761251995,2255.1199569104265
2004-03-05,1403.4531977747902,573.4291758806503,2249.746158803971
2004-03-08,1379.3526064011558,530.9040651724201,2199.820239413914
2004-03-09,1375.5213700482775,511.0323405939235,2167.6299863595473
2004-03-10,1359.13311777819,513.7289655042644,2129.515453420873
2004-03-11,1363.5551071182686,564.4975433304053,2219.172469203345
2004-03-12,1349.0391418546205,589.1682669807898,2218.957045508647
2004-03-15,1341.8419166037602,508.5479326675145,2177.4779064964932
2004-03-16,1344.394714336507,494.99391570228187,2119.3538516884346
2004-03-17,1334.613656929849,482.72799275614676,2191.9643812065015
2004-03-18,1345.7744307355383,509.59206053149484,2136.8479585186055
2004-03-19,1338.0393520754737,523.139963749996,2180.637958608138
2004-03-22,1350.6052524672896,583.9235674216005,2148.9210690602094
2004-03-23,1359.3046494953842,479.9385830944691,2184.651580437425
2004-03-24,1355.343589071364,543.5281011182251,2185.5450860545247
2004-03-25,1371.94612115154,539.3106847356618,2158.3956675923814
2004-03-26,1369.2313044006369,576.4010696434431,2212.575146292962
2004-03-29,1394.0202732050782,602.187183951779,2231.087524994076
2004-03-30,1405.7841691309536,594.4372571573265,2203.700645124832
2004-03-31,1404.368347848567,596.5972172157303,2178.2395502065374
2004-04-01,1422.9974567832187,538.6911903315585,2212.775509270392
2004-04-02,1421.7962456320654,614.5519763615825,2222.2510076310823
2004-04-05,1448.1657437892434,634.4485577349036,2285.782111167079
2004-04-06,1459.5242398289997,628.3941648196861,2251.4609473583528
2004-04-07,1457.2697336945905,578.262986724802,2311.7807516517983
2004-04-08,1474.6489375687013,593.825141602947,2259.7493389438205
2004-04-12,1491.1836221616236,638.7561314388236,2319.3179413
2004-04-13,1499.6032715701383,674.2614826377124,2320.9537878244714
2004-04-15,1508.1092469055523,686.6247196752447,2341.8318600324383
2004-04-16,1501.6522711949458,729.4618255703793,2331.121576753981
2004-04-17,1608.6449419491403,853.7919481554385,2426.7631726832656
2004-04-19,1509.3552904860267,677.827121518028,2323.040793265654
2004-04-20,1513.7421354987678,737.1119309188759,2323.6372925171204
2004-04-21,1504.2590424962239,688.7974634324289,2309.9180974768005
2004-04-22,1514.2293321181328,710.123593251012,2349.3955976724915
2004-04-23,1503.8815264075313,663.8595014624682,2290.903055206643
2004-04-27,1502.3780816831973,677.3760612077269,2310.860579834776
2004-04-28,1490.2446106589814,707.0951952690172,2334.354608517539
2004-04-29,1497.961201085034,704.6135106827919,2326.0126853407205
2004-04-30,1485.7998366306472,666.136003901638,2293.9057114926686
2004-05-03,1480.4648307462153,645.7173189229845,2314.4693535447436
2004-05-04,1482.1197248609692,711.1389084637174,2342.263076603211
2004-05-05,1470.817058955847,651.9147082577891,2330.1234197052427
2004-05-06,1479.9260055246098,632.7464206109512,2281.3334337527453
2004-05-07,1469.7069689743116,650.9425245624846,2294.2388587954697
2004-05-10,1473.2235895396434,646.8344485925076,2301.465790720885
2004-05-11,1478.6930375910217,666.3657350098327,2307.3377655407776
2004-05-12,1471.5401749116265,676.3319867262677,2273.2182628119563
2004-05-13,1485.0630344211663,702.3340003053806,2276.932601365831
2004-05-14,1479.44378246593,618.3854382724894,2307.577159178191
2004-05-17,1497.0185331057182,625.6806825604928,2281.1444797715594
2004-05-18,1506.9625887757172,699.0576186756605,2419.902967991426
2004-05-19,1504.030496615306,683.6085300135105,2364.4223835521607
2004-05-20,1521.4361387545637,660.2101391734985,2309.8297648685807
2004-05-21,1519.2835317616814,683.359122933041,2345.7889503364822
2004-05-24,1544.1096944990506,764.7290750630495,2352.1792116349625
2004-05-25,1555.2590930638196,807.5916998176536,2308.6783439975106
2004-05-26,1552.877532418999,697.2912573434211,2402.914843900524
2004-05-27,1570.1709371407221,723.5269856453904,2404.688679819964
2004-05-28,1567.2503817899499,742.6372366589433,2388.4709568417766
2004-05-31,1586.1329106756828,765.9514989551565,2341.6074981845495
2004-06-01,1594.256706750371,757.0948393913511,2432.1725596656456
2004-06-02,1588.4434934539227,729.7820225482493,2372.46576157936
2004-06-03,1601.9847830862452,711.944025661509,2425.051227483304
2004-06-04,1595.0852083820773,726.2196304122408,2328.0320720911395
2004-06-07,1601.6771853298007,769.8303006718222,2446.564699584925
2004-06-08,1605.9293978562773,811.4771705537898,2441.3502341668072
2004-06-09,1596.523588775734,740.1987375843347,2437.5769036476736
2004-06-10,1606.8427910216838,815.2011173946969,2427.8298692618964
2004-06-11,1597.1743878047141,805.0737736867774,2434.1835752970073
2004-06-14,1598.833994403313,827.2756493401545,2459.507407715698
2004-06-15,1602.7162444365183,798.9383248524929,2450.0845419963825
2004-06-16,1593.6139844189433,721.7129585552589,2431.7997498683085
2004-06-17,1604.9078471608098,817.2235456048803,2418.3667250900844
2004-06-18,1596.8665518450869,790.5495257258221,2407.0042529113102
2004-06-21,1606.9045860973165,751.9738481982192,2424.216285616856
2004-06-22,1614.5371301502064,770.7978253404124,2446.3550851535565
2004-06-23,1609.5308888039767,781.118410941518,2429.209085238448
2004-06-24,1625.17351993442,792.6051595584435,2456.083462167059
2004-06-25,1621.6351992033622,829.3670726328987,2421.0855778519003
2004-06-28,1645.0910249604565,791.9067968625678,2456.5553345807407
2004-06-29,1656.8344331497995,840.7400916295571,2423.1798992866943
2004-06-30,1655.6048006816038,852.6184879353508,2493.1363147983798
2004-07-01,1674.6098526749906,884.4644347746219,2523.945711793362
2004-07-02,1673.9506287135998,859.0291918612361,2481.7689386334378
2004-07-05,1702.6446732578654,852.8357011397798,2532.973570659564
2004-07-06,1714.9055410701899,855.7000541330063,2549.7853878276396
2004-07-07,1713.5681905622057,904.8262205012596,2567.506870105649
2004-07-08,1731.8557746718284,841.6856878903782,2573.6231025138018
2004-07-09,1729.8985258269133,928.4095906403534,2610.965127955877
2004-07-12,1751.688049604201,915.4082363700281,2544.8883082205402
2004-07-13,1760.8506074992724,953.9003027375612,2587.1942473500944
2004-07-14,1756.137686814045,946.4435493002883,2565.6032597561043
2004-07-15,1770.8513321204819,928.6800602603065,2592.3956809327365
2004-07-16,1765.201680655643,914.0462202651004,2553.6518134845664
2004-07-19,1775.9715279910806,962.499317878953,2581.548888716284
2004-07-20,1781.711768499365,978.418478945039,2612.9794360304945
2004-07-21,1773.7995332769397,962.808155749006,2614.7025268686207
2004-07-22,1785.5814664154077,1003.2581020505597,2561.7049805493816
2004-07-23,1777.3016436708178,888.6215675222354,2574.051751339473
2004-07-26,1782.1613751660889,977.5641978018042,2607.0288891421287
2004-07-27,1786.5933056188267,905.2993293089733,2585.3433954758175
2004-07-28,1777.6786505485202,973.662208503352,2556.11040871505
2004-07-29,1788.7356857129123,1004.6123013134119,2596.6753284636275
2004-07-30,1779.973102722856,963.8951859141465,2596.5508198936463
2004-08-02,1784.4140644011234,941.9657246070317,2595.0933253798726
2004-08-03,1788.8983134315881,959.980108998875,2631.6652137168453
2004-08-04,1780.0578901019085,968.6292639172983,2623.922800451828
2004-08-05,1791.171472770434,1047.4369495140102,2637.545599679455
2004-08-06,1782.4137233693793,991.0228394482205,2623.2729062806793
2004-08-09,1786.3299598826668,989.1888996171288,2625.1855518130333
2004-08-10,1790.4270020719352,1016.1025573897076,2570.256477350764
2004-08-11,1781.1006294097876,941.8616656621482,2632.5623220108223
2004-08-12,1791.6482808000824,897.6073320475119,2574.6738831283583
2004-08-13,1782.272327894859,934.5645316348381,2566.3492910686095
2004-08-16,1784.4108795021052,969.5344486431778,2604.135229005271
2004-08-17,1788.0993322646987,969.6892056778169,2641.427396944512
2004-08-18,1778.543635007537,951.5486548272963,2556.244094260429
2004-08-19,1789.0944045702572,942.6099148643175,2578.381953796405
2004-08-20,1780.0048495694211,960.0842120269352,2590.7403190546065
2004-08-23,1785.1326158234162,951.1834826037888,2600.945225786143
2004-08-24,1790.6316771901982,969.2580983661582,2577.1658348706123
2004-08-25,1783.320454120218,933.6343705276628,2614.3555510658894
2004-08-26,1796.547747461535,977.9848559987514,2611.8049533067283
2004-08-27,1790.5518675774883,1018.213669240888,2635.435178448159
2004-08-30,1807.1142576142167,1000.2326623146536,2578.1485685367775
2004-08-31,1816.9619698051908,993.1596239980923,2644.9891782273967
2004-09-01,1814.1485440219503,1005.7048209366246,2656.0623055850206
2004-09-02,1831.9366770795373,940.1146672140827,2626.7536752945994
2004-09-03,1830.4715531883896,1048.7166984900784,2657.6336177266867
2004-09-06,1859.4578311362711,1001.5530954138151,2612.345803433191
2004-09-07,1872.7270784292723,1009.6076119308516,2708.048989655506
2004-09-08,1872.8189723903947,999.5304037997588,2677.2142589983423
2004-09-09,1892.9132513930897,1053.3526851037755,2773.4074317670456
2004-09-10,1893.0828622742852,1094.7955704192066,2729.596134167238
2004-09-13,1922.4277591167195,1128.3185268408358,2707.0159251845253
2004-09-14,1934.2091337017857,1087.785455272029,2725.814534526219
2004-09-15,1932.0074314063252,1071.7276441531992,2739.254041508494
2004-09-16,1949.0287872984914,1141.9790795648676,2767.233869867598
2004-09-17,1945.390822225975,1134.8075483348166,2819.3799456032716
2004-09-20,1959.607022988175,1177.7647358038732,2794.5094207305337
2004-09-21,1965.4186032418997,1109.1820263074858,2781.327238635021
2004-09-22,1956.9678431707673,1124.4374537445563,2885.578420845508
2004-09-23,1967.584040805581,1173.032697224314,2798.368316450585
2004-09-24,1957.512362306189,1165.6464858833044,2765.834270995471
2004-09-27,1953.5313122523985,1171.515030482995,2704.224218642344
2004-09-28,1954.047953223147,1165.9977599396213,2761.0582832455907
2004-09-29,1940.8673313462973,1168.6502721483737,2776.1901955892163
2004-09-30,1947.407674382664,1109.254696691016,2754.172060724435
2004-10-01,1933.9871743406213,1128.7068845700599,2765.791215496628
2004-10-04,1924.7778393251674,1095.808824157286,2791.9864104302787
2004-10-05,1925.2109290551589,1081.175447021032,2748.908413950284
2004-10-06,1912.752233011773,1087.3234249912941,2720.276057588405
2004-10-07,1920.7758128130533,1163.2263169180083,2681.3909925971006
2004-10-08,1909.5373773997806,1023.7363367422489,2684.7929461613576
2004-10-09,2012.9525239109917,1192.3841494168123,2822.9146539282565
2004-10-11,1910.2067541918761,1053.8347585136867,2765.832041378601
2004-10-12,1914.6951065799199,1057.840230169409,2748.945352141559
2004-10-14,1918.8057388420218,1055.9806614736626,2750.3459885283937
2004-10-15,1911.8125203085738,1166.8649286170016,2758.240924858726
2004-10-18,1923.7183146713783,1111.8223922628108,2791.6708668508736
2004-10-19,1931.1186723822723,1075.7784260500043,2770.0182353521122
2004-10-20,1925.2629171308663,1103.1630542915923,2757.7325278168632
2004-10-21,1939.3464628402044,1122.9640259184957,2767.3513623738477
2004-10-25,1944.7733414465988,1131.687519110486,2781.9548470552472
2004-10-26,1950.7352782187625,1152.3369791633916,2772.143528012582
2004-10-27,1942.9045073950235,1089.4665212808782,2777.2231873361393
2004-10-28,1954.5511760492109,1071.803063470571,2840.6066238026992
2004-10-29,1945.860140921245,1155.4132439782165,2770.863772454583
2004-11-01,1947.5328595210506,1124.6458851493387,2766.2692113976186
2004-11-02,1950.2558855314473,1095.8386066362334,2769.952115991181
2004-11-03,1939.3628051316934,1058.2015601201654,2703.6893907912427
2004-11-04,1948.2328701156418,1142.4621281803716,2731.79489557586
2004-11-05,1937.1522299137525,1206.6502257810575,2739.228977395916
2004-11-08,1934.8146878729528,1089.7007784233601,2738.3252898338683
2004-11-09,1937.457363073387,1117.4285242119347,2761.3041098584326
2004-11-10,1927.169998237974,1071.8277707301374,2744.87775346139
2004-11-11,1937.3378425172973,1098.5564849007794,2776.5319174946367
2004-11-12,1928.2333107472007,1083.116632788763,2781.091367944623
2004-11-16,1942.293949905067,1174.404522264983,2720.9217908968985
2004-11-17,1936.5300193108096,1079.3966997687887,2742.859154410323
2004-11-18,1951.457362029854,1179.0038889902225,2767.5639804399143
2004-11-19,1947.23366883694,1083.2071186842084,2733.8093045295477
2004-11-22,1970.036678581187,1171.298287768593,2788.743489313787
2004-11-23,1981.5058417603095,1171.972487172307,2896.0053782902687
2004-11-24,1979.9392439580313,1201.7670536870016,2842.84407949262
2004-11-25,1998.5234885334462,1155.6049028213504,2795.528520634975
2004-11-29,2023.6524981897653,1195.055939062118,2912.8947160279645
2004-11-30,2034.8051276206431,1206.4676845883853,2836.3573126275123
2004-12-01,2032.1882724800719,1193.72481646565,2879.8934424091185
2004-12-02,2049.023501698039,1173.6040781397517,2812.1204104617095
2004-12-03,2045.4446459128658,1235.4112855907013,2921.522359375894
2004-12-06,2061.4733099863342,1248.9233325057103,2865.864287577784
2004-12-07,2068.485137701716,1214.383599606226,2845.8155679792467
2004-12-08,2061.554157033144,1196.530638687029,2880.162498867423
2004-12-09,2074.0187054197418,1269.1247838336083,2898.296078095094
2004-12-10,2066.1294847826775,1187.0744994205293,2867.369913203624
2004-12-13,2070.690892249744,1200.35676706701,2864.9955275729717
2004-12-14,2074.691887164753,1242.7942297204763,2845.6363603711957
2004-12-15,2065.286331036792,1351.1731342092778,2976.312814210658
2004-12-16,2075.8673038872403,1279.847635000326,2866.532658277809
2004-12-17,2066.722223777551,1205.904793567933,2913.279933934402
2004-12-20,2071.3618058959464,1214.1172054144574,2858.895650226127
2004-12-21,2076.600670772485,1291.4014196608027,2890.797010580447
2004-12-22,2068.9577437172857,1243.0785703914248,2893.822029288152
2004-12-23,2081.752545203684,1239.6983716896227,2871.992056888829
2004-12-24,2075.1850979748215,1258.5080020921257,2945.8864969975275
2004-12-27,2088.7136806833532,1285.39831268957,2913.7762903518465
2004-12-28,2096.928570057117,1188.9929234124822,2927.5832854014984
2004-12-29,2092.078147707316,1286.7214197438407,2898.1695361672864
2004-12-30,2107.3724584199094,1240.4796827333807,2935.2860333053463
2004-12-31,2102.9095291218046,1239.4511458012535,2917.4762586026723
2005-01-03,2119.533587675306,1216.339896650986,2937.1571394835414
2005-01-04,2127.4989857789424,1298.8224045095105,2926.5823878240967
2005-01-05,2121.697621001577,1317.8380033285248,2954.4238585683283
2005-01-06,2135.3317167669984,1280.418824316684,2923.8415630205486
2005-01-07,2128.511298252489,1332.5321509122327,2968.8054636140027
2005-01-10,2134.2882140646693,1273.1618192679905,2953.625804518944
2005-01-11,2137.604617017517,1302.7502944198689,2949.3498826478103
2005-01-12,2126.788264198147,1271.2663671379178,2956.266932939088
2005-01-13,2135.149797648816,1319.9894824306562,2928.081415023193
2005-01-14,2122.9157858993767,1326.9364162755912,2998.873339087665
2005-01-17,2112.8267244478175,1293.616738289729,2932.2923408279185
2005-01-18,2111.381962103835,1340.9731287292516,2957.8839453053806
2005-01-19,2096.2558868716433,1324.3631823839853,2937.8362725479783
2005-01-20,2100.8571728310944,1232.3841810057386,3008.147160786588
2005-01-24,2070.4289752124632,1245.3490377865744,2868.719502177603
2005-01-25,2068.8964877397425,1194.1191822828457,2932.9593676698446
2005-01-27,2060.533562386836,1227.1674792447304,2901.0979536143554
2005-01-28,2047.3460564349016,1202.6711512828672,2893.6348463553445
2005-01-31,2042.3237960786023,1193.830162532099,2858.571370696364
2005-02-01,2044.993764581776,1244.7734302091103,2843.4217832831623
2005-02-02,2035.00888171406,1183.2405501222097,2863.7008419563626
2005-02-03,2045.624725027024,1214.817838721712,2866.800140652476
2005-02-04,2036.9768632828993,1160.20807050557,2901.4333290473187
2005-02-07,2044.239857036776,1204.6442339405794,2841.1249664274574
2005-02-08,2050.1735994697383,1233.2582979107167,2876.1575160913812
2005-02-09,2042.8685298731925,1293.5769666975575,2832.4980726347885
2005-02-10,2055.4996274024834,1232.7981910392193,2817.877226105372
2005-02-11,2048.13836229531,1194.2432622376355,2809.869917617218
2005-02-14,2054.5244677816404,1259.8147286294418,2923.6270362840824
2005-02-15,2058.5626851888496,1244.2513630160618,2975.3191777310403
2005-02-16,2048.597221941201,1270.5014311255973,2860.3868373579207
2005-02-17,2057.8532735302506,1197.0093558041385,2872.850202664181
2005-02-18,2046.4696640723125,1143.8858167819435,2862.444180146419
2005-02-21,2037.796941917429,1245.4960410333135,2845.652892873182
2005-02-22,2036.1726019477596,1238.1724599787362,2863.0507153442486
2005-02-23,2020.4197373987263,1216.6022603209494,2802.1460909694283
2005-02-24,2023.8873801035102,1208.6129299532756,2826.9209734419846
2005-02-25,2006.8381115562358,1112.1018865435883,2821.4845490774997
2005-02-28,1983.083581708822,1181.548831080732,2779.4170417496834
2005-03-01,1977.4259072146165,1186.6157007221093,2812.8760242432104
2005-03-02,1958.2880341610107,1157.6798633738786,2730.554235464319
2005-03-03,1959.0901602911918,1149.4269672248377,2771.9810368977423
2005-03-04,1940.1510507827147,1193.1450906186335,2765.2544021469444
2005-03-07,1915.703317732673,1088.7898894499701,2782.968591135372
2005-03-08,1911.4996242284506,1073.3580503744636,2706.89685428403
2005-03-09,1894.631943556591,1044.2148196692465,2674.069368581831
2005-03-10,1898.4826689947297,1073.1335856071141,2743.0131691860993
2005-03-11,1883.319760308821,1108.1273877208357,2707.081688781236
2005-03-14,1873.89671825187,1051.6892992943513,2730.163789730776
2005-03-15,1875.6689736575117,1059.7972952580483,2667.5608727151966
2005-03-16,1865.1151474824496,1114.0565876228259,2652.7041753826734
2005-03-17,1875.525906881123,1054.0525027703409,2682.920939981892
2005-03-18,1867.0773842478682,1056.350186136897,2694.1251950099836
2005-03-21,1877.8397863267205,1080.3538239985182,2732.9863544205377
2005-03-22,1886.0818516409965,1021.1857015938842,2674.212691707857
2005-03-23,1881.7472406251577,1094.8289296734176,2762.1647435120944
2005-03-24,1898.0648132440726,1081.4560133524485,2725.5564690423253
2005-03-28,1919.932978705761,1072.8963524435503,2757.6541087547484
2005-03-29,1931.8804778915057,1100.3739700668668,2739.309401901858
2005-03-30,1930.7396048081291,1142.08142429609,2724.1543988287485
2005-03-31,1949.7323912441022,1115.50698299381,2791.2225739831392
2005-04-01,1948.9804652658695,1120.3014146595197,2820.5422328426903
2005-04-04,1977.1749779452084,1205.0879893193865,2805.4927240971288
2005-04-05,1989.2875290850886,1164.6394647882323,2772.756296727689
2005-04-06,1987.8528676792826,1157.164506385779,2849.4083814460264
2005-04-07,2006.1132712838273,1131.629659371945,2835.3125918941037
2005-04-08,2004.2121113003438,1239.9835724935142,2834.0669535896445
2005-04-11,2026.6920419456646,1235.5124319682277,2858.069138072004
2005-04-12,2036.2269730861967,1190.1992169138962,2855.3524675627514
2005-04-13,2031.9222353004325,1221.7800671215257,2861.560059459327
2005-04-15,2041.7780811436346,1255.5210748475351,2894.355712827102
2005-04-18,2053.068296595042,1308.6638069066175,2812.666172303985
2005-04-19,2058.63202222188,1306.5012134172252,2844.041396147891
2005-04-20,2050.301444536789,1181.1753825313374,2877.0108191984705
2005-04-21,2061.3904698223146,1229.9097270835346,2768.40690458547
2005-04-22,2052.118076555372,1161.5160792119812,2834.9427939804964
2005-04-25,2052.100084180567,1213.3522613591424,2895.842964003461
2005-04-26,2054.297075981226,1187.8393671208905,2932.8564693490925
2005-04-27,2042.886894220363,1251.989773952107,2924.890622506724
2005-04-28,2051.2336194823715,1190.0918024401194,2836.532725408001
2005-04-29,2039.6041192468444,1211.1219031572166,2852.4993641333103
2005-05-02,2035.2469706538066,1203.733861878355,2842.1702461267796
2005-05-03,2037.0213160434535,1228.6069277733286,2882.3509420177184
2005-05-04,2025.739337283527,1206.4651264638526,2801.5782900551135
2005-05-05,2034.775886389719,1247.803683379927,2838.875633350191
2005-05-06,2024.3990309676856,1231.2878464066803,2858.2381309450043
2005-05-09,2027.0341561680746,1236.4617169043022,2854.6586638805425
2005-05-10,2032.1167646159324,1230.4223138640764,2862.4017966914917
2005-05-11,2024.555365963844,1152.4767393216425,2844.007966397134
2005-05-12,2037.6642687582437,1175.4900331675053,2912.8663214783646
2005-05-13,2031.6423799461318,1147.8037650985523,2889.6478682462207
2005-05-16,2048.243728369128,1310.8814083369211,2897.1732365862385
2005-05-17,2057.994051314181,1242.2897079402353,2867.955974982704
2005-05-18,2054.957060399286,1233.0167360693208,2895.8380771261013
2005-05-19,2072.358272360402,1259.898476956945,2893.768568296967
2005-05-20,2070.311258187543,1280.827008683046,2854.215750954847
2005-05-23,2096.173450983097,1245.4018007886218,2892.6916202152765
2005-05-24,2107.914282217577,1228.9667491153557,2906.69172418311
2005-05-25,2106.243369502828,1285.8699582668648,2890.836668225115
2005-05-26,2124.360141782922,1330.7429354748533,2963.556171165602
2005-05-27,2122.3665111760006,1265.7381817345056,2906.9070192123672
2005-05-30,2144.5238947126827,1315.1493473306487,2959.9415436259264
2005-05-31,2153.8517330486466,1355.92644297957,2946.1211994635505
2005-06-01,2149.2689780971878,1323.3243016521635,2981.020093002419
2005-06-02,2164.0479429935785,1409.0696965920258,2953.334237406814
2005-06-03,2158.373817211764,1370.8155254111057,3027.8044233270593
2005-06-04,2266.1245102042017,1475.9718755686788,3094.0193256037874
2005-06-06,2168.380610035993,1357.641398263249,3018.897587398286
2005-06-07,2173.6265054815003,1344.9923649472146,2990.1384422410724
2005-06-08,2165.1175341672315,1361.0493216398902,3006.9229256703557
2005-06-09,2176.2252822070977,1355.7044293290608,2990.760190224289
2005-06-10,2167.228304464544,1310.9169055562193,3007.5564428546086
2005-06-13,2170.154622750987,1374.511744121678,3006.5216379680496
2005-06-14,2174.2101521055133,1335.2583816320869,2968.4172178842837
2005-06-15,2165.1643841934056,1289.749386310814,3047.3800531933343
2005-06-16,2176.4068883038226,1286.6145895317163,2987.6897355387687
2005-06-17,2168.2179128049142,1363.196717990668,2968.858354147814
2005-06-20,2177.382543688266,1319.1680775921277,3019.4834196302986
2005-06-21,2184.6377505684877,1376.9975635639425,2952.9259419476884
2005-06-22,2179.242197768613,1394.364135562812,2959.0526845067734
2005-06-23,2194.5027351875597,1378.7993873103799,3061.7338523559756
2005-06-24,2190.608403323474,1313.221214990237,2994.2923946661226
2005-06-27,2213.3268021005997,1426.2867968413484,3017.788383723683
2005-06-28,2224.9848809946902,1341.5508551820808,3049.2471509790225
2005-06-29,2223.770175198525,1435.8644916543342,2987.8845018965676
2005-06-30,2242.898761917138,1430.404525414443,3069.1494120777606
2005-07-01,2242.477330335372,1401.3179860419725,2994.956540158439
2005-07-04,2272.5848821528857,1439.1663530271212,3062.542532219837
2005-07-05,2285.541435722721,1474.8082385268347,3107.4023639844454
2005-07-06,2285.0012046858646,1493.6338130978988,3152.263779499872
2005-07-07,2304.17747847721,1472.6091047863556,3115.4423077686693
2005-07-08,2303.1888010409125,1496.2997330530604,3100.7037450522325
2005-07-11,2328.226908806797,1491.1703644543998,3137.321751708405
2005-07-12,2338.53748930445,1533.2802783370632,3173.731151089323
2005-07-13,2334.9802571727387,1601.215119264149,3189.2900488878304
2005-07-14,2350.842968799624,1540.8997541269048,3171.6124551184507
2005-07-15,2346.322454823634,1517.2888338194105,3146.259014953192
2005-07-18,2360.248575224147,1521.8220248571843,3203.7798681931304
2005-07-19,2366.935604950644,1445.926676206491,3127.77382269171
2005-07-20,2359.9084445425847,1571.2484350054128,3233.191066325829
2005-07-21,2372.511509783492,1519.9604984430782,3161.293936984838
2005-07-22,2364.988773234179,1486.503924451479,3163.2714845993696
2005-07-25,2371.7637720238113,1539.9397657508343,3223.01605094104
2005-07-26,2376.7332497655902,1491.7665733691867,3229.905043719756
2005-07-27,2368.317837826608,1534.9511680567696,3175.7784840719346
2005-07-29,2371.530417605017,1555.9744617883262,3141.768842435999
2005-08-01,2377.278824169623,1563.0527709520672,3206.1779057062868
2005-08-02,2382.211711877011,1599.7466085272904,3255.098934142262
2005-08-03,2373.8364531687835,1666.5235589910985,3213.6194475053867
2005-08-04,2385.4356266816676,1563.16452483719,3250.9161105647886
2005-08-05,2377.186084126343,1628.8740049636356,3190.0944234624926
2005-08-08,2382.757064112835,1487.019427720093,3214.7873454692185
2005-08-09,2387.4380699033777,1557.8174817190252,3173.6263470044782
2005-08-10,2378.7021157343897,1548.0443633691232,3179.321418055904
2005-08-11,2389.838630971605,1578.2238136782648,3248.886529948592
2005-08-12,2381.0408918362145,1586.5537682041856,3218.5760886198636
2005-08-16,2388.8732492916265,1615.5229936729284,3271.9102078889437
2005-08-17,2379.692274203472,1548.1461211756941,3231.692996421316
2005-08-18,2390.5496176944503,1587.7441308669775,3195.7748235601252
2005-08-19,2381.6919929143382,1519.616123506814,3262.437736284749
2005-08-22,2387.0317515559964,1566.4996413223869,3227.011594286876
2005-08-23,2392.439534610166,1588.513524485137,3201.0307020756177
2005-08-24,2384.9618880464122,1560.9071412364046,3224.5175826682325
2005-08-25,2397.954911442779,1662.8929682608566,3168.021285914987
2005-08-26,2391.666675018746,1583.8807927202529,3238.470210483498
2005-08-29,2407.134171675717,1566.658177252411,3240.4402677951593
2005-08-30,2416.5969643403837,1585.101546355876,3174.1373733690834
2005-08-31,2413.4182440187888,1542.2717750245074,3237.025960512497
2005-09-01,2430.8795302251237,1586.9248453146786,3216.583600196585
2005-09-02,2429.14486576985,1618.6431992656521,3181.0748901653583
2005-09-05,2457.8448526728866,1609.5980770245596,3305.7401709360456
2005-09-06,2471.245429849056,1646.1518032578138,3312.8784025350396
2005-09-08,2492.1071138817274,1736.6284404009305,3348.477500597667
2005-09-09,2492.8356197760695,1689.5205172108995,3363.5143822550117
2005-09-12,2524.761728004072,1686.682339878541,3306.184993946744
2005-09-13,2537.6904922591098,1708.6555591919357,3310.1941494502
2005-09-14,2538.184502871255,1751.6978575995818,3320.5077111132355
2005-09-15,2558.0150103809096,1731.5288067771387,3386.488730180878
2005-09-16,2557.282562286543,1738.3957344432013,3395.11823534105
2005-09-19,2580.5891337037456,1799.8927722929495,3381.052934432425
2005-09-20,2589.4795291046134,1743.6569084435705,3456.735403862489
2005-09-21,2584.092005796675,1717.5589538806512,3429.467099984057
2005-09-22,2597.7319628802543,1722.6996962331884,3385.4946510145755
2005-09-23,2590.6215429450644,1734.3968027458295,3436.3023772528595
2005-09-26,2594.9441170449363,1704.3765045679063,3413.6624759615715
2005-09-27,2597.9788226228416,1802.948039830368,3450.847240222558
2005-09-28,2587.170639478946,1737.2768009251029,3369.5917982583796
2005-09-29,2595.9305538074377,1765.7858011585208,3433.967641924444
2005-09-30,2584.573275007973,1727.9260520516307,3399.786601027437
2005-10-03,2580.638101836631,1736.8435826242387,3432.6613221501716
2005-10-04,2582.550152714526,1750.2498559651058,3341.0283838223513
2005-10-05,2571.4524189482063,1842.6057212793235,3414.2930222192103
2005-10-06,2580.7362839977586,1744.325744250199,3357.794914642692
2005-10-07,2570.6770822485882,1713.5088379632105,3364.0495152412886
2005-10-10,2574.6171303153847,1737.1962188630728,3358.968631259368
2005-10-11,2580.183264099304,1803.632149049764,3376.0085614452996
2005-10-13,2586.5654588662755,1758.0465296917548,3362.8702226614555
2005-10-14,2580.806452271339,1803.0743791101365,3360.1772522903166
2005-10-17,2597.001838336784,1780.89699531755,3442.9704358511594
2005-10-18,2606.0637385336067,1803.1270012506584,3418.4383461893817
2005-10-19,2601.9946300109305,1817.114036120148,3457.2638933468556
2005-10-20,2617.9899175900796,1809.7440947491575,3416.5642833447337
2005-10-21,2614.1421964704004,1792.976495199724,3443.492509993907
2005-10-24,2632.187202164196,1846.7379749106385,3425.210239113951
2005-10-25,2640.5619969837467,1860.2894979677214,3453.84109462792
2005-10-26,2635.1984624325264,1853.4921273034693,3496.8668855745314
2005-10-27,2649.3464668775705,1842.1210879077253,3418.4130275536227
2005-10-28,2643.1695325094793,1859.573248751331,3477.650999275183
2005-10-31,2652.2449310796756,1791.9181243267496,3500.742430738091
2005-11-01,2657.3202924305774,1856.2073821641743,3458.151040738024
2005-11-02,2648.6913628195516,1797.1694809612961,3482.97268195653
2005-11-07,2653.7260741093223,1826.061050284555,3503.8758220477366
2005-11-08,2657.9015705871557,1837.934474984913,3441.30279571455
2005-11-09,2649.024008524333,1846.7042949750492,3472.7896994595653
2005-11-10,2660.48795394487,1870.8174326139203,3428.9806946260014
2005-11-11,2652.5784175462563,1822.6064824159787,3553.5524903185324
2005-11-14,2662.9621175092757,1848.8722415865743,3460.1647112027135
2005-11-16,2665.95414327007,1864.6265300580937,3491.0381551224705
2005-11-17,2681.865373974145,1818.6986851592198,3490.547993396775
2005-11-18,2678.6668416425728,1857.426335325808,3527.334081032463
2005-11-21,2703.6124609421536,1889.7359243549383,3528.0703387959957
2005-11-22,2716.004287313058,1868.0662070489009,3532.2641081269217
2005-11-23,2715.4868451845164,1900.9123398588329,3510.025685981422
2005-11-24,2735.2552728023575,1901.0818903098645,3591.6074938569086
2005-11-25,2735.395088107504,1912.8023791261369,3550.3965159430045
2005-11-26,2849.66463950581,2036.7321901493005,3711.033208323161
2005-11-28,2766.5145355965,1955.880375624676,3568.6919383406953
2005-11-29,2779.526672833508,1942.2606891853275,3572.783106952555
2005-11-30,2778.879342335713,1937.8881432767266,3658.0434727948964
2005-12-01,2797.778406718828,2032.2507492740244,3612.9055121430224
2005-12-02,2796.33959511221,1976.2171194273046,3640.658365920085
2005-12-05,2819.0398206726127,2005.9756793570346,3649.640982050274
2005-12-06,2828.2865404269683,2022.475490313938,3719.4851635492582
2005-12-07,2823.559657985651,2000.4561604843977,3645.1844248357966
2005-12-08,2838.1770574351644,2003.2445427260316,3675.710165119254
2005-12-09,2832.3706946095103,1965.3803166177822,3643.4337442724122
2005-12-12,2842.6094329814323,2005.3351068596244,3673.6829578035795
2005-12-13,2848.276951555599,2013.8761343957171,3733.95489867031
2005-12-14,2840.41570063367,2055.0561053640668,3613.098589596133
2005-12-15,2852.4186535283034,2030.2318756686918,3776.473072224632
2005-12-16,2844.5767976765374,2025.8223904427998,3609.347112323577
2005-12-19,2852.5014036783723,2078.850253610645,3684.8707420619935
2005-12-20,2858.6718629847333,2060.858781836455,3656.4322267305315
2005-12-21,2851.9076273933665,2057.6601346884627,3695.0914808058556
2005-12-22,2865.548325616408,2032.1285368524589,3663.907614961353
2005-12-23,2859.8151913876513,2051.0742057796238,3643.9443784190394
2005-12-26,2875.993051000498,2034.1445110109614,3681.3228848803383
2005-12-27,2885.2086892419757,2063.944136558606,3736.782999529529
2005-12-28,2881.4486733017998,2041.6026344845761,3653.836225286123
2005-12-29,2897.9382438390467,2059.5351472480315,3777.8498030065066
2005-12-30,2894.7877741013217,2069.2157421082634,3727.025713771001
2006-01-02,2916.126142355758,2081.9074634434046,3725.5367242571174
2006-01-03,2925.92849377925,2087.036475102149,3754.348013617796
2006-01-04,2922.0908286025897,2088.18726651869,3718.696111749791
2006-01-05,2937.806323843886,2145.8068658814245,3788.8351279197395
2006-01-06,2933.1726071963003,2054.3770428420466,3805.1504619852253
2006-01-09,2945.9745485184662,2109.245309025184,3767.9579891408316
2006-01-10,2951.7208317290515,2178.023293476089,3800.9278354359735
2006-01-12,2954.1236029803817,2109.7873611428145,3711.116194729784
2006-01-13,2944.271057241042,2120.9234588448685,3734.3159544496657
2006-01-16,2940.8769279395947,2075.871801189402,3791.2909323712875
2006-01-17,2941.4519475863435,2156.577198256821,3796.9423918832276
2006-01-18,2928.215127600634,2104.845607122953,3760.9695162882067
2006-01-19,2934.565104082716,2073.5475205427992,3724.599857413254
2006-01-20,2920.806451020516,2091.4659247911522,3777.5947073728407
2006-01-23,2909.653249073558,2117.486076016184,3741.3333673384573
2006-01-24,2909.145146488069,2061.8875942200616,3666.3016963549644
2006-01-25,2895.6213118116057,2042.51603897939,3637.7471584986483
2006-01-27,2889.993011978501,2053.711184041063,3634.655112443322
2006-01-30,2886.7531983334416,2103.8638366902583,3724.795834466665
2006-01-31,2889.9848992052134,2092.440852985992,3690.899232220888
2006-02-01,2880.5852745416314,1998.2508755818303,3744.956056946962
2006-02-02,2891.8332165476195,2067.0724044716053,3703.2867915266365
2006-02-03,2883.886428255559,2048.7226129911605,3673.1356080780192
2006-02-06,2893.858837567793,2018.9935715133522,3659.648115284683
2006-02-07,2900.9489791171013,2069.8769656122213,3795.5230437308005
2006-02-08,2894.944771805776,2084.954886910119,3749.091281405771
2006-02-10,2903.2679670195216,2068.6622432581107,3720.109008366271
2006-02-13,2915.3350556772602,2098.02546098957,3706.738463101987
2006-02-14,2921.5281630182917,2067.7754218652285,3726.9007557151053
2006-02-15,2913.82535381552,2065.3785849341825,3731.5431361498745
2006-02-16,2925.434077556687,2098.9685849400607,3748.613919880738
2006-02-17,2916.473312118526,2048.291691616435,3702.216491798224
2006-02-20,2915.270574018223,2068.103550426563,3786.1040263060454
2006-02-21,2916.1268251858573,2106.8467458340565,3713.3603338407106
2006-02-22,2902.8117566835,2031.4563791024107,3736.9043166652855
2006-02-23,2908.6527399043375,2102.3027764757053,3734.517501945573
2006-02-24,2893.8921636800555,2078.4933840443805,3726.987588258833
2006-02-27,2876.3243731266957,2006.1944235772808,3770.6164626895197
2006-02-28,2872.4577727814008,2100.8036404751865,3696.429047439445
2006-03-01,2854.960052468767,2088.195526653523,3683.228352068689
2006-03-02,2857.2467126182787,2039.5703336000709,3639.7620845871265
2006-03-03,2839.63487703805,1991.4829879993185,3653.4516476202402
2006-03-06,2818.25314211717,1921.9788575071684,3663.5851445046246
2006-03-07,2814.788975559047,2008.7129155965988,3670.3515406752804
2006-03-08,2798.536927209163,2062.20637698636,3618.0446034070224
2006-03-09,2802.8927327044184,1936.6381966513554,3590.14238271279
2006-03-10,2788.139174426949,1953.9080708575132,3628.9931140074955
2006-03-13,2779.532498243387,1924.3449615915442,3571.424719946402
2006-03-14,2781.4961187442577,1983.3653423032615,3629.043944557335
2006-03-16,2781.715139000488,2023.9384008526144,3595.4092812700715
2006-03-17,2773.468705918789,1937.6568633646534,3595.8886630061415
2006-03-20,2785.086666494922,1988.932890189219,3623.453652308645
2006-03-21,2793.7349000247073,1909.2824309699656,3614.9909373976366
2006-03-22,2789.882077429777,1938.8153337964632,3598.5405578981163
2006-03-23,2806.7637814086297,1975.987382908006,3632.8042884952847
2006-03-24,2804.507619719189,2024.8457915267059,3646.861963983297
2006-03-27,2831.794192561683,2025.134328668505,3630.915390110574
2006-03-28,2844.7675578194876,2055.1040735223764,3632.571960225091
2006-03-29,2844.746251356334,2046.5467632472432,3652.2987763831584
2006-03-30,2864.9505089889967,2018.9572137839125,3701.222458669503
2006-03-31,2865.4994897878787,2015.2851306075763,3672.590281607025
2006-04-03,2898.1012882778755,2123.3775740856486,3719.617173548165
2006-04-04,2911.838747862656,2085.1077083930986,3711.5150307215276
2006-04-05,2912.1001524183284,2091.956959965894,3754.6291769086783
2006-04-07,2932.047761193453,2048.720862696961,3730.351622018322
2006-04-10,2960.332609950644,2063.125906268934,3780.033200144802
2006-04-12,2969.656833442319,2099.872026177937,3789.987866571758
2006-04-13,2986.8806338736817,2172.8751526598517,3794.0906414468386
2006-04-17,3001.4783360888805,2215.528353722922,3794.3866042545087
2006-04-18,3009.1957042265053,2193.873737477084,3840.616731443214
2006-04-19,3003.0057921382877,2181.631403206552,3829.731634812946
2006-04-20,3016.2134350973893,2205.481121955342,3860.949754586549
2006-04-21,3009.028251155664,2204.6613935725477,3837.923054541415
2006-04-24,3014.988294116339,2242.4017762544345,3838.7362693701994
2006-04-25,3019.052371610175,2231.8488852356877,3892.3577675215306
2006-04-26,3009.4319500507922,2160.882514556854,3814.279009548505
2006-04-27,3019.4834369924256,2206.0099943541363,3847.9464022039
2006-04-28,3009.467029545264,2232.0039747095234,3829.396239331353
2006-04-29,3113.3255352294555,2259.2102636084505,3901.442431265024
2006-05-02,3012.3332221276974,2176.733502016014,3881.786843374367
2006-05-03,3002.1551744239737,2251.6421248258757,3821.2803299781567
2006-05-04,3012.19578419318,2207.499610107956,3832.472004387691
2006-05-05,3002.728297257397,2218.1656092921307,3798.6925049078536
2006-05-08,3007.6046524852545,2200.0482584857004,3828.458904647966
2006-05-09,3013.308307412538,2160.170373580965,3878.0707601348836
2006-05-10,3006.327085460896,2195.7128961618296,3830.7574649439794
2006-05-11,3019.9905130117654,2169.7410746283067,3786.6346581236385
2006-05-12,3014.513601889116,2145.198687306165,3836.199978015765
2006-05-15,3032.8597614890778,2245.300727793064,3837.117065395746
2006-05-16,3043.2834708123723,2211.309472051979,3909.6530975633077
2006-05-17,3040.9917079300535,2191.792177419128,3839.00424241635
2006-05-18,3059.2237837475186,2231.659142820273,3895.4749351223254
2006-05-19,3058.105376930309,2231.1196744916833,3877.2158781693392
2006-05-22,3087.429214156176,2210.8948756425884,3875.999189392379
2006-05-23,3100.566708563855,2286.3800902605194,3965.445953766824
2006-05-24,3100.4158710717506,2371.3597351736703,3960.1476216292062
2006-05-25,3120.1731257216115,2235.8815499275665,3949.6461328988516
2006-05-26,3119.9345768246676,2254.6447824733323,3917.368657398617
2006-05-29,3147.9472648755377,2302.4556301182947,3915.5090985454744
2006-05-30,3159.3793827156737,2346.4412078628543,3902.1131595097545
2006-05-31,3156.9502756813386,2350.4718136575516,3981.9248713521984
2006-06-01,3173.9140115693654,2343.9072215975207,4008.5488549681863
2006-06-02,3170.436714732249,2289.404658437019,3932.005284699105
2006-06-05,3186.9131051575605,2350.17701008914,4015.7689084818576
2006-06-06,3194.2132612338582,2363.8896321367897,4065.263669189478
2006-06-07,3187.679251849341,2362.0774132367,3966.1038543971613
2006-06-08,3200.668355099393,2378.8544602819475,3980.7206892327695
2006-06-09,3193.4470670007936,2372.891551663645,4007.5523891325156
2006-06-12,3200.985523793006,2360.857981798509,3973.9662307937983
2006-06-13,3206.3277034662788,2339.182058198683,4007.3605186736295
2006-06-14,3198.4446178360845,2405.9343802492517,3996.2297298560593
2006-06-15,3210.7312165159406,2357.9050099668852,4011.2082101033475
2006-06-16,3203.475997493471,2388.165703862029,4040.472670688613
2006-06-19,3214.90047380619,2405.3710949185056,4085.5619059091314
2006-06-20,3222.7791580539642,2420.7824485474525,4062.888101460547
2006-06-21,3217.971389674095,2394.004736940216,4040.988741450382
2006-06-22,3233.8029442662,2378.2210384505875,4041.8952514886078
2006-06-23,3230.482061350458,2381.2712335122133,4049.7182397675238
2006-06-25,2970.1275383966636,2093.984666980893,3801.998859796162
2006-06-26,3255.1214611432797,2407.3385048595514,4064.665759915762
2006-06-27,3267.5436161084517,2437.0375850092155,4087.8767884878475
2006-06-28,3267.179260605482,2473.4761618286834,4116.2012966224265
2006-06-29,3287.2559610890053,2520.568474156169,4134.099927315043
2006-06-30,3287.8894114515456,2450.4520716807574,4083.6313226565426
2006-07-03,3321.8516627497575,2537.5112587808194,4126.030014165678
2006-07-04,3336.3256681518315,2505.6515895120447,4142.462440820687
2006-07-05,3337.4136048147366,2508.070696264642,4195.156060103254
2006-07-06,3358.321622260346,2555.364974317146,4156.704917734228
2006-07-07,3359.1589089454696,2553.7650383849736,4132.700857018649
2006-07-10,3390.1361197547176,2562.4507685646263,4149.208843435233
2006-07-11,3402.5286122025154,2620.617177669842,4313.476305970499
2006-07-12,3401.079620160231,2541.325324602031,4168.1084720654835
2006-07-13,3419.0619196710686,2631.248664553632,4260.3204912164865
2006-07-14,3416.6578655453545,2595.0413541364487,4274.244448252644
2006-07-17,3436.785246834666,2579.4929715957214,4254.055994813138
2006-07-18,3445.4542348878044,2669.7975161513427,4221.006725770384
2006-07-19,3440.3531369018397,2558.943267999648,4282.934754526943
2006-07-20,3454.8214447485143,2593.5167439838515,4249.931377928562
2006-07-21,3449.1003634512726,2601.172532481356,4324.162845732752
2006-07-24,3460.9026561426044,2724.699771084642,4291.051265919542
2006-07-25,3467.432913608674,2602.776142315013,4259.088733365889
2006-07-26,3460.5303312665246,2672.8488566029773,4284.114593931844
2006-07-27,3473.5293412583037,2671.418019224116,4273.44153451809
2006-07-28,3466.6559431728524,2639.0340998007123,4278.506971249932
2006-07-31,3476.622863232721,2643.104438050374,4301.806437068344
2006-08-01,3482.955987532282,2637.568493662898,4318.908716514461
2006-08-02,3475.990476450998,2588.554977944793,4329.962106653781
2006-08-03,3489.014699935092,2722.294067118414,4332.018835579009
2006-08-04,3482.209813213081,2666.0063456300245,4290.224245378149
2006-08-07,3492.2496477406066,2719.523797029308,4309.263227545723
2006-08-08,3498.461826339204,2670.342701340911,4350.102682750386
2006-08-09,3491.271570758699,2730.4196657280636,4327.531626293524
2006-08-10,3503.962038811372,2728.478406002286,4378.876713282343
2006-08-11,3496.718813636164,2681.7839352284936,4303.0382482401765
2006-08-14,3505.002341775381,2716.013218033381,4350.637684988462
2006-08-16,3502.819162473009,2695.405148458981,4311.917714153197
2006-08-17,3515.031511881752,2673.4066185924867,4325.767354673704
2006-08-18,3507.4626177801874,2743.618768939947,4306.395600552319
2006-08-21,3516.210925888992,2675.815770595285,4307.254371230268
2006-08-22,3522.5922008786933,2722.030811947579,4390.285435200981
2006-08-23,3516.0073516599873,2716.2576958528875,4381.284416796523
2006-08-24,3529.816598089036,2726.35583216941,4292.960698441365
2006-08-25,3524.2746783991056,2795.1531346690626,4316.129872756874
2006-08-28,3541.6647890143763,2714.484794518617,4379.020171206271
2006-08-29,3551.708200477858,2696.684662159657,4357.353906635041
2006-08-30,3549.106990184255,2712.5278328624026,4425.22851644488
2006-08-31,3567.1607693382703,2742.850627034781,4370.135894677991
2006-09-01,3566.052316945914,2767.4079135713764,4422.697322024967
2006-09-04,3597.019997068273,2774.6711205707725,4432.316274896358
2006-09-05,3611.3646622511355,2825.4877305664018,4414.18403929289
2006-09-06,3612.786371246822,2786.9462449201583,4364.233880169171
2006-09-07,3634.485997619289,2822.230177901282,4408.404705367241
2006-09-08,3636.551919148224,2812.9025238689615,4432.782375524036
2006-09-11,3673.3897016245833,2737.3410895212764,4529.187241671497
2006-09-12,3688.255378227791,2896.551207202845,4508.965979454284
2006-09-13,3689.4068088069125,2878.214988962655,4537.25225355729
2006-09-14,3710.025528557395,2864.0425289661052,4597.041345098147
2006-09-15,3710.198574031809,2951.635258858836,4528.548115803452
2006-09-18,3736.7490621768093,2836.984958454304,4599.029067395426
2006-09-19,3746.8269790829772,2957.3517996540218,4542.358816452654
2006-09-20,3742.6415904773003,2955.894032946279,4525.917118950561
2006-09-21,3757.474145335911,2964.129082620605,4594.926278245929
2006-09-22,3751.522761754223,2947.30016016352,4574.169677815807
2006-09-25,3758.895224988881,2976.715005757692,4597.082154338968
2006-09-26,3762.7376251078676,2991.404943436009,4584.283393809035
2006-09-27,3752.6055618316873,2888.103187543115,4524.185023167826
2006-09-28,3761.8983486215043,2942.5004048593105,4574.088629893382
2006-09-29,3750.9225382966342,2900.5344060935095,4569.09469840301
2006-10-03,3748.879974677584,2871.3409620305592,4544.8181596578925
2006-10-04,3737.4162971926967,2963.4358936839703,4527.376507448058
2006-10-05,3746.2123059946816,2873.744743849661,4550.706673567961
2006-10-06,3735.5600049470604,2898.7629979244207,4567.29290236799
2006-10-09,3737.289241049628,2892.7248497396045,4544.432902674817
2006-10-10,3742.0484690544404,2889.331922313484,4559.812222757577
2006-10-11,3734.1370518099666,2922.016384435646,4601.289311318833
2006-10-12,3746.849870510348,2969.7634695308343,4528.091306304971
2006-10-13,3740.3611503850684,2967.71032880606,4603.666535294554
2006-10-16,3754.83947814492,2851.0804338297353,4521.93969915293
2006-10-17,3763.535442898331,2916.6043905420424,4561.440761610808
2006-10-18,3759.220244993143,2946.6152520794762,4605.770225005715
2006-10-19,3775.09396183443,3006.139106329159,4636.029077906165
2006-10-20,3771.2501198969003,2950.483861370794,4573.671815596841
2006-10-21,3881.4582844035217,3153.303541362987,4702.908638177939
2006-10-23,3790.013257025399,3023.759016491924,4625.839810054072
2006-10-26,3808.712820140198,2941.306732962763,4655.545942717629
2006-10-27,3803.1538706808847,2987.7240442977436,4684.743957544825
2006-10-30,3814.1053418152533,2994.316089330994,4603.601382646865
2006-10-31,3819.7417381382256,3021.534554083444,4698.022498867827
2006-11-01,3811.607758976852,3015.9549570034983,4678.15818106941
2006-11-02,3823.049745382564,2978.5717923636926,4597.811063068791
2006-11-03,3814.3261802285097,2990.4470658949167,4639.648899469701
2006-11-06,3817.588443762141,3005.6374157647015,4590.847311339739
2006-11-07,3821.5814479906394,3014.430844855087,4690.2216163078265
2006-11-08,3812.39171285033,3071.2211349591144,4684.133422519169
2006-11-09,3823.418681347161,3017.5323373515944,4647.265921157968
2006-11-10,3814.9558183281047,3025.201991900669,4575.615090240921
2006-11-13,3823.1142307610635,3009.80491933586,4597.909822190263
2006-11-14,3830.0328463399183,3062.2739425911877,4703.443577221229
2006-11-15,3824.329835813751,3024.4365223292425,4654.304908947798
2006-11-16,3839.3279013893775,3005.4009204123604,4705.025814462153
2006-11-17,3835.229592986196,2958.0498516638354,4675.1698204007425
2006-11-20,3857.775328958581,3071.4170208221435,4678.329505614654
2006-11-21,3869.5334693842974,3045.20548692534,4730.383019116631
2006-11-22,3868.493488905332,3021.341385548828,4651.920014902612
2006-11-23,3887.863202124794,3020.6948424361226,4732.148609139894
2006-11-24,3887.7375252182264,3046.6151995033633,4704.156023812062
2006-11-27,3918.899954783139,3111.284838506642,4767.8270474141045
2006-11-28,3932.201045367534,3119.5812784392833,4769.38966847073
2006-11-29,3931.9682774207204,3116.13455287189,4721.001232216825
2006-11-30,3951.3954195850965,3145.754519195054,4782.262751269653
2006-12-01,3950.583166079825,3151.184212840778,4851.22607069099
2006-12-04,3975.5689366482184,3200.937201159056,4810.881726352963
2006-12-05,3985.6432979282017,3111.142690662229,4823.532092539046
2006-12-06,3981.7403529989724,3169.4171064612824,4812.574252230216
2006-12-07,3997.156209833864,3175.8735375419124,4778.963808474731
2006-12-08,3992.1020322163895,3173.1271968964734,4839.527865002587
2006-12-11,4004.138461292931,3175.992026069326,4866.602325634211
2006-12-12,4010.2042182792406,3163.6396114838326,4880.328521894054
2006-12-13,4002.6242851798024,3169.562469596193,4829.26979606492
2006-12-14,4014.786941183319,3222.190552459025,4842.822428685527
2006-12-15,4006.9821434112405,3231.283540472703,4842.249442559353
2006-12-18,4014.326460824679,3161.562604165306,4839.4463410136395
2006-12-19,4020.105002976738,3158.1934863725332,4832.226742940262
2006-12-20,4012.8732337307547,3162.0567584527744,4813.330349409387
2006-12-21,4025.988708837553,3188.766804184781,4818.1580370947895
2006-12-22,4019.692403214219,3191.946522138734,4846.5418107207
2006-12-26,4042.879597377506,3174.1564771186113,4855.959166577616
2006-12-27,4038.685271977173,3230.0663249064455,4865.561951890209
2006-12-28,4054.82599657397,3222.321118519716,4905.525994574986
2006-12-29,4051.427986498103,3183.8458497723204,4865.274947021867
2007-01-02,4082.8048905053506,3162.9193428823532,4868.966155830573
2007-01-03,4079.356183357927,3270.0685181955514,4908.461716236154
2007-01-04,4095.5890918528416,3317.3109385080747,4914.100710071743
2007-01-05,4091.5930747136467,3266.371018631408,4862.2806485964675
2007-01-08,4106.898766276989,3249.4944510275513,4907.146492402295
2007-01-09,4113.618861382925,3267.069847797246,4934.749162956198
2007-01-10,4106.248627593885,3219.970922481203,4920.350076210519
2007-01-11,4118.052857881302,3243.9909757552196,4938.705065748692
2007-01-12,4109.211920640255,3273.612697338817,4964.361672903401
2007-01-15,4108.562959047882,3314.199793717365,4948.948824645976
2007-01-16,4109.8865039406455,3350.7310043005477,4980.326126674619
2007-01-17,4097.284824456336,3270.252543865109,4875.852313367382
2007-01-18,4104.142451875861,3288.18833272076,4956.4548729954995
2007-01-19,4090.7530689838964,3288.4657754081645,4960.547744506883
2007-01-22,4079.8222471633753,3187.516643377944,4884.711908029441
2007-01-23,4079.093625555461,3313.3110205655366,4876.493108472534
2007-01-24,4065.2116493996778,3255.760267445153,4934.362429221605
2007-01-25,4071.5827589163446,3274.2354127078506,4977.487311310166
2007-01-29,4052.9862418539187,3248.866451560167,4812.604199665385
2007-01-31,4045.113229301315,3216.063124106673,4866.051427078723
2007-02-01,4055.523017721395,3238.495757144945,4861.465581268171
2007-02-02,4046.77917584052,3171.029438979005,4875.712055966085
2007-02-05,4054.8233340617226,3224.704696020799,4919.938008553001
2007-02-06,4061.487110724946,3273.903564429369,4938.430503552757
2007-02-07,4055.1891542025146,3214.474513099366,4828.549096326015
2007-02-08,4069.1198396652453,3277.4167682848606,4929.9224181641075
2007-02-09,4063.3588258470954,3177.1043712367473,4861.351235947298
2007-02-12,4076.321260504093,3210.9829340413535,4811.98310896724
2007-02-13,4083.0981949647503,3290.615884065294,4875.19674015225
2007-02-14,4076.1055395281255,3251.667364960166,4863.4518225168695
2007-02-15,4088.5362366681934,3235.2795834048766,4949.803809931234
2007-02-19,4082.405480755824,3207.6786582733507,4881.023478590006
2007-02-20,4084.34857005177,3248.3393941689965,4932.146746120746
2007-02-21,4072.105967825581,3224.2684020217403,4856.240019953027
2007-02-22,4078.982212711458,3261.9331147189177,4927.756359219656
2007-02-23,4065.1977376942687,3204.5466980331025,4918.223558900173
2007-02-26,4050.006602660026,3248.017274503605,4817.719826657923
2007-02-27,4046.6931836631356,3193.2596206706617,4935.783777001414
2007-02-28,4029.607864821417,3199.057237354972,4873.3298429714
2007-03-01,4032.1576568921423,3168.1159045843983,4860.140910424206
2007-03-02,4014.6542216212324,3135.380761838223,4786.506884805434
2007-03-05,3992.6602563752704,3184.062934560843,4837.75621559786
2007-03-06,3988.6911157614954,3184.1097794735965,4893.827300430035
2007-03-07,3971.796134370437,3176.2125701090276,4821.337464533188
2007-03-08,3975.3820495096807,3121.8112595937355,4807.917824344303
2007-03-09,3959.7445601887375,3168.9891036746226,4759.8156740432905
2007-03-12,3947.9523693348815,3090.367185269712,4822.72697367571
2007-03-13,3948.730960868599,3030.151937740952,4735.306349401076
2007-03-14,3937.1379600273567,3093.6194119837683,4762.578561628607
2007-03-15,3946.4970184443264,3107.8393564413277,4803.911727624413
2007-03-16,3937.0158177563108,3071.863538883471,4810.084829923613
2007-03-19,3945.0782925531994,3071.066858123093,4715.594300335438
2007-03-20,3952.6347097187627,3173.74930308292,4828.787771592043
2007-03-21,3947.75507371756,3167.8763391210423,4752.6186299054625
2007-03-22,3963.6836584743833,3137.7162918932618,4773.90250685403
2007-03-23,3960.555186028888,3103.888191580982,4804.108084388792
2007-03-26,3985.757967182016,3177.144016797215,4840.814646211146
2007-03-28,3997.789130995788,3183.6256548581473,4795.084568160945
2007-03-29,4017.6743578797737,3186.9648949596162,4801.597804517421
2007-03-30,4017.996730125867,3187.928628407344,4814.274703627524
2007-04-02,4050.4473703075637,3237.961160614135,4895.978077121905
2007-04-03,4064.299675092617,3263.4030697417206,4874.878911701399
2007-04-04,4064.7522344285153,3290.827933446521,4870.887075795347
2007-04-05,4085.0389443130402,3280.1472578081925,4926.7243103752235
2007-04-09,4114.936716046431,3278.3260811096857,4893.908102037563
2007-04-10,4127.057822636519,3291.1925335852657,4894.942767049877
2007-04-11,4125.421503740596,3251.1623498415393,5013.734954869063
2007-04-12,4143.286972724992,3336.5317123066384,4957.00094367112
2007-04-13,4140.815272645649,3233.2493315569,4900.722476260262
2007-04-16,4160.721453592924,3381.7103839880897,4974.222858271396
2007-04-17,4169.181213053974,3300.6606837322133,4984.806208760689
2007-04-18,4163.7315026988,3292.081842424348,4963.378892148411
2007-04-19,4177.6685810556555,3386.0757882965954,4996.611954331741
2007-04-20,4171.193083737696,3385.5088182496,5027.366423305839
2007-04-23,4179.069859900356,3344.5396137727885,4967.282853795979
2007-04-24,4183.670406830395,3334.1858684151234,5031.136590831685
2007-04-25,4174.519795673664,3284.8379429603337,4984.247085207551
2007-04-26,4184.965816694603,3322.2105339873233,5051.260211504728
2007-04-27,4175.260777621417,3353.2888841283984,5010.479060815299
2007-04-30,4175.517374031353,3316.875498011628,4884.261898296236
2007-05-03,4177.815060827204,3381.8729304330204,4993.790306015111
2007-05-04,4167.9608839846,3276.737161023268,4991.071854368574
2007-05-07,4171.128782877428,3358.0949403790987,4964.668592229581
2007-05-08,4176.108827331522,3354.835090262127,4999.656065496083
2007-05-09,4168.345803995434,3311.7074529186766,4992.508423441076
2007-05-10,4181.182930488928,3378.280872002925,5002.828352148331
2007-05-11,4174.850166400846,3376.111478772532,5048.552539300177
2007-05-14,4190.613429505725,3427.223450308853,5062.310175939472
2007-05-15,4200.226808712393,3384.530636806797,5092.024341412671
2007-05-16,4197.1774815556155,3347.9256523074946,5047.65447670418
2007-05-17,4214.720163381574,3373.7624495923446,5040.93747723423
2007-05-18,4212.994694686369,3426.309025095572,5058.063954562659
2007-05-21,4241.107006833364,3441.8052685618877,5136.710658463468
2007-05-22,4254.07167579951,3402.30073434461,5061.780725778611
2007-05-23,4253.8712011782345,3431.897175243891,5046.956039122228
2007-05-24,4273.70253901091,3470.862957414992,5068.325067676042
2007-05-25,4273.659496801799,3465.8759439036116,5065.933042364414
2007-05-28,4302.922589218103,3458.8949484959994,5091.954323343692
2007-05-29,4314.958255660641,3548.1433554596583,5247.346595703997
2007-05-30,4313.203062920634,3479.05953098072,5124.520061552412
2007-05-31,4330.894463284791,3484.745483233104,5188.18147997608
2007-06-01,4328.180609627023,3506.336655608813,5247.8574656356195
2007-06-04,4346.971059633588,3549.4186178198897,5196.8173177975395
2007-06-05,4354.986326887719,3476.0506298643872,5182.751744417968
2007-06-06,4349.108627002842,3546.9412569589304,5191.0326655120225
2007-06-07,4362.6786285444,3513.2152809245954,5170.0361868040645
2007-06-08,4355.948011293094,3479.046342773324,5206.081185781494
2007-06-11,4364.303264377416,3612.4990478800887,5167.043786667102
2007-06-12,4369.674720036536,3456.5944518909705,5176.772115389643
2007-06-13,4361.694456759871,3522.5554293037194,5176.611195637897
2007-06-14,4373.759030992681,3513.5648245236803,5131.073571396671
2007-06-15,4366.161579005182,3505.7755840015157,5178.737943106918
2007-06-18,4375.926917962595,3546.2058222572787,5158.998008420843
2007-06-19,4383.083811744683,3511.454482693787,5164.533466446389
2007-06-20,4377.496013368412,3502.8006977498076,5241.621016811798
2007-06-21,4392.507212529035,3594.4951836928067,5206.407371337681
2007-06-22,4388.344431067799,3571.149303734209,5208.916047622656
2007-06-25,4410.519720355993,3559.472991280654,5226.029083911715
2007-06-26,4422.202325912963,3578.414488338055,5273.814805920224
2007-06-27,4421.1672310772165,3559.66602610252,5251.682596568998
2007-06-28,4440.656234118754,3588.031256059396,5305.890346265966
2007-06-29,4440.797102390966,3616.830360358609,5263.727439110643
2007-07-02,4473.935484904145,3589.4250748578816,5229.747724158168
2007-07-03,4488.366972197017,3693.2818119759086,5304.4709055754765
2007-07-04,4489.52854041738,3708.7777774834753,5331.995549564084
2007-07-05,4510.62231339421,3742.9799422034494,5393.981768310365
2007-07-06,4511.75093505618,3726.354504187592,5350.244286802048
2007-07-09,4544.121805764087,3677.4990039950344,5291.575125726603
2007-07-10,4557.116202600666,3716.706497652413,5360.852303878155
2007-07-11,4556.314250656366,3716.3866892775063,5313.546318873186
2007-07-12,4574.97369455597,3795.1102818424056,5404.606968332777
2007-07-13,4573.261846112714,3701.8137182867663,5342.380026920778
2007-07-16,4595.414163235329,3775.3151489907864,5393.354371953821
2007-07-17,4604.698932851668,3774.189553761146,5524.425844312176
2007-07-18,4600.166820277166,3792.457202696081,5481.8811712881125
2007-07-19,4615.1497808427885,3801.166785772699,5457.9901180133265
2007-07-20,4609.883562151631,3715.8709121480815,5465.179625881959
2007-07-23,4622.669308930815,3772.781438281209,5524.135285441661
2007-07-24,4629.403291543157,3806.573659076495,5446.635912764184
2007-07-25,4622.648609872969,3819.243562127688,5503.8079669413455
2007-07-26,4635.74583387693,3821.9959083013755,5471.28131371688
2007-07-27,4628.928315519187,3707.027348133024,5419.950700532247
2007-07-30,4638.893557421295,3829.884723731459,5333.094224762305
2007-07-31,4645.199118534353,3790.2673249277937,5496.99719778187
2007-08-01,4638.206594461454,3814.9577547888043,5381.861008957451
2007-08-02,4651.211662753699,3807.8457564291766,5421.391886683382
2007-08-03,4644.40160633104,3790.849076118061,5440.854799136978
2007-08-06,4654.54849302232,3854.0268067070147,5410.491012889641
2007-08-07,4660.841432821744,3829.810659916898,5441.083448181688
2007-08-08,4653.7519968356455,3888.0106598857187,5503.536122254021
2007-08-09,4666.559130577755,3847.9536269575,5540.951790961973
2007-08-10,4659.442535535687,3823.9263104863,5482.661872887295
2007-08-13,4668.086289170704,3824.380070446936,5566.851057052833
2007-08-14,4673.753256109341,3903.6015871353998,5540.595091981162
2007-08-16,4678.243846772707,3900.3486455778766,5502.16712394777
2007-08-17,4670.619345254942,3858.894160344501,5463.025590219884
2007-08-20,4678.78745660384,3894.1969758451783,5486.512661351278
2007-08-21,4684.819112222332,3877.379943882044,5519.109356933502
2007-08-22,4677.802345607625,3860.403876744064,5480.572746870321
2007-08-23,4691.098347559774,3836.423714454667,5505.4054640766435
2007-08-24,4684.965339567326,3819.773341166749,5524.858899090713
2007-08-27,4700.187892383875,3934.426712992011,5545.222338905904
2007-08-28,4709.413612797193,3876.7615528221313,5520.503906032301
2007-08-29,4705.9705773541555,3853.4973097037987,5567.536038168539
2007-08-30,4723.175054128985,3852.058730061536,5531.278806617716
2007-08-31,4721.227680651322,3856.121998830998,5488.256014586582
2007-09-03,4749.927998453614,3964.0665094652186,5542.858869951994
2007-09-04,4763.661791174053,3898.2125994851062,5560.385244594326
2007-09-05,4764.5739137198125,3912.933965746642,5645.770512009931
2007-09-06,4785.880260260582,3938.2137238670775,5572.784121471111
2007-09-07,4787.682067432402,3918.8593699146118,5514.708938122158
2007-09-10,4824.590660896886,3979.371253351973,5663.927132578083
2007-09-11,4839.781520012085,4019.6913261490145,5700.1903853069025
2007-09-12,4841.407428877293,3989.1946225218358,5679.84622239069
2007-09-13,4862.643818252934,4012.8547213268903,5712.8866340328605
2007-09-14,4863.568216401159,3973.235094983859,5771.492143828874
2007-09-17,4893.032944687002,4074.436202805779,5746.18548422478
2007-09-18,4904.241622868513,4137.360458714871,5806.290715366929
2007-09-19,4901.231063168327,4146.391305020979,5764.2183094257525
2007-09-20,4917.259046886761,4150.463536205509,5830.111216994799
2007-09-21,4912.499604530593,4089.737749428799,5687.956545430952
2007-09-24,4923.18931878961,4106.6932707370925,5731.600537361722
2007-09-25,4927.977291172083,4085.2267726109703,5711.915002637479
2007-09-26,4918.678299041502,4076.5576479899664,5709.838019158212
2007-09-27,4928.676016872647,4131.864300832514,5747.976551238783
2007-09-28,4918.264488854893,4081.4961759798493,5749.341309556651
2007-10-01,4915.317019093939,4109.959715246173,5718.890514249573
2007-10-03,4905.2837660420855,4096.137186999144,5714.129610085797
2007-10-04,4913.741276718125,4135.495963205084,5731.46320766071
2007-10-05,4902.6248318832995,4058.166518366134,5705.356212720459
2007-10-08,4902.379885423537,4076.9996118383374,5674.849469718954
2007-10-09,4906.355177134983,4090.8598796057254,5683.138604806009
2007-10-10,4897.634297109443,4019.4218467884934,5782.754283077708
2007-10-11,4909.535337581092,4074.6441356806163,5769.832887023456
2007-10-12,4902.25536784428,4121.232820425583,5694.941228723915
2007-10-15,4914.693286394146,3992.0753327522752,5813.440304463737
2007-10-16,4922.880283366153,4034.178474334798,5729.2125596246315
2007-10-17,4918.165039692376,4094.02433818148,5737.84892766461
2007-10-18,4933.756814777325,4075.990083138891,5734.967736685276
2007-10-19,4929.754729786401,4121.249913368221,5726.4575703326955
2007-10-22,4948.785336637175,4127.846332945558,5739.551501852069
2007-10-23,4957.920429242313,4072.7620242825146,5783.66232683503
2007-10-24,4953.491278059012,4207.543639976337,5762.769241134299
2007-10-25,4968.714427781467,4139.853669633991,5787.2170511149925
2007-10-26,4963.715867515427,4168.7767601457945,5790.843421546117
2007-10-29,4976.53067687854,4138.787107925235,5785.6003788458465
2007-10-30,4982.777421535641,4163.364121085015,5869.034034947332
2007-10-31,4975.21265788513,4152.284199902993,5802.040047151558
2007-11-01,4987.162571845649,4154.239703158552,5784.94721756836
2007-11-02,4978.867180454426,4236.014503905023,5804.542085708962
2007-11-05,4982.786852585362,4172.739270075762,5807.368091820245
2007-11-06,4986.755371018924,4135.13145839851,5826.149545973207
2007-11-07,4977.410584926577,4166.6972623011425,5835.200927640202
2007-11-08,4988.152178333602,4087.1573744552707,5876.315252132511
2007-11-09,4979.277575105899,4188.10188730497,5833.847311179286
2007-11-12,4985.535132772701,4190.5502567501735,5827.237712368118
2007-11-13,4991.644906233112,4169.437958864425,5823.835498243006
2007-11-14,4985.075329517224,4219.870004773029,5829.16956162328
2007-11-15,4999.169960563929,4151.662241082672,5847.003455069647
2007-11-16,4994.153370733323,4215.015198824359,5825.668540718368
2007-11-19,5014.079990515396,4139.953381925799,5833.604561179747
2007-11-20,5025.082451956668,4219.08885300275,5788.910623975282
2007-11-21,5023.378023244358,4171.554026562025,5868.211328093636
2007-11-22,5042.190793443839,4240.11228011465,5842.85876363607
2007-11-23,5041.629123607192,4216.28548393354,5906.767858286757
2007-11-26,5072.294150556826,4249.1282761627435,5936.040774433206
2007-11-27,5085.709899572701,4210.093049139087,5880.766025397365
2007-11-28,5085.72786350148,4294.394569452844,5954.075958903806
2007-11-29,5105.533868289717,4222.291230507848,5875.257506351442
2007-11-30,5105.217306822593,4286.681737480238,5930.299412763122
2007-12-03,5132.2351066765805,4281.80497357398,5998.37241201167
2007-12-04,5143.105301466849,4324.911049701682,5977.136088070355
2007-12-05,5140.022155995455,4308.982199194444,6026.25700443287
2007-12-06,5156.259634700945,4316.147009389918,5970.91769402694
2007-12-07,5152.006974158666,4344.079612901157,6040.92823776247
2007-12-10,5166.124062325007,4406.2445563272295,5992.318449044815
2007-12-11,5172.716930342489,4299.333788873756,5956.220794633992
2007-12-12,5165.558005293498,4320.076593124568,6005.764003540856
2007-12-13,5178.026482175452,4372.36761400176,5988.41363548858
2007-12-14,5170.406723803356,4321.526789069734,5981.8540076653535
2007-12-17,5177.580344055523,4333.671802923094,6002.054744349431
2007-12-18,5183.077802799869,4364.045626953222,5995.6934196862585
2007-12-19,5175.470251035075,4302.389983637431,5990.57174222987
2007-12-20,5188.130190250916,4327.03773034467,5973.6793269399295
2007-12-24,5194.061088613638,4371.496635982938,6011.077367422649
2007-12-26,5197.497027806414,4385.419008437807,6051.50566280594
2007-12-27,5213.179523115231,4408.77971305726,6008.507258374225
2007-12-28,5209.4044100250885,4368.071834456143,6000.005939603087
2007-12-31,5230.229456655824,4366.367193937682,6099.823656097495
2008-01-01,5240.371449439996,4401.144706119033,6059.25363127387
2008-01-02,5237.139866052729,4434.866780297392,6044.672633752424
2008-01-03,5253.723455534261,4451.820619872037,6071.584037023136
2008-01-04,5250.208056628491,4386.369874571029,6004.663729162806
2008-01-07,5267.64532687801,4482.001193166203,6135.25196460304
2008-01-08,5275.259696503617,4431.825102288412,6090.440614836528
2008-01-09,5268.845704468328,4450.547393829068,6080.027971682733
2008-01-10,5281.647078773836,4475.08659789868,6109.72254068132
2008-01-11,5273.821804739703,4338.535517850844,6025.478454391881
2008-01-14,5276.10006195018,4398.818420392032,6099.4311129083935
2008-01-15,5278.284448436103,4515.505268509915,6099.461338635179
2008-01-16,5266.45178685344,4416.636368088214,6071.4660832637355
2008-01-17,5273.969032758882,4476.360664568302,6083.740652030642
2008-01-18,5261.115017237713,4440.654159776787,6120.486844581064
2008-01-21,5250.944980305066,4448.371402392294,6099.327956767704
2008-01-22,5250.172942109775,4390.75679962469,6019.034815740069
2008-01-23,5236.10088885319,4431.42728432008,6046.1691647055195
2008-01-24,5242.142036010028,4444.63229676966,6046.955474416139
2008-01-25,5228.602104670311,4426.153799409269,6079.180295538923
2008-01-28,5221.081642351417,4295.807844446227,6055.584795304618
2008-01-29,5222.650688931211,4409.627308812793,6036.521341877242
2008-01-30,5211.546000397444,4386.064716354724,5964.956419398423
2008-01-31,5221.094090634597,4400.7302757225125,6039.967765996484
2008-02-01,5211.500159114576,4376.98335616296,6063.827343164075
2008-02-04,5217.295538151227,4400.57069517913,6060.197538008861
2008-02-05,5223.380798516542,4430.686245354871,6011.474081702394
2008-02-06,5216.61995589646,4432.612008615345,6101.803149585074
2008-02-07,5230.217367391957,4436.714678974045,6037.120726629122
2008-02-08,5224.26345262234,4341.666049348074,6063.3198202495005
2008-02-11,5237.544037068284,4359.882269699838,5998.578934642813
2008-02-12,5244.725799545885,4398.401368953958,6078.344853587165
2008-02-13,5238.27816036031,4447.3137146068,6092.609328012061
2008-02-14,5251.383369496727,4420.369649825981,6064.059430913677
2008-02-15,5244.12946870884,4452.747378460987,6077.535432782631
2008-02-18,5248.931314924493,4436.006221344252,6072.1649563976
2008-02-19,5251.9412819181825,4439.242336898565,6091.362605112941
2008-02-20,5240.780180344818,4432.432148697863,6099.501159032105
2008-02-21,5248.72933999476,4434.363201730876,5973.266795144728
2008-02-22,5235.986220576809,4456.229220033549,6025.5314240728385
2008-02-25,5194.071936336746,4302.042000566121,6016.569981892825
2008-02-26,5181.65189575751,4356.66592453285,6001.213493635788
2008-02-27,5155.333876504514,4378.821882214648,6007.940045071847
2008-02-28,5148.512772979885,4369.912548330743,5943.289812686345
2008-02-29,5121.491014012291,4321.092268750817,5859.908269519001
2008-03-03,5070.010529787733,4282.952723046857,5900.60392022832
2008-03-04,5055.901504723245,4231.520634358812,5848.116885129744
2008-03-05,5028.718098566741,4144.835137386726,5828.489607417318
2008-03-07,4995.679029923549,4198.581269614378,5855.069096832768
2008-03-10,4951.56397021174,4126.718048156548,5812.743619030575
2008-03-11,4941.403727777587,4197.865758973022,5767.151696820879
2008-03-12,4918.8172757599605,4064.419998005971,5781.37981982413
2008-03-13,4917.145365281879,4119.108641286288,5712.50621411781
2008-03-14,4896.612624124962,4098.020403812599,5750.9704713035735
2008-03-17,4871.5577424767325,4026.3243115161204,5728.562781170994
2008-03-18,4868.136284506645,4068.783945977588,5636.725828412536
2008-03-19,4852.330719092686,4029.709845286119,5640.138093243317
2008-03-24,4836.800907729904,4015.3354534729096,5703.868872843576
2008-03-25,4838.821208036747,3979.9336823430517,5722.706339062994
2008-03-26,4828.035904531017,4004.359231515144,5671.70796586275
2008-03-27,4837.6650078009625,3933.280451392092,5783.648813778786
2008-03-28,4827.825557611895,3992.840201760673,5657.8723042677175
2008-03-31,4830.3388996194435,4020.9455479783614,5727.303729374838
2008-04-01,4834.385776780284,3995.565328889254,5591.969413612789
2008-04-02,4825.114078874854,3949.445764074694,5606.587299641094
2008-04-03,4835.753839980355,3995.2341671865515,5652.745238400539
2008-04-04,4826.43572062632,4000.7271837816343,5632.614694019544
2008-04-07,4827.753518577886,4028.790223697526,5644.630143534565
2008-04-08,4830.550490677558,4036.2519910730452,5631.008796698513
2008-04-09,4819.640861671323,4005.4278467364716,5669.460939361407
2008-04-10,4828.278827813776,4032.1150585913497,5651.4355164864255
2008-04-11,4816.620132022146,3964.243119305037,5678.921571184088
2008-04-15,4808.52403312694,3957.299708319844,5561.66677587532
2008-04-16,4793.996570662346,3950.149306267543,5619.978914534083
2008-04-17,4798.855780366751,3986.952122129313,5646.752827847428
2008-04-21,4763.769293604338,3940.78581455606,5536.485107915327
2008-04-22,4759.157351452281,3967.3025266312184,5581.857747450528
2008-04-23,4740.739058988093,3930.444525089604,5588.867137301325
2008-04-24,4741.8529822175815,3947.162894916006,5537.2532645626015
2008-04-25,4722.742663669159,3905.018573106046,5556.316964483113
2008-04-28,4694.26809487999,3843.414059917327,5443.011326828297
2008-04-29,4687.402453531835,3846.5331398121903,5512.589606122402
2008-04-30,4667.1706023246115,3857.1265983993144,5517.010952542777
2008-05-02,4647.016019223185,3851.486148879962,5433.50488883718
2008-05-05,4619.353776289335,3763.0550604264918,5447.509603221157
2008-05-06,4613.880491083209,3774.8078139227364,5403.0462033685735
2008-05-07,4595.590967780254,3748.0456229120377,5391.888312327808
2008-05-08,4597.840205358202,3699.7458619072327,5390.646496935233
2008-05-09,4580.871501457191,3818.7676520509767,5389.10267858385
2008-05-12,4564.5901253584425,3720.7170231819055,5367.342376312073
2008-05-13,4563.530753092473,3745.7141944285586,5317.766426418583
2008-05-14,4549.8410143845185,3761.9931189179606,5399.530520959599
2008-05-15,4556.792049258614,3727.5354888471193,5361.1332017305685
2008-05-16,4544.539354765158,3745.106682289881,5367.565237827747
2008-05-20,4544.417090539124,3668.151309861375,5331.613236867715
2008-05-21,4534.193996792103,3676.994744620606,5389.3587400446995
2008-05-22,4544.125334073373,3753.5545009369425,5354.501074523057
2008-05-23,4534.3061427454695,3691.2043961201857,5343.175360049418
2008-05-26,4534.953949091568,3638.7128792162234,5347.527958866023
2008-05-27,4537.665122038469,3653.9756021804124,5368.704846599538
2008-05-28,4526.674079933553,3680.531387540002,5369.552211376828
2008-05-29,4535.203892366492,3723.776269734121,5382.8640642311275
2008-05-30,4523.386497789928,3694.7119331790027,5352.762274816975
2008-06-02,4515.033143237765,3705.192091979564,5380.747703555016
2008-06-03,4513.992201096018,3670.5117254698825,5343.220552748627
2008-06-04,4499.022139638202,3639.471744246084,5390.288230594592
2008-06-05,4503.445362767042,3672.144408464415,5302.64354761288
2008-06-06,4487.496555682885,3614.305901244271,5286.676418778382
2008-06-09,4467.626471672672,3655.7393147639614,5234.55909404193
2008-06-10,4463.363442144597,3671.9870248157918,5260.529657178541
2008-06-11,4445.624552173498,3627.1280023581667,5245.097228523367
2008-06-12,4447.804124776223,3639.2781709535716,5290.10834281211
2008-06-13,4430.196135440191,3591.2328526322717,5296.097591316989
2008-06-16,4409.230100429211,3555.4000932839244,5240.201215520785
2008-06-17,4405.941731395514,3578.7370892178355,5225.710820533327
2008-06-18,4389.829949325959,3566.4281785146363,5167.327567509543
2008-06-19,4394.254636331347,3573.379089325163,5244.40069069627
2008-06-20,4379.460439153594,3428.1077317647078,5103.67555864991
2008-06-23,4369.660237926305,3555.251100738536,5206.8250302865545
2008-06-24,4370.720637283059,3520.0840433453427,5213.416150435926
2008-06-25,4359.11182979677,3483.7969342083825,5133.245264003463
2008-06-26,4368.092072553909,3574.123984958273,5158.926770651736
2008-06-27,4357.803854903899,3481.8454904331875,5133.342780015075
2008-06-30,4360.247382916254,3507.2825179075385,5223.156623694811
2008-07-01,4364.670203135641,3518.9127419150204,5197.259451502055
2008-07-02,4355.9404924193905,3578.870960853703,5121.147065856605
2008-07-03,4367.259727586155,3489.770686773961,5196.25664251743
2008-07-04,4358.727185768819,3536.339854002839,5174.938318071947
2008-07-07,4362.724005908882,3482.622203944134,5147.938861860152
2008-07-08,4366.429358245018,3572.687016535103,5147.638133415508
2008-07-09,4356.401622646762,3500.0182446881736,5190.071884307521
2008-07-10,4365.884124849093,3529.0990930108014,5207.836954081108
2008-07-11,4355.02921447705,3488.9092111982764,5202.882227770077
2008-07-14,4349.806735273652,3593.199397684324,5197.519771223918
2008-07-15,4349.938148805465,3471.298693834384,5200.832386637433
2008-07-16,4336.218010586715,3504.9061076015064,5147.272138785955
2008-07-17,4341.968343540833,3513.632419317004,5155.74261871773
2008-07-18,4327.416858038095,3500.809188742952,5146.614090755683
2008-07-21,4311.981814849443,3520.1478864586024,5140.896114904337
2008-07-22,4309.181516213151,3483.9477102709748,5097.708681306639
2008-07-23,4292.831206715064,3454.461644659384,5095.640760276973
2008-07-24,4296.275668995658,3448.9028474591955,5105.868593364698
2008-07-25,4279.754041805859,3457.5955476286276,5112.83546169087
2008-07-28,4260.374165232896,3452.649441168753,5091.8421998087915
2008-07-29,4256.84896862386,3416.4041923239542,5120.347767156914
2008-07-30,4240.015898879492,3420.5205346815274,5074.1479541598455
2008-07-31,4243.178994384069,3420.322875485822,5056.362684148201
2008-08-01,4226.533095777304,3464.7309800585426,5057.345124363664
2008-08-04,4207.266637899157,3382.9884158870927,5009.897032294378
2008-08-05,4203.797988792627,3365.4346140253137,5025.018188485624
2008-08-06,4186.969752639416,3352.393119133214,5008.740389823089
2008-08-07,4190.058920478576,3380.827032085893,5064.14471022042
2008-08-08,4173.241421295058,3269.2424084538657,5014.13941495133
2008-08-11,4152.822610319986,3227.6488242710807,5017.968749639465
2008-08-12,4148.788029934983,3292.3407544051893,4928.693790425243
2008-08-13,4131.34159027767,3290.5479924659553,4947.616159540385
2008-08-14,4133.79605566167,3320.3190106830884,4903.544019454953
2008-08-18,4094.778849029616,3277.32472175854,4915.655125611116
2008-08-19,4090.7473868184043,3221.2185401164643,4915.465445931429
2008-08-20,4073.5873450633057,3225.7581721740457,4895.715050104929
2008-08-21,4076.6579120269735,3241.963044490359,4854.869928866647
2008-08-22,4060.2176668579405,3253.9288188434884,4895.2745285640385
2008-08-25,4044.0689012556236,3206.3400246379424,4936.679145891243
2008-08-26,4042.7139628222285,3168.1657070579718,4826.246526787397
2008-08-27,4028.6475961839933,3174.543299477041,4874.067346046398
2008-08-28,4035.200678447981,3177.6822868583154,4809.860051528549
2008-08-29,4022.5901401079086,3211.0912493946707,4802.806783384503
2008-09-01,4019.4102242693893,3203.5482082490767,4831.094074738328
2008-09-02,4022.61612555202,3127.1354725772317,4790.985750324094
2008-09-04,4024.0363731400926,3254.3490380678663,4868.485542716536
2008-09-05,4015.600429300053,3148.4423873645737,4845.197436531416
2008-09-08,4022.5938857507263,3151.7479276557224,4785.794697868206
2008-09-09,4028.105932978284,3225.118359148652,4821.0057638062935
2008-09-10,4020.20505710673,3229.8415217880165,4864.647516692165
2008-09-11,4032.064940395224,3191.5568589578943,4897.701785244204
2008-09-12,4023.757873716847,3203.7471830072377,4837.973346233076
2008-09-15,4026.2955778795344,3159.394023642632,4858.20200837478
2008-09-16,4028.7347019968533,3264.0599895062405,4875.908933933124
2008-09-17,4017.0262501710436,3196.6543422176205,4824.897260670912
2008-09-18,4024.406111660349,3200.880218436607,4828.70910947761
2008-09-19,4011.025094931549,3175.651285602351,4833.879972251932
2008-09-22,3995.76922275685,3143.4127480175594,4796.929366118518
2008-09-23,3991.8031886178205,3197.508888869274,4825.5087981147
2008-09-24,3973.661023363666,3148.226443426964,4754.668279259863
2008-09-25,3974.7074205464264,3172.5426632176436,4821.2827847808185
2008-09-26,3955.2200623866,3179.628238122747,4781.126203857137
2008-09-29,3924.1819440440768,3136.138665030136,4768.761748843404
2008-09-30,3916.140055306937,3181.575902471425,4750.339025252454
2008-10-01,3894.6490685106264,3109.653940971611,4774.194640223252
2008-10-03,3871.893471439414,3072.9129178434923,4700.786156163492
2008-10-06,3840.580078822676,3014.859720762951,4668.72296506322
2008-10-07,3834.021426849863,3050.125085676169,4658.638758349901
2008-10-08,3814.712504682441,3032.7012285016676,4626.146623825382
2008-10-10,3798.086757073879,2982.4902835898315,4663.086617476194
2008-10-13,3778.8188192232824,3001.6562291951477,4575.803975163379
2008-10-14,3776.5645859906067,2963.9397958196987,4639.1655858294625
2008-10-15,3761.5008807025483,2851.9857379750115,4587.9657198691775
2008-10-16,3766.8502857255526,3010.155571025145,4612.233272219181
2008-10-17,3752.721967940118,2851.2335547390553,4527.882804180525
2008-10-20,3742.1172291667476,2933.993552643584,4589.283538706402
2008-10-21,3741.618543102038,2921.2355281579826,4607.433505860547
2008-10-22,3727.667239830771,2886.3149195677993,4511.998929266271
2008-10-23,3733.468331256586,2902.6407475229903,4528.03000450419
2008-10-24,3719.133303079003,2923.261522823977,4537.491750939555
2008-10-27,3704.2720525423474,2778.169660851479,4580.827174730983
2008-10-28,3701.3364894237525,2784.3140099178345,4507.168889830361
2008-10-29,3684.574967541554,2815.394344459739,4517.451458563798
2008-10-31,3669.7077935554316,2925.3295969994138,4500.923595771296
2008-11-03,3645.2435833923396,2801.927418933407,4500.962894896062
2008-11-04,3639.5314166027297,2840.725458848608,4430.393871903097
2008-11-05,3620.380289647452,2760.59203904674,4442.908710488968
2008-11-06,3621.185499439117,2852.0847580249783,4436.135134707808
2008-11-07,3602.2437780359196,2812.733264970969,4470.222813820052
2008-11-10,3577.5640096115512,2799.0147477893365,4385.2489216095455
2008-11-11,3573.1496221161697,2745.035129052625,4417.0917625288375
2008-11-12,3555.9746035929097,2776.379799885066,4360.280433307824
2008-11-14,3543.6741717157915,2698.652971796905,4322.099229743927
2008-11-17,3531.437263797258,2725.206617066199,4356.623005606004
2008-11-18,3531.7823747422885,2713.4489805463218,4341.586285844032
2008-11-19,3519.488194795055,2710.801153698063,4352.875916347966
2008-11-20,3527.7979848284945,2707.3092420532494,4340.200075547871
2008-11-21,3516.837020419926,2740.7811623215757,4298.267716911757
2008-11-24,3517.0523014508617,2658.600204429215,4345.282752736461
2008-11-25,3520.592830230616,2727.3261043066937,4378.838030412243
2008-11-26,3510.87651273428,2702.1146464111494,4339.774798223833
2008-11-28,3511.302845697198,2615.742237014744,4342.704573917869
2008-12-01,3510.584174937048,2666.6317624989124,4267.242798885363
2008-12-02,3512.375688358693,2687.431843139717,4365.427123136112
2008-12-03,3500.2648617995987,2678.142377691113,4301.301045937856
2008-12-04,3507.504121870628,2749.7734085715015,4327.900783007307
2008-12-05,3494.2606050860445,2592.5534054169707,4324.808013597047
2008-12-08,3481.2329044547555,2612.9577230190393,4319.798471207499
2008-12-10,3462.2325456331137,2686.3734166935724,4298.115039906121
2008-12-11,3465.3354422123352,2665.230685810889,4251.906700325552
2008-12-12,3448.2368683865707,2644.924593549594,4294.8327939008705
2008-12-15,3426.247923423301,2584.77693703555,4198.2761334186225
2008-12-16,3421.7851804765505,2626.060523239706,4231.511587489985
2008-12-17,3404.1081295928657,2559.827468512073,4206.280173617585
2008-12-18,3406.600568134011,2574.1631406468937,4238.89084273399
2008-12-19,3389.5351265500744,2526.284961938826,4222.792900685079
2008-12-22,3371.20218106759,2580.2372502889098,4190.89786057281
2008-12-23,3368.9532667579097,2525.895103493963,4251.980165182406
2008-12-24,3353.853848753653,2541.600149785663,4147.549630317647
2008-12-26,3345.124113252077,2503.9900971346083,4235.664866369067
2008-12-29,3335.605430021047,2473.118758999686,4188.745158576298
2008-12-30,3347.2785210056086,2519.9656722081368,4236.543358448161
2008-12-31,3345.706117000389,2570.9194705735886,4176.358568535567
2009-01-01,3364.081711881648,2556.213533647768,4241.957235987879
2009-01-02,3362.4921973511655,2547.778663978903,4138.555200527068
2009-01-05,3386.4652207517192,2567.4224154362605,4184.916548039633
2009-01-06,3396.4780967887177,2528.4213569719077,4146.653644438105
2009-01-07,3392.548203567046,2560.5210647850117,4218.523192156951
2009-01-09,3402.672737370369,2590.5837865008552,4207.094006428141
2009-01-12,3412.7961813844745,2625.6641449593335,4259.161803084614
2009-01-13,3417.536495106428,2554.4112299829126,4240.7521606131795
2009-01-14,3408.1930086490943,2549.7471503892125,4280.666897055997
2009-01-15,3418.112371371187,2578.614466675722,4265.2060405053235
2009-01-16,3407.555229186758,2594.729379588692,4219.722268630807
2009-01-19,3403.504121494585,2613.376149052525,4292.070434049216
2009-01-20,3404.4841877251965,2620.996060700907,4357.7777729286745
2009-01-21,3392.014402573485,2511.996530778151,4208.613385398765
2009-01-22,3399.51004591042,2549.1918545443596,4221.099012193946
2009-01-23,3387.2826872244423,2543.4900416909018,4196.230353952565
2009-01-27,3385.400894716955,2568.967185245552,4202.911125821291
2009-01-28,3375.103914056918,2541.9704597554887,4160.33071037147
2009-01-29,3385.417888736591,2573.056498054251,4278.251749968618
2009-01-30,3376.5715041389594,2543.6273260197995,4205.355919919869
2009-02-02,3384.737751207185,2538.0798580969945,4273.899994530314
2009-02-03,3391.732374792973,2556.068965091619,4222.538349074994
2009-02-04,3385.975038341507,2584.5081485515207,4250.390511794452
2009-02-05,3400.6876251138287,2618.8572999425382,4209.17763278914
2009-02-06,3395.9752924792574,2547.654498318123,4216.598675349506
2009-02-09,3413.8377168024895,2650.6876662473637,4196.416515056833
2009-02-10,3422.8475946035283,2559.8916742400506,4232.120098272678
2009-02-11,3418.3768547898535,2583.784100234882,4242.14235531702
2009-02-12,3433.601306721622,2615.7105246377005,4254.103031741912
2009-02-13,3428.599119872543,2535.144413199604,4258.952530129708
2009-02-16,3440.80672630674,2628.926852950259,4254.91935935976
2009-02-17,3446.4415581685394,2612.1974213334033,4220.274864469515
2009-02-18,3437.948474002157,2606.90436261122,4291.3202224637635
2009-02-19,3448.5860507338098,2603.7776240386183,4272.788966160272
2009-02-20,3438.5285632735763,2582.599106430244,4243.324491883029
2009-02-24,3433.7159821771374,2572.253604527398,4261.440274775571
2009-02-25,3419.5572389217823,2585.412728377776,4240.747272969695
2009-02-26,3424.772790534637,2631.1015332710103,4278.372966145348
2009-02-27,3409.6522567897314,2588.568484287305,4200.637308578201
2009-03-02,3392.978173397921,2562.812214607502,4199.843427935349
2009-03-03,3390.1590798000834,2556.8186148262766,4214.017833585368
2009-03-04,3374.1104955849523,2506.7652817092826,4228.943158140842
2009-03-05,3378.252245458759,2563.4799301506596,4176.04409142251
2009-03-06,3362.898049145846,2613.2399328183205,4163.445320680869
2009-03-09,3350.562400229741,2475.8656699146622,4210.7635403181475
2009-03-12,3347.1028046425463,2555.4875294071435,4102.686654244112
2009-03-13,3336.7834647479112,2562.300562147317,4200.693218224548
2009-03-16,3342.2859215917783,2595.1009930877094,4160.136338123033
2009-03-17,3349.0754612611813,2566.00760679265,4136.601986363717
2009-03-18,3343.5174639213606,2548.4124954597346,4199.762764391084
2009-03-19,3358.879321984429,2455.37700168382,4205.195308205908
2009-03-20,3355.3158607416217,2521.342484801781,4136.510828734171
2009-03-23,3380.15833216967,2563.3255671214933,4218.046195857489
2009-03-24,3392.854685060654,2582.4997504055978,4208.097026561644
2009-03-25,3392.8373895953873,2658.632034416329,4188.318055542391
2009-03-26,3413.3284797754873,2604.947674670842,4209.24682071719
2009-03-27,3414.4458033742476,2561.134753587749,4305.690239211755
2009-03-30,3450.391013789391,2603.0061390249966,4286.38133563573
2009-03-31,3465.7625804957934,2631.892024467499,4329.994599250199
2009-04-01,3467.9011798109923,2625.6977379291366,4284.011853413258
2009-04-02,3490.033335070293,2670.8748132684354,4334.774408824014
2009-04-06,3528.7445940967914,2749.9573350388455,4333.666286738021
2009-04-08,3544.3731432807645,2737.9626404364094,4349.486263758311
2009-04-09,3564.9621448936914,2755.9350732276166,4438.24939466941
2009-04-13,3594.0542791539006,2794.4967017003555,4402.535851003601
2009-04-15,3603.179430559774,2770.682075026202,4413.85561274509
2009-04-16,3620.1962409381695,2785.581442525657,4427.495953829542
2009-04-17,3616.7938209171084,2762.8434709477447,4429.508351312188
2009-04-20,3633.673805826102,2832.3151331454305,4416.340753400856
2009-04-21,3641.1416113822606,2786.4987214344,4451.254860105111
2009-04-22,3634.759743407427,2814.001623284877,4425.531604237687
2009-04-23,3647.8572526272765,2796.941501609571,4480.886209632992
2009-04-24,3640.6683747685124,2769.367290758124,4393.071757078154
2009-04-27,3647.4995729442558,2855.8853215529634,4474.689671295619
2009-04-28,3652.225078478169,2878.399207240949,4498.659391851716
2009-04-29,3643.486103535515,2787.5522797560498,4493.955173906177
2009-05-04,3651.592333443834,2830.1984800289342,4458.738890927397
2009-05-05,3657.0076628215375,2866.502457900166,4464.946693045119
2009-05-06,3649.5213326923204,2852.705589545931,4479.117716042606
2009-05-07,3662.497915805482,2857.7829715760586,4480.46917070415
2009-05-08,3656.192069179515,2832.0252298314695,4519.303481560707
2009-05-11,3671.648679559499,2818.5655021193816,4465.347393737576
2009-05-12,3681.136362625938,2883.3613531782526,4460.677501334343
2009-05-13,3678.004999107337,2797.020151202707,4493.997855784997
2009-05-14,3695.5425683785825,2879.330762900959,4535.733813224263
2009-05-15,3693.9211235993243,2856.8329864117763,4513.554444775402
2009-05-18,3723.290691431175,2840.0207730830602,4595.8982777618385
2009-05-19,3737.070683665259,2898.3748210538574,4585.8818244866725
2009-05-20,3737.9141947840517,2923.349297993371,4546.856623109867
2009-05-21,3759.029367576426,2883.3079199828785,4636.1766213909705
2009-05-22,3760.51588863278,2929.6404006551857,4561.690027073517
2009-05-25,3795.81731797014,3018.4192972768983,4600.364249343083
2009-05-26,3810.3128705231175,3004.3348120701107,4618.595278265032
2009-05-27,3811.2097652082157,2965.401355119608,4608.837729581853
2009-05-28,3831.7194287398706,3018.3217763926596,4672.0592481367485
2009-05-29,3831.9599277056745,2959.9199171000023,4678.001846190347
2009-06-01,3860.0832440004556,3026.3490991637764,4665.000788674624
2009-06-02,3871.2409891696093,3048.44454983478,4714.599578898759
2009-06-03,3868.4573886804556,3006.876689873406,4656.387826505734
2009-06-04,3885.035632667568,3077.099276016301,4680.212997991853
2009-06-05,3881.191893962134,3029.652135709923,4721.734301253595
2009-06-08,3897.1721175066873,3050.085526967983,4679.340131275137
2009-06-09,3904.658645818235,3081.761844334175,4702.66810142645
2009-06-10,3898.5521933683895,3066.2818532432134,4690.394090812601
2009-06-11,3912.241095678628,3153.135596067928,4777.064919881818
2009-06-12,3906.01633223195,3071.8747726503343,4676.364762323332
2009-06-15,3918.4592849691035,3042.2551527188743,4759.543163123619
2009-06-16,3926.0805693511343,3111.194876399215,4739.617649279662
2009-06-17,3920.7821191448347,3118.1009744043995,4711.920174940912
2009-06-18,3935.9376422203977,3184.532537974911,4803.78615790483
2009-06-19,3931.8075534209047,3151.4066446490087,4733.560400751207
2009-06-22,3953.7774159790606,3162.8079582373443,4763.699548512679
2009-06-23,3965.4167336707346,3167.77059572678,4807.792559561708
2009-06-24,3964.41292709856,3138.414304240786,4807.475513514052
2009-06-25,3984.042323512424,3195.60223951648,4815.357352114957
2009-06-26,3984.4642453795313,3137.0949423414254,4734.871886446216
2009-06-29,4019.545710845588,3185.903126063218,4843.201756361758
2009-06-30,4035.053077836146,3146.1098278758586,4853.033378530648
2009-07-01,4037.5221715471457,3202.7857695681123,4853.53675800457
2009-07-02,4060.157325059666,3297.6609405868635,4924.49625354531
2009-07-03,4063.0578638340703,3240.468374376089,4881.709707080309
2009-07-06,4102.017057769154,3235.1947119120364,4895.028957612022
2009-07-07,4117.572111831308,3299.900409708146,4948.769724310285
2009-07-08,4119.473959687982,3333.890743469247,4930.890042599172
2009-07-09,4140.952776471719,3271.360855119533,4965.010621064986
2009-07-10,4142.146694904228,3329.5337926054835,4972.114516371132
2009-07-13,4173.236427692575,3385.078592904579,5025.568768435834
2009-07-14,4185.477919591126,3365.883727127644,4977.819674390424
2009-07-15,4183.847930906418,3360.0463602596974,4996.224468817688
2009-07-16,4201.656498679375,3410.696875249393,4998.864272809549
2009-07-17,4199.120958972205,3281.275056132939,5063.4732548841985
2009-07-20,4219.404932498278,3383.6716165672506,5019.120146177365
2009-07-21,4228.386778010158,3360.2115184185923,5040.5914372007655
2009-07-22,4223.754566752904,3455.7495506383716,5100.967213721457
2009-07-23,4238.855002195102,3462.3134660997594,5068.6316935645555
2009-07-24,4233.9310034664795,3444.5082250598407,5137.896392358046
2009-07-27,4249.054643218029,3394.624166993345,5053.861835652163
2009-07-28,4256.959948155433,3443.964476732135,5121.021435898738
2009-07-29,4251.536528560223,3431.8074372434567,5040.239671674952
2009-07-30,4266.097309637491,3455.7396953532225,5047.438439922428
2009-07-31,4260.845641827139,3430.366040251964,5106.312104359591
2009-08-03,4275.813575996455,3437.3903967718898,5096.854959332856
2009-08-04,4283.791529780062,3482.0830106028643,5120.9170731910945
2009-08-05,4278.432512516853,3505.158994576556,5105.850418511654
2009-08-06,4293.013885972134,3475.454638549011,5117.480065597584
2009-08-07,4287.710088582501,3497.5275826278394,5158.486231333533
2009-08-10,4301.919555998022,3508.0621454712036,5125.0398560672165
2009-08-11,4309.4348515058755,3524.5705674224337,5164.651109492507
2009-08-12,4303.527637663202,3409.9226784872867,5098.290016193885
2009-08-13,4317.500818690583,3459.6136977931887,5085.944058446629
2009-08-14,4311.562691270634,3481.2923198110966,5130.739494568604
2009-08-17,4324.15003190251,3533.239855505757,5140.316879675908
2009-08-18,4331.38615566517,3513.1792114714845,5128.546159297535
2009-08-19,4325.4190561764735,3502.0145023147443,5140.849175369367
2009-08-20,4339.603255616276,3498.5319880249,5147.4491998311805
2009-08-21,4334.194769094483,3498.33494943719,5119.226920799145
2009-08-24,4350.659963180085,3536.136391379397,5126.965487310533
2009-08-25,4360.031766848664,3512.806507157166,5148.769137927441
2009-08-26,4356.634055717614,3561.584429228821,5235.394196573409
2009-08-27,4373.809770786391,3567.8578064158496,5182.825935087458
2009-08-28,4371.789978260547,3552.9619422959877,5206.2713027282025
2009-08-31,4400.356636588416,3607.518006696859,5268.051107162704
2009-09-01,4414.196703067009,3672.63045489051,5265.394770874962
2009-09-02,4415.352563905202,3632.147326604379,5152.552250860007
2009-09-03,4437.075588055197,3645.801646622732,5268.700237061109
2009-09-04,4439.499914091918,3624.8790757752777,5247.939082235901
2009-09-07,4479.782020245735,3716.933991648214,5344.608965440123
2009-09-08,4496.664604159493,3698.575773465825,5293.7604213755
2009-09-09,4500.283635346579,3655.587617197553,5300.761104465059
2009-09-10,4523.8153470676125,3753.4926095628934,5343.451505803793
2009-09-11,4527.331151835957,3676.014339662443,5318.5570751911155
2009-09-14,4566.182909706978,3719.3380236305975,5411.272059932314
2009-09-15,4580.971576882496,3713.5707384995194,5396.646304562679
2009-09-16,4581.7090334741215,3761.3941175683426,5415.742995859423
2009-09-17,4601.611668142344,3811.5461978323005,5364.372489506528
2009-09-18,4600.808813426821,3811.195182355962,5460.922188540384
2009-09-22,4631.984502572947,3812.0638885930057,5494.710286706333
2009-09-23,4626.343987323968,3798.9794444399495,5425.732168681258
2009-09-24,4639.807966834581,3815.3334654436676,5405.336513033604
2009-09-25,4632.634561078874,3787.818082046242,5436.636748010404
2009-09-29,4641.479066691602,3818.1750444299223,5570.502029060038
2009-09-30,4631.59169257899,3841.584353012841,5458.532824754504
2009-10-01,4641.519189779766,3835.2272668122387,5514.789245417747
2009-10-05,4633.338745358391,3826.747661195767,5480.886660011626
2009-10-06,4637.580770072659,3815.4064993173683,5423.233197815075
2009-10-07,4628.991473010614,3824.500225400289,5469.401887487009
2009-10-08,4640.933127130032,3753.494799616389,5540.184235017866
2009-10-09,4633.648589706877,3835.4135769844415,5459.818511279067
2009-10-12,4646.257597799845,3814.1959149392414,5476.972392735376
2009-10-14,4650.416816224313,3796.943656462311,5456.637805155601
2009-10-15,4666.629789729346,3815.175968685998,5441.398054815404
2009-10-16,4663.468096239,3812.161204261294,5464.213684018204
2009-10-17,4774.720573656024,3855.8933471841065,5540.777953156124
2009-10-20,4697.426350048834,3863.6177425477235,5490.835754772041
2009-10-21,4695.048533614715,3904.948497602237,5470.519173865562
2009-10-22,4712.5371155101,3890.8911883825253,5576.67016307676
2009-10-23,4709.992848125743,3887.7962801622366,5520.421512394157
2009-10-26,4730.972708417791,3905.273999591118,5477.780427180687
2009-10-27,4740.078872527795,3890.857600378405,5560.537509112501
2009-10-28,4735.371842846128,3906.383060868114,5548.108051670593
2009-10-29,4750.134582589881,3900.7494436525376,5603.806736657909
2009-10-30,4744.565029753881,3915.830743621993,5557.400394271397
2009-11-03,4756.38377934794,3940.18932484741,5568.906428531123
2009-11-04,4747.477105991954,3862.067149389661,5510.2687480648165
2009-11-05,4758.402774286667,3859.6574629369306,5558.2434956742045
2009-11-06,4749.452222508738,3854.7591793446386,5543.770519841538
2009-11-09,4753.972598634539,3947.1547410863236,5579.123671188504
2009-11-10,4759.052943494423,3937.828898721621,5562.127265180522
2009-11-11,4751.2715515557375,3996.8466306000214,5584.3054790014985
2009-11-12,4764.006105839901,3882.730102957405,5522.555219556816
2009-11-13,4757.519691543595,3940.8404451678257,5574.15215597742
2009-11-16,4772.806384990365,3944.6986884141315,5596.550983571931
2009-11-17,4782.334015134213,4011.0089719021976,5572.260479789901
2009-11-18,4779.263627261881,3958.7589687215163,5566.530884987046
2009-11-19,4796.859723940574,3937.683848462842,5622.622727173645
2009-11-20,4795.267236172634,3955.9170803205,5648.0053422347055
2009-11-23,4824.242738515658,4039.471153657437,5660.237545754524
2009-11-24,4837.627565572853,4086.0320470078673,5628.464388142841
2009-11-25,4837.895525337956,4072.2651157106748,5670.31252816866
2009-11-26,4858.230246898825,4018.300486441681,5703.188759234672
2009-11-27,4858.711553889048,4005.361919400247,5707.888430571603
2009-11-30,4889.538887277779,4066.521240916497,5669.413864101775
2009-12-01,4902.054351099344,4091.230707595551,5822.693052029237
2009-12-02,4900.743683952628,4127.724854481971,5739.572266867678
2009-12-03,4918.839328536595,4110.731228702195,5670.999350336001
2009-12-04,4916.487120012005,4102.319614976101,5744.045116951988
2009-12-07,4936.12285453751,4124.223869908936,5749.678129085511
2009-12-08,4944.356653426225,4088.498080103377,5865.996481435951
2009-12-09,4938.678435060949,4139.196159822627,5771.471529746159
2009-12-10,4952.437797705492,4115.71407581516,5729.703508390324
2009-12-11,4945.895363095756,4137.55195502627,5761.266418259586
2009-12-14,4954.882548796044,4118.68062197365,5810.516749426062
2009-12-15,4960.501901129821,4156.7602118797995,5730.127253748091
2009-12-16,4952.788189738058,4158.539369635361,5807.3687400371455
2009-12-17,4965.132350328887,4103.116501808557,5750.365825630544
2009-12-18,4957.817512742136,4142.912799767963,5731.4997294503555
2009-12-21,4968.278127164987,4167.651868335294,5778.933851589498
2009-12-22,4975.5352248284225,4162.078216946426,5777.651823618867
2009-12-23,4969.930235060442,4130.266947842903,5810.334242914392
2009-12-24,4984.769936538448,4182.840016746257,5814.012795160316
2009-12-29,5009.828794661744,4194.592144950327,5870.186195236133
2009-12-30,5006.806469385271,4133.145758787413,5760.112832852631
2009-12-31,5023.858476749369,4187.262469791566,5870.91075893569
2010-01-04,5042.268631596147,4187.118490715211,5845.157304949006
2010-01-05,5051.600526276594,4200.645534011451,5875.367131085373
2010-01-06,5047.094954090848,4216.864465014486,5827.972698914311
2010-01-07,5061.961585038587,4210.4392871427135,5884.499254815148
2010-01-08,5056.319710176878,4223.497057252707,5889.433134955626
2010-01-11,5065.4228334942345,4272.184677356462,5882.9877702692565
2010-01-12,5069.821457024206,4271.962558002911,5914.403474867507
2010-01-13,5060.097055745557,4195.504426398335,5933.420062879296
2010-01-14,5069.574096397456,4268.094545416122,5881.436332024372
2010-01-15,5058.492472058147,4203.261565217552,5895.495727361907
2010-01-18,5052.20023381519,4131.045561695619,5924.422382101537
2010-01-19,5052.166609737249,4228.752795031656,5830.745085044789
2010-01-20,5038.53610113486,4199.371687135867,5830.549097339633
2010-01-21,5044.721267617857,4258.353659789484,5840.453393662207
2010-01-22,5031.034785731357,4190.726119231816,5871.922066030665
2010-01-25,5021.510069636801,4209.881417851345,5815.212115652531
2010-01-27,5009.626313704211,4120.78589033291,5811.290402561856
2010-01-28,5017.811849281878,4233.396696458634,5865.040370049871
2010-01-29,5006.78947469445,4202.298879451732,5874.21776946845
2010-02-01,5008.377683978214,4252.777208148738,5829.289496713833
2010-02-02,5013.242025422437,4164.453767635432,5805.387721751881
2010-02-03,5005.423381591652,4169.38220713578,5770.983591660722
2010-02-04,5018.164035580113,4212.388122166833,5803.157159881495
2010-02-05,5011.587303542458,4182.686940957544,5804.327931584986
2010-02-06,5119.478881592389,4307.446785975742,5977.807151140771
2010-02-08,5024.640832853268,4225.218377979825,5781.956924573763
2010-02-09,5032.339138555922,4202.323189385803,5870.292070871631
2010-02-10,5026.708571966365,4187.59362633767,5866.046357702407
2010-02-11,5040.923032300613,4218.508028513866,5834.470636757744
2010-02-15,5045.425066472438,4236.237059447198,5827.813105580634
2010-02-16,5050.6501896540485,4249.7598858689635,5848.669066571483
2010-02-17,5041.8175686749655,4219.923171702013,5917.574522845437
2010-02-18,5052.164318936123,4231.608191085964,5927.864649799713
2010-02-19,5041.842154407008,4207.296114790204,5863.874062306667
2010-02-22,5036.315120951702,4225.175522280876,5849.006819975196
2010-02-23,5035.772503612143,4245.312597786829,5883.65119361418
2010-02-24,5021.14007184787,4198.922395569024,5872.394419118281
2010-02-25,5025.778983662237,4145.209608494605,5747.386924639685
2010-02-26,5009.962811586791,4211.040987220949,5803.729433476353
2010-03-02,4986.2701279359135,4148.760812621494,5850.683506830103
2010-03-03,4968.786436815851,4157.117488744957,5818.51096427692
2010-03-04,4971.337176084388,4153.130330748379,5793.8546232483895
2010-03-05,4954.240293927125,4154.558892203225,5775.608483596285
2010-03-08,4935.847594698918,4126.712131182792,5834.3240068588675
2010-03-09,4933.819799633457,4137.048436270222,5782.2562585374
2010-03-10,4919.194385815124,4103.146298234271,5765.426236448632
2010-03-11,4925.34484374762,4081.731175490314,5760.29417548471
2010-03-12,4912.529562297496,4074.057302803726,5770.0059829902175
2010-03-15,4910.335719805407,4112.495132979128,5697.825381081642
2010-03-16,4914.545857539355,4122.872479540074,5728.692806689385
2010-03-17,4906.427568917669,4056.2481330710116,5724.302108426991
2010-03-18,4919.262371471415,4162.413659953405,5777.022993363243
2010-03-19,4913.217917948425,4042.3498028963377,5763.463858126406
2010-03-22,4931.000048139248,4119.587643953878,5790.119765816444
2010-03-23,4941.498151558604,4159.047162123924,5805.138600796155
2010-03-25,4957.841747326125,4144.684341592856,5798.578518863438
2010-03-26,4957.033185897587,4129.362761699697,5811.095102152609
2010-03-29,4987.767873677106,4181.064817503787,5818.02538589984
2010-03-30,5001.588530748979,4174.4817578386455,5800.0060116372215
2010-03-31,5002.265656008427,4181.013189575481,5869.356197073406
2010-04-01,5023.022766037977,4206.426449606332,5871.120787715829
2010-04-05,5057.02542634973,4223.539175129435,5830.369972835057
2010-04-06,5070.665174105736,4306.295293735128,5901.2399064496485
2010-04-07,5070.717579025145,4231.371864115166,5882.5992643561785
2010-04-08,5090.427560254389,4347.873029951418,5904.016046633748
2010-04-09,5089.941209946838,4299.376218789258,5890.4009346266575
2010-04-12,5116.485758984254,4269.600614134199,5987.073724378312
2010-04-13,5127.32595885534,4299.975364727213,5971.981520523448
2010-04-15,5140.704089806496,4267.729225728787,5928.006933513305
2010-04-16,5136.6932843279355,4327.819183901531,5954.209938411841
2010-04-19,5151.738369289916,4368.458924412844,5989.194241538826
2010-04-20,5158.562411689227,4301.043597858276,5955.056867918578
2010-04-21,5151.505372207919,4343.2861622910195,5995.461246096139
2010-04-22,5163.88677650986,4357.594789938274,6011.424344510225
2010-04-23,5155.931321899184,4314.011412527655,5970.672999363955
2010-04-26,5160.068178813063,4320.294427042954,5969.83031815743
2010-04-27,5163.736065194773,4381.799370581544,5978.790464668365
2010-04-28,5153.847802207355,4261.125218195128,5967.217670506936
2010-04-29,5163.771478055193,4317.154562311315,5951.024391383363
2010-04-30,5153.777237016582,4233.694360369519,5913.429378508867
2010-05-03,5154.695054797094,4366.3925472339515,6000.496128638425
2010-05-04,5158.352064005363,4356.643082717074,5958.151991552487
2010-05-05,5149.012721530851,4272.725721204718,5968.538751063852
2010-05-06,5160.048772231406,4336.017081554437,6002.460463104335
2010-05-07,5151.7239789448395,4345.5710209443205,5940.20683158046
2010-05-10,5160.7706174449095,4353.205696480922,5975.727333555491
2010-05-11,5168.050444434391,4381.25361789491,6035.540079575592
2010-05-12,5162.7016777733115,4378.780829023775,5980.450231942793
2010-05-13,5178.028954704346,4337.3786686049,5968.090623461506
2010-05-14,5174.221178406812,4321.452616338529,6023.737839346899
2010-05-17,5197.33889152405,4408.9854488108995,6057.265354488893
2010-05-18,5209.187366781548,4386.24341134668,6042.567061766701
2010-05-19,5208.197104424104,4376.813533705112,6014.323230708723
2010-05-20,5227.586348558219,4439.211197144572,6098.254180849419
2010-05-21,5227.4626023962,4403.213837571093,6077.551539120811
2010-05-24,5258.666706277052,4444.539901416695,6054.094574150406
2010-05-25,5272.040360366155,4404.925834780785,6054.043963838722
2010-05-26,5271.929955929836,4467.622976052135,6148.910393562811
2010-05-27,5291.538409101916,4441.196781681086,6076.504603963764
2010-05-28,5290.97274259321,4463.236048861878,6136.467056685518
2010-05-31,5317.104762497488,4480.829715666949,6182.920499077638
2010-06-01,5327.684897824266,4483.078798173488,6162.163900172252
2010-06-02,5324.335745447802,4479.267652383135,6156.526321302868
2010-06-03,5340.341069072206,4516.766819430987,6158.110191421486
2010-06-04,5335.897725869526,4552.666747425278,6206.247399795834
2010-06-07,5349.737390276393,4493.296641361964,6146.253676976618
2010-06-08,5356.342892965708,4504.7354864508625,6203.591094528888
2010-06-09,5349.249749326325,4537.713391250133,6200.426970028383
2010-06-10,5361.8367883861265,4525.279261930288,6179.11457542336
2010-06-11,5354.388274908226,4465.296581094376,6248.8809402238785
2010-06-14,5362.406407873439,4596.806965121647,6207.662462911696
2010-06-15,5368.309405992084,4585.48712987741,6153.691302272577
2010-06-16,5361.182331429368,4539.482753052007,6201.500701203436
2010-06-17,5374.409798369727,4532.4567381021825,6199.979500931832
2010-06-18,5368.265504362333,4503.032089434834,6188.926569192241
2010-06-21,5383.83683132188,4525.63035001227,6207.1479506739915
2010-06-22,5393.284785353478,4523.060011339481,6198.132381786994
2010-06-23,5390.092046897732,4563.647012132782,6217.989085006262
2010-06-24,5407.553934370828,4522.510657923197,6262.45132445524
2010-06-25,5405.848081735172,4599.800610138487,6225.928907782019
2010-06-28,5434.948353862871,4635.3842823538325,6254.338377562203
2010-06-29,5448.641453786108,4647.970811206117,6270.800624264323
2010-06-30,5449.403048609963,4701.52480248508,6295.115372451664
2010-07-01,5470.44380811475,4681.890068234403,6248.999778049297
2010-07-02,5471.86661671525,4645.17235682814,6257.636445273448
2010-07-05,5507.086349683202,4685.533887075335,6271.10510224931
2010-07-06,5521.610766568849,4714.128645973872,6413.986622258537
2010-07-07,5522.576197714521,4675.4788732836605,6335.114632595709
2010-07-08,5543.201553534481,4700.366781252853,6361.065496616918
2010-07-09,5543.612145659867,4746.700651049827,6359.547033940251
2010-07-12,5572.6294695376,4755.668388005473,6402.934178222991
2010-07-13,5584.22285906812,4770.45971958132,6406.294424085414
2010-07-14,5581.941639981415,4732.625847947248,6389.947780178884
2010-07-15,5599.082263843295,4759.51927410418,6377.801614998389
2010-07-16,5595.84972135038,4774.524292315812,6392.276329772892
2010-07-19,5613.769471947402,4816.676780334239,6438.713030716136
2010-07-20,5621.848869813728,4773.787363929935,6441.729087833482
2010-07-21,5616.250623556332,4799.119538547743,6408.694780859581
2010-07-22,5630.320809068172,4824.722900380669,6429.815917206469
2010-07-23,5624.303773331202,4821.120087980877,6446.536174850043
2010-07-26,5635.8131519806375,4812.951251119161,6501.39200134959
2010-07-27,5642.423251991232,4743.403695251376,6464.161421350278
2010-07-28,5635.672688945994,4790.747356195273,6459.088693516611
2010-07-29,5648.883236721997,4901.6735074896205,6512.394875855847
2010-07-30,5642.267170757006,4860.408214425493,6455.266840221117
2010-08-02,5653.1397828334675,4833.094259566742,6526.475172616583
2010-08-03,5659.775096335749,4822.054734954444,6470.141687668718
2010-08-04,5653.093044654305,4801.537767389529,6480.65090220502
2010-08-05,5666.373619653714,4766.494125326088,6465.006959699747
2010-08-06,5659.792091855864,4830.607971111235,6526.317762881315
2010-08-09,5670.287362809403,4918.1913615307085,6541.752331455359
2010-08-10,5676.5889208801755,4874.855511476979,6468.048625237207
2010-08-11,5669.468530745404,4868.2961505822395,6493.473920646211
2010-08-12,5682.220244196809,4903.194520647777,6512.528057457773
2010-08-13,5675.042656707497,4874.348455642327,6555.627604484412
2010-08-16,5683.7014401906745,4863.714217910998,6433.595983251528
2010-08-17,5689.524879619674,4883.946800785604,6505.625986087082
2010-08-18,5682.078820557638,4835.7038172907,6476.222842336697
2010-08-19,5694.710880871745,4846.498248557876,6551.541123925182
2010-08-20,5687.671924616471,4818.97002268633,6487.337170281953
2010-08-23,5698.75611504645,4858.634596196012,6552.813835454818
2010-08-24,5706.176451495188,4915.875713144634,6542.643842387707
2010-08-25,5700.757366844646,4803.452280666703,6487.072637447656
2010-08-26,5715.850958381695,4888.647991857903,6454.486531550226
2010-08-27,5707.346923914489,4841.2079497241475,6510.24825357091
2010-08-30,5716.310738490587,4867.136722061872,6565.295750099992
2010-08-31,5723.622732475406,4857.959774298402,6623.278852576704
2010-09-01,5718.284239936657,4938.256823107867,6502.785347461669
2010-09-02,5733.565526529226,4890.553562156996,6597.479356839986
2010-09-03,5729.6192844086245,4884.639747457514,6512.991934709092
2010-09-06,5751.386478910592,4916.607132859103,6596.059398598389
2010-09-07,5762.344320114071,4871.338688479679,6560.761132159029
2010-09-08,5760.180201494683,4958.45936935423,6577.799163921035
2010-09-09,5778.0769756761365,4911.457877617563,6642.383919582974
2010-09-13,5799.403275827055,4991.346125907523,6630.375697735969
2010-09-14,5809.280210409326,4952.493965052273,6651.808961196826
2010-09-15,5805.223215735943,4944.564390863385,6551.582059987551
2010-09-16,5820.432276592683,4980.232257709627,6568.8473681753285
2010-09-17,5815.017791907534,5009.985604961688,6577.775749022237
2010-09-20,5824.034416854815,5026.216137439264,6656.130137226646
2010-09-21,5828.125186545564,5008.374253309518,6631.789385696802
2010-09-22,5817.943762816248,5018.730359934227,6682.461883423352
2010-09-23,5826.8099745380905,5070.5717422481885,6637.091175222513
2010-09-24,5814.959957765856,4914.251998872984,6651.875036672547
2010-09-27,5805.394747566566,4957.100665385437,6667.7653464468185
2010-09-28,5803.945749187445,4946.55600675562,6627.557579737639
2010-09-29,5788.739898715556,4988.662656171784,6640.60349039512
2010-09-30,5793.19308147014,4966.349490203024,6607.176829377797
2010-10-01,5777.62267003344,4979.679723690947,6617.139748669087
2010-10-04,5761.601842285004,4975.047017490695,6549.861930953552
2010-10-05,5759.656065918545,4969.024957319021,6630.4422721436495
2010-10-06,5744.773724723259,4950.155058954308,6533.448164614001
2010-10-07,5750.336189072563,4953.097689539911,6570.750885081973
2010-10-08,5736.6073218680185,4890.899426239598,6505.780485441859
2010-10-11,5729.718956257828,4934.697905336716,6524.062968211104
2010-10-12,5731.689989791242,4905.529930980559,6594.0342874549
2010-10-13,5720.971229518029,4913.1314427841935,6583.284501586309
2010-10-14,5730.821975693728,4876.553576526357,6512.110297103176
2010-10-15,5721.383039569417,4922.911488577381,6523.467659302316
2010-10-18,5726.198508798808,4911.615893032558,6587.166243104344
2010-10-19,5731.330440472278,4931.2541355888,6511.442055112064
2010-10-20,5723.256558387753,4870.710097747866,6534.952009213215
2010-10-21,5735.171708448472,4914.660871781103,6593.235717557936
2010-10-22,5727.170177984789,4919.745921028201,6560.237838989094
2010-10-25,5732.36074561735,4974.544789183071,6592.065152539179
2010-10-26,5736.345658134394,4921.520992194813,6542.176501015763
2010-10-27,5726.55666852874,4854.682362798333,6536.134981526671
2010-10-28,5736.255612675832,4899.0808456398145,6551.893647625712
2010-10-29,5725.618704445012,4918.7235180327025,6617.175076390102
2010-11-01,5721.378741496668,4878.724075762679,6528.379718129732
2010-11-02,5722.0789427346845,4933.49290568041,6595.343842776269
2010-11-03,5709.125337432738,4924.742063126828,6552.419418611736
2010-11-04,5715.891603603597,4879.470871486942,6523.377464331089
2010-11-05,5702.659535010763,4895.696154086211,6530.819512587947
2010-11-08,5693.559054727194,4820.534585011435,6494.958259425727
2010-11-09,5693.844238055089,4892.635607769272,6488.313044523299
2010-11-10,5681.1513348889375,4856.4164721164725,6513.179503706336
2010-11-11,5688.869833079363,4900.57509429416,6545.212850144333
2010-11-12,5677.277652374591,4823.115935703589,6466.780998083759
2010-11-15,5676.893537047149,4833.68553551182,6531.324253545989
2010-11-16,5681.149817455669,4810.039918699139,6495.872105691492
2010-11-18,5685.195387688489,4879.178521729352,6540.462501410743
2010-11-19,5678.438052543874,4791.062111404975,6492.737310229659
2010-11-22,5692.45354949653,4907.858287143447,6526.639663443012
2010-11-23,5701.081477547616,4934.66895650308,6572.371261789241
2010-11-24,5696.725760493188,4886.061947285932,6546.34425529201
2010-11-25,5712.575891208893,4903.916434900163,6507.7937644877165
2010-11-26,5708.71386541883,4890.859219826119,6543.267430760044
2010-11-29,5727.324697369087,4896.056567065311,6552.399974939835
2010-11-30,5736.010054364273,4869.910664886013,6572.34768745272
2010-12-01,5730.967760712677,4951.995158109506,6587.430199457075
2010-12-02,5745.412710695911,4897.732645580587,6528.060528979715
2010-12-03,5739.471174974313,4924.560961690963,6574.585735982433
2010-12-06,5748.493132304385,4871.748066517604,6549.889111021144
2010-12-07,5753.167203970665,4959.125273232585,6580.885041995761
2010-12-08,5743.882986204835,4902.849361767887,6519.852397328302
2010-12-09,5753.970852968673,4971.739222032605,6664.370426654498
2010-12-10,5743.674308192073,4928.627145977728,6544.653826496026
2010-12-13,5740.773423842756,4935.67487766504,6594.517084297736
2010-12-14,5742.194294677371,4912.003375463365,6585.622475948798
2010-12-15,5730.159456757505,4965.486285190825,6550.265272587912
2010-12-16,5738.062502158094,4920.336038267401,6579.767992217593
2010-12-20,5722.4187317500855,4895.64096214383,6487.1999644708585
2010-12-21,5724.792421689232,4867.854844497754,6498.761108559517
2010-12-22,5714.26607591735,4874.558362452746,6493.645162182872
2010-12-23,5724.167464287533,4889.237572033195,6476.8197959944055
2010-12-24,5714.705210783282,4843.678904595465,6509.923295437374
2010-12-27,5719.627129353885,4891.572356954869,6529.7141548892905
2010-12-28,5725.02606878194,4933.047531485937,6518.782756315278
2010-12-29,5717.398018559131,4899.420417400604,6557.334251198424
2010-12-30,5729.958702568233,4893.87084835338,6546.798872924165
2010-12-31,5722.810626842752,4912.088733940327,6594.6649915768285
2011-01-03,5731.694400092066,4913.74945711632,6521.755333117902
2011-01-04,5737.185523417841,4967.642025050173,6599.835983694448
2011-01-05,5728.959466131945,4878.967049532482,6521.728871723155
2011-01-06,5740.21431178351,4954.388296877362,6574.917658675062
2011-01-07,5731.054647462799,4945.607510422618,6584.08286923238
2011-01-10,5729.983203683957,4852.413971160616,6561.840394894142
2011-01-11,5731.04564880423,4829.8453713404215,6546.189969062434
2011-01-12,5717.974671414686,4896.309887875724,6520.397275214048
2011-01-13,5724.071611018558,4899.791038460214,6552.950587547607
2011-01-14,5709.553912792903,4861.28620826986,6554.086255004597
2011-01-17,5692.415759904202,4888.521004223451,6472.0661798673
2011-01-18,5688.531602155823,4852.514761767897,6520.8485561171265
2011-01-19,5670.912179116214,4810.417400216452,6538.61287250214
2011-01-20,5672.962669036523,4855.162880154051,6567.119622848151
2011-01-21,5654.992079805812,4806.122240939859,6431.57472601512
2011-01-24,5631.738944203724,4799.393215808293,6432.411300805473
2011-01-25,5627.368268552589,4805.80188644592,6397.504117991036
2011-01-27,5613.194027899491,4806.324698332593,6417.549965841825
2011-01-28,5597.047493857651,4748.004741066848,6428.891990789236
2011-01-31,5583.036883463172,4744.897452043323,6432.636651429909
2011-02-01,5582.7048867155645,4737.532610748156,6404.276954602881
2011-02-02,5569.731004686879,4702.469414089901,6390.614925018281
2011-02-03,5577.380003337809,4753.576640309723,6362.4155555258585
2011-02-04,5565.796081843288,4757.5287017005,6422.246882334861
2011-02-07,5564.509167720751,4736.479847908885,6351.048655894394
2011-02-08,5567.69806801577,4736.223695621232,6407.935196545832
2011-02-09,5557.707014050356,4729.295514429298,6383.287480465252
2011-02-10,5567.712630964353,4698.9894550040135,6395.358949998498
2011-02-11,5557.786551116863,4697.706504585188,6417.997751335019
2011-02-14,5556.82191240375,4689.412758636236,6375.554035318703
2011-02-15,5558.510824376346,4741.4990580461235,6351.557654837592
2011-02-16,5546.236661768385,4758.863108146102,6385.477176934536
2011-02-17,5553.217174835423,4704.006083782362,6374.864826959987
2011-02-18,5539.582972457553,4749.425693976891,6368.482679250216
2011-02-21,5524.218700058187,4661.998808330814,6356.30908973073
2011-02-22,5520.3531597763,4678.311597413722,6339.725889224746
2011-02-23,5502.338644612419,4709.754205731858,6376.901397431096
2011-02-24,5503.515711447258,4687.816473471885,6348.852465379473
2011-02-25,5484.13912067316,4687.204792326065,6389.8181270884315
2011-02-28,5453.116956411626,4644.044839941751,6294.406950067387
2011-03-01,5444.924963314011,4623.761638334931,6253.559737334755
2011-03-03,5421.335308613089,4607.095558677827,6214.515818915319
2011-03-04,5399.674989834336,4590.641647799505,6245.6476794427235
2011-03-07,5366.701585317695,4530.766690665915,6210.756946707644
2011-03-08,5359.545715288585,4564.259967203859,6181.728798191987
2011-03-09,5339.678185819311,4505.594165887533,6136.663972350631
2011-03-10,5340.486973911933,4462.9398673495725,6162.825174740946
2011-03-11,5322.2461609197835,4528.855172241768,6138.499354491781
2011-03-14,5303.439770331582,4423.425095444655,6102.034571724387
2011-03-15,5302.057043580901,4511.965130646524,6108.96589391928
2011-03-16,5288.345802744666,4472.209169008279,6140.98499468049
2011-03-17,5295.603050143763,4460.561952437714,6108.116278877351
2011-03-18,5284.010861246213,4448.31736046929,6104.206726931228
2011-03-21,5285.453243378714,4440.407799523185,6135.03112300343
2011-03-22,5290.640042967498,4474.383443950416,6048.29062066432
2011-03-23,5283.281530374131,4436.409104188002,6094.018739235914
2011-03-24,5296.609020408546,4446.003803138986,6058.230197115794
2011-03-25,5290.74678403517,4508.474945244731,6101.052418637247
2011-03-28,5306.883660014331,4455.6283266932205,6156.1944182333755
2011-03-29,5316.027101729259,4442.451581409343,6178.2229656445215
2011-03-30,5312.119433829006,4540.005580379632,6183.466685105679
2011-03-31,5328.381859018003,4481.049020477408,6145.919370862346
2011-04-01,5324.934928161526,4491.8279496967725,6143.529305757868
2011-04-04,5345.243122804871,4558.159498448541,6180.33581266746
2011-04-05,5354.7880475200745,4557.90032739802,6160.623664066021
2011-04-06,5350.813589610862,4521.625407449111,6186.9215417058485
2011-04-07,5366.560296266893,4535.568033281884,6150.818327903183
2011-04-08,5362.169758953331,4617.163356898882,6192.515914591119
2011-04-11,5377.308751473484,4579.525264769016,6209.703888618032
2011-04-13,5377.730695062179,4607.661791006006,6174.743557331384
2011-04-15,5382.8255148711905,4568.049632695811,6220.534074075296
2011-04-18,5387.015109788502,4534.900764240792,6271.029404141383
2011-04-19,5390.2104029776365,4613.765786164017,6201.327820652266
2011-04-20,5379.504865511132,4545.6186222949555,6212.438545211401
2011-04-21,5388.208724364769,4536.354766378183,6251.890764398391
2011-04-25,5369.19976212074,4589.924058129492,6193.764929212513
2011-04-26,5368.903997972877,4533.060111126144,6185.051176181363
2011-04-27,5354.968918752741,4513.165077009872,6149.035348365868
2011-04-28,5360.755671163568,4520.581887870953,6135.353270168912
2011-04-29,5346.52862265617,4544.057461843049,6124.9691247179835
2011-05-02,5334.1366155567375,4536.270796447406,6107.047196651608
2011-05-03,5333.149601462518,4531.883114574258,6182.523353591694
2011-05-04,5319.065384472279,4532.305166676777,6172.313888365054
2011-05-05,5325.260385779303,4435.748785652345,6178.529305166637
2011-05-06,5312.005045485312,4403.541095416338,6103.339330099317
2011-05-09,5305.81848802599,4462.536646969042,6045.4142762274205
2011-05-10,5307.913828222473,4558.176559583211,6197.803230700335
2011-05-11,5297.351022857686,4516.711595368612,6082.958671702926
2011-05-12,5307.450622388144,4457.9567590909055,6191.936064654281
2011-05-13,5298.418082535878,4474.153459553682,6156.477776021634
2011-05-16,5306.046517037015,4439.847402714042,6146.241377935439
2011-05-17,5312.847412566302,4450.549915121704,6106.584839627397
2011-05-18,5306.891902594594,4487.488269897765,6114.984454352172
2011-05-19,5321.410791935321,4524.083434082258,6193.9103432786615
2011-05-20,5316.522214579066,4455.916146547639,6223.427444375935
2011-05-23,5334.136588110117,4492.683930457599,6170.385122313927
2011-05-24,5343.226139645401,4499.850846926933,6114.24886430637
2011-05-25,5338.953056160528,4536.359221817742,6179.820186857503
2011-05-26,5354.51514007527,4507.70308772261,6194.860573638732
2011-05-27,5350.011565994875,4531.531456926765,6201.391850749871
2011-05-30,5364.864801303809,4529.693401374494,6186.286086473877
2011-05-31,5371.814415370706,4573.317432240427,6206.294213900207
2011-06-01,5364.87052043639,4556.655214916876,6187.4651846384795
2011-06-02,5377.297977843041,4717.366707401585,6181.361923863972
2011-06-03,5369.274264728909,4561.725440392356,6230.3460775541735
2011-06-06,5372.166716835895,4524.171393400628,6275.453303760172
2011-06-07,5374.994932080287,4502.907448810821,6239.030852654637
2011-06-08,5364.034273552061,4511.111389030225,6127.875854916604
2011-06-09,5372.650918396704,4535.078991576972,6232.5816075916555
2011-06-10,5361.118961732013,4580.082514236059,6187.169702850228
2011-06-13,5356.148898044229,4579.02279583786,6183.839175442849
2011-06-14,5357.471685979726,4579.300507471271,6143.520236894695
2011-06-15,5345.64419271498,4513.674656324309,6159.233340108028
2011-06-16,5354.0585818786485,4538.579218909386,6201.5174134531835
2011-06-17,5342.998816907155,4476.759404350944,6094.338733910595
2011-06-20,5343.346806102812,4553.164600618733,6149.531654071062
2011-06-21,5347.616218126311,4582.119338483167,6159.766939377514
2011-06-22,5339.223394548515,4483.090124549309,6166.00113776635
2011-06-23,5351.482829670837,4531.716121017508,6184.483354819084
2011-06-24,5344.591245406558,4560.539018119331,6183.785252870455
2011-06-27,5358.4143693841415,4610.844858325346,6147.202927498094
2011-06-28,5367.161585288009,4507.089967874212,6236.779810592767
2011-06-29,5363.072411443782,4526.7811965161145,6139.864487306917
2011-06-30,5379.367163476428,4543.593598263106,6145.2443708209885
2011-07-01,5376.155742725346,4504.85840840732,6191.939624868866
2011-07-04,5398.1720242968695,4557.854383843819,6202.66940732821
2011-07-05,5408.524010134772,4615.254586450022,6292.037371955639
2011-07-06,5405.422589680552,4607.100801372161,6237.155051885101
2011-07-07,5422.077845068197,4557.920261141581,6215.499917698197
2011-07-08,5418.6042690807835,4591.672795406047,6263.719307655675
2011-07-11,5436.354080107355,4637.472931508425,6289.767150779688
2011-07-12,5444.27173686985,4653.328007132995,6260.21183168142
2011-07-13,5438.32984630905,4578.73855253856,6284.7461952467975
2011-07-14,5451.810220685438,4614.721892953097,6303.14441161836
2011-07-15,5444.904008255431,4626.021787132332,6293.746064195744
2011-07-18,5451.60299529994,4547.793031931634,6293.582519064581
2011-07-19,5455.844168728763,4635.352491623004,6272.231073315553
2011-07-20,5446.34790791983,4628.029218762527,6291.742834244439
2011-07-21,5456.4569809659415,4687.027488750757,6333.981019305336
2011-07-22,5446.414577591268,4685.2510447799505,6281.475627192834
2011-07-25,5445.481130468062,4665.656301202705,6280.542172373452
2011-07-26,5447.83656733489,4574.673662368099,6243.64447066226
2011-07-27,5436.789006860222,4586.366590655859,6225.356567387365
2011-07-28,5445.668461519914,4628.170338445456,6291.889035451165
2011-07-29,5434.6959788934755,4590.329994416002,6201.7164592630525
2011-08-01,5432.435460629324,4585.2636852439055,6234.632706728393
2011-08-02,5434.698741782897,4658.835547410487,6281.966858368533
2011-08-03,5423.658643242623,4580.3649947810445,6260.796132047705
2011-08-04,5432.599851998461,4673.332932565192,6311.738389967121
2011-08-05,5421.700701184203,4492.552136064629,6262.355723403099
2011-08-08,5419.377208575439,4556.044149408617,6232.677724138234
2011-08-09,5421.442555179137,4616.353989773669,6180.910918507837
2011-08-10,5410.095918020013,4580.991067169355,6273.43024427046
2011-08-11,5418.623988687055,4601.597431291905,6221.539110487155
2011-08-12,5407.216772683274,4540.760389807644,6181.190600991111
2011-08-16,5404.523616946762,4479.864350574905,6240.738454106494
2011-08-17,5392.669073311765,4556.410907405034,6243.319513260394
2011-08-18,5400.828335850078,4566.24970260217,6235.306993215306
2011-08-19,5389.244976225496,4579.476516558916,6230.196981173155
2011-08-22,5386.22024849026,4556.488258055837,6293.119356705408
2011-08-23,5388.774463305067,4501.045020663412,6216.73293663796
2011-08-24,5378.411413196999,4493.978573222431,6173.999109526901
2011-08-25,5388.489229028706,4528.320210475379,6166.115702112736
2011-08-26,5379.259027891225,4615.693439576757,6203.642321258272
2011-08-29,5385.784825809164,4614.914155456839,6216.528869077061
2011-08-30,5392.24751544626,4593.306874666126,6207.161301913009
2011-09-02,5395.833203489843,4592.016807848607,6165.841236694413
2011-09-05,5415.7845077461525,4619.724815895656,6252.691759223052
2011-09-06,5426.349067150724,4552.626687185717,6228.332909672316
2011-09-07,5423.920832205386,4631.1939842227275,6198.2945353150035
2011-09-08,5441.692951086892,4638.862667177437,6281.805718774474
2011-09-09,5439.747615672873,4625.717632695002,6291.838134364012
2011-09-12,5464.0143684764025,4583.065049473348,6302.486677924644
2011-09-13,5474.508970714522,4682.311274245177,6329.487663485321
2011-09-14,5471.203326746981,4648.457015302408,6283.2704956253165
2011-09-15,5487.284681048063,4694.69278355542,6229.146316559475
2011-09-16,5482.847720890935,4622.644913727258,6260.493212222372
2011-09-19,5495.23434833894,4702.996876248724,6336.003805134344
2011-09-20,5500.520544919587,4670.5796595269585,6345.642041054412
2011-09-21,5491.531060448382,4715.440011696971,6366.398477406702
2011-09-22,5501.5616113793885,4672.511957361431,6338.549182437913
2011-09-23,5490.824798353679,4730.85507103664,6367.125248482396
2011-09-26,5484.077929784897,4686.634377776589,6297.62283472012
2011-09-27,5483.333860477622,4635.285277928964,6288.1983943246505
2011-09-28,5468.692290344233,4555.321984427005,6247.1689157217725
2011-09-29,5473.5600460392525,4642.720346918846,6357.131445069622
2011-09-30,5458.249121349694,4634.878284359931,6277.071959435292
2011-10-03,5442.0797423568165,4604.691937335121,6246.751999160597
2011-10-04,5439.795465895127,4679.6466070445285,6216.666996247571
2011-10-05,5424.448978944709,4600.433534441051,6272.009697388388
2011-10-07,5415.043850383698,4630.103943151413,6274.756743664461
2011-10-10,5405.826618996496,4657.594692934065,6207.933169421536
2011-10-11,5406.985872331416,4550.267029461687,6188.01555881342
2011-10-12,5395.475860477535,4551.481604933482,6258.44544349723
2011-10-13,5404.5777426867835,4599.843470881557,6253.776022323928
2011-10-14,5394.452613985442,4563.808703808794,6198.38819647064
2011-10-17,5397.753707151138,4601.675248727394,6273.861924157682
2011-10-18,5402.603695099124,4584.918883369787,6201.321414909583
2011-10-19,5394.371567991623,4585.7451694144975,6188.7299096419565
2011-10-20,5406.2540430060035,4542.271533600859,6186.414809084964
2011-10-21,5398.343523043829,4582.352276837311,6247.978359967648
2011-10-24,5404.47629109033,4579.175449015791,6214.738434866303
2011-10-25,5408.957653675845,4617.669403558477,6207.127336211194
2011-10-26,5399.729051292751,4555.783702479308,6280.412424797125
2011-10-28,5400.024204581238,4587.958146092226,6148.732188391569
2011-10-31,5397.594016489216,4627.705394375099,6202.001539772382
2011-11-01,5398.802143311274,4627.227825933562,6220.396241844293
2011-11-02,5386.276709802529,4565.5440361989595,6246.189865939465
2011-11-03,5393.375149871396,4611.434136292518,6248.857669909485
2011-11-04,5380.365704635897,4464.833468883963,6220.3912136692425
2011-11-08,5371.188095371941,4498.82290182858,6230.705093052935
2011-11-09,5358.083450026754,4586.889701356951,6182.880915080779
2011-11-11,5353.04091320728,4523.403165997221,6101.788517873893
2011-11-14,5350.249379264585,4493.658803247241,6169.818234725763
2011-11-15,5353.602223174423,4534.8885484123275,6242.372385756966
2011-11-16,5344.355591226022,4454.65554345432,6213.71167740654
2011-11-17,5355.818957476185,4517.286576951785,6178.728714649226
2011-11-18,5348.181309501051,4567.362444887974,6236.522462399717
2011-11-21,5359.948418564056,4579.263295702602,6174.251362216434
2011-11-22,5368.019401626303,4566.396994368932,6196.295703158918
2011-11-23,5363.227689672742,4529.959237730256,6205.930243983001
2011-11-24,5378.773021105703,4529.355016993779,6201.957562822598
2011-11-25,5374.744157757454,4571.8541076332685,6260.617671507506
2011-11-28,5393.694604392722,4539.8819183125115,6295.5495238282
2011-11-29,5402.758822043421,4585.145641346749,6230.687194767611
2011-11-30,5398.212218460239,4516.294052040517,6225.182921197842
2011-12-01,5413.255351194382,4623.13807604165,6202.698019307364
2011-12-02,5407.997526740769,4531.317262510685,6231.9569218816405
2011-12-05,5419.385242459024,4600.980456505803,6228.83180969164
2011-12-07,5416.3982313681545,4576.600323531038,6227.516139784501
2011-12-08,5427.246414251288,4593.71786899052,6284.4039159225495
2011-12-09,5417.649317833314,4645.744013888789,6183.835243172452
2011-12-12,5416.317437328856,4522.592922298645,6229.4044874213605
2011-12-13,5418.044127074035,4660.276747779429,6250.561918309991
2011-12-14,5406.194326584679,4593.643424420132,6233.395580791138
2011-12-15,5414.159675446244,4588.101282222583,6232.396049666621
2011-12-16,5402.231303501917,4559.625583305165,6239.718844986953
2011-12-19,5397.6260286423,4571.080731772271,6199.37317082077
2011-12-20,5399.544180720729,4544.393193384914,6225.296075070391
2011-12-21,5388.499934768839,4559.340840380871,6201.124611035315
2011-12-22,5397.8403994246855,4605.563900975656,6263.290483683559
2011-12-23,5387.7949324662195,4579.552001141406,6253.720929507636
2011-12-26,5391.049150986032,4569.184607200849,6184.5284295116735
2011-12-27,5395.989859156656,4644.111880541287,6263.25332771282
2011-12-28,5387.984703949947,4554.067869880934,6214.70950247376
2011-12-29,5400.265868762402,4595.508725019185,6265.29079408407
2011-12-30,5392.9496812591415,4620.101571087666,6240.595847845105
2012-01-02,5402.08833480367,4604.564559815623,6186.864206236032
2012-01-03,5407.930137147712,4581.416500104307,6230.232004520031
2012-01-04,5400.1846961259735,4554.613880994941,6265.874627705911
2012-01-05,5412.04281662117,4604.391117241683,6213.51563190546
2012-01-06,5403.598329091609,4550.09206518463,6205.7070090806565
2012-01-07,5508.630497333558,4687.762325921916,6326.469716215914
2012-01-09,5405.1905187916045,4575.838562346661,6222.535031456023
2012-01-10,5407.2501059599435,4572.650512824649,6275.032636782418
2012-01-11,5395.194789808708,4569.529322755756,6184.606977248919
2012-01-12,5402.302808194762,4588.492057232896,6195.537721444833
2012-01-13,5388.7684060487245,4625.633379827978,6168.63004276709
2012-01-16,5374.192946748648,4492.788326558393,6171.855884017396
2012-01-17,5370.968405516214,4534.193078870273,6158.595823875166
2012-01-18,5353.88434787946,4537.475081484034,6144.391708110659
2012-01-19,5356.334226215531,4575.543899712475,6208.695225579492
2012-01-20,5338.618766819555,4467.689265119792,6127.303605553433
2012-01-23,5315.238394321174,4454.218513363956,6125.417149545832
2012-01-24,5310.537754339516,4515.218623351357,6159.642952047983
2012-01-25,5292.767780884163,4445.358502027766,6138.146395090413
2012-01-27,5278.5076288671235,4462.6669970062885,6112.145822665859
2012-01-30,5262.079851437303,4415.871160227483,6149.494061150624
2012-01-31,5260.8861545367945,4485.5382183608535,6172.512738937477
2012-02-01,5247.062180899719,4502.920750762323,6070.660952361901
2012-02-02,5253.896382546796,4403.324762976846,6057.625115900049
2012-02-03,5241.555754801908,4415.3955255786705,6102.544369644136
2012-02-06,5238.550152509106,4401.96525480815,6106.309686722379
2012-02-07,5241.405776866732,4434.162527611094,6132.891724737882
2012-02-08,5231.221819980103,4354.097461515869,6041.957165844907
2012-02-09,5241.182194153505,4446.352826868831,6094.81294024109
2012-02-10,5231.36218172449,4414.683728619781,6070.244011972802
2012-02-13,5231.604702543674,4459.070093941225,6038.58379163389
2012-02-14,5233.968124543661,4448.21040481198,6052.482893067347
2012-02-15,5222.484181638571,4357.272582093413,6053.811878299821
2012-02-16,5230.354096784992,4408.573218093599,6003.444779616923
2012-02-17,5217.689624577965,4392.9242974578065,6081.298008088386
2012-02-21,5202.710440613687,4399.353091707695,6016.255627308476
2012-02-22,5185.737279078669,4373.256824523218,6036.178794945672
2012-02-23,5187.901919042958,4335.767110757694,5973.05377845866
2012-02-24,5169.4381385024935,4391.520318664714,5999.799955863369
2012-02-27,5140.523590639544,4333.599841752134,5956.528958273349
2012-02-28,5132.774796137674,4309.943108415687,5978.055506234985
2012-02-29,5111.337091214587,4237.776768942078,5899.2957623906095
2012-03-01,5109.623029493193,4266.3175550194155,6001.30124220896
2012-03-02,5087.948008873335,4232.871278915015,5898.381838569991
2012-03-03,5180.307426431576,4360.055827085264,6030.636526250495
2012-03-05,5054.002831402152,4299.548691952477,5909.547521996728
2012-03-06,5046.232258423872,4263.807326905951,5883.580940272613
2012-03-07,5025.620125826702,4158.471858389917,5852.649183306066
2012-03-09,5006.360729556758,4155.230736785829,5852.740488882048
2012-03-12,4984.1970272956705,4186.828273115074,5814.547904325565
2012-03-13,4981.597425841578,4145.471926851818,5786.358125201362
2012-03-14,4966.648738730004,4124.026607064152,5744.119044744867
2012-03-15,4972.664441906528,4100.769673596948,5846.931961695537
2012-03-16,4959.84232565801,4139.914688746006,5725.846634594373
2012-03-19,4957.805489329157,4114.1349632560095,5790.302406783134
2012-03-20,4961.943038079336,4246.094864620502,5805.12165579636
2012-03-21,4953.60694405703,4116.929938853952,5766.7623107598665
2012-03-22,4966.036029584117,4084.915662788872,5753.844825166614
2012-03-23,4959.360512630666,4125.407183285433,5825.330602789132
2012-03-26,4973.605693468759,4120.590642342232,5822.768718064354
2012-03-27,4982.307105762373,4195.276485854264,5803.9034361815575
2012-03-28,4978.051709617716,4149.319400271043,5848.5201140094505
2012-03-29,4994.059302135577,4199.746753449834,5820.809550960098
2012-03-30,4990.448284079704,4143.986482257098,5813.738496557874
2012-04-02,5010.778886513811,4148.88889358949,5801.001874029401
2012-04-03,5020.490956642849,4196.066189735711,5851.852499889717
2012-04-04,5016.756891333655,4183.785740421866,5840.869772212023
2012-04-09,5045.400688010496,4256.561015783133,5869.671817217527
2012-04-10,5053.110963177278,4259.021344969854,5881.411276060129
2012-04-11,5047.036321429698,4259.4074033903435,5853.8989884869125
2012-04-12,5060.439154719407,4202.604389409167,5871.761367888686
2012-04-13,5053.483890145785,4234.091960601702,5904.915042596813
2012-04-16,5059.851415703516,4261.182739267282,5882.565014250894
2012-04-17,5063.782934430384,4270.560026491452,5855.052614345537
2012-04-18,5056.409064629915,4214.721930014442,5876.1227301937315
2012-04-19,5068.427121617023,4224.61104314748,5910.690611400455
2012-04-20,5060.043076026948,4259.604340142385,5952.5694556189765
2012-04-23,5062.313063008343,4271.5058460302935,5881.366881721204
2012-04-24,5065.103318640587,4267.958197147726,5889.039982755697
2012-04-25,5054.181077516843,4271.4710566072545,5910.7629352728845
2012-04-26,5062.899394394563,4272.469297080254,5903.475207260809
2012-04-27,5051.515437683701,4226.883946374779,5870.707187016349
2012-04-30,5047.067788703414,4250.8911838704635,5833.401969619803
2012-05-02,5036.77761542993,4241.01641664665,5855.654497650932
2012-05-03,5045.209492821018,4179.317599023647,5869.637055150175
2012-05-04,5034.093496333443,4150.8606849657945,5798.042228827569
2012-05-07,5033.811336519586,4242.800878782639,5861.4485810974675
2012-05-08,5037.736906500329,4096.100967246965,5861.772673714083
2012-05-09,5028.956280023227,4193.273739623707,5793.849699503858
2012-05-10,5040.804667085741,4218.912104417731,5896.670658037796
2012-05-11,5033.503224535075,4189.2638435003155,5827.109693447734
2012-05-14,5046.384565481787,4250.161175686356,5891.284475169628
2012-05-15,5055.011932759928,4262.166590915677,5945.894313202896
2012-05-16,5050.947315691153,4190.07532609136,5910.831726279032
2012-05-17,5067.436026123837,4240.715858207217,5931.21931174924
2012-05-18,5064.609191191948,4226.20467834698,5825.94276412322
2012-05-21,5089.060730249922,4284.032112704393,5847.591164966089
2012-05-22,5100.668399933936,4246.229069296562,5945.379539396948
2012-05-23,5099.037286030781,4264.475839684898,5941.350624379599
2012-05-24,5117.363602989566,4345.3902131921395,5962.059623458318
2012-05-25,5115.742110951646,4227.203211119076,5881.7899056722335
2012-05-28,5139.86399575015,4290.951816523162,5980.241382726621
2012-05-29,5150.070140586305,4277.498296718765,5974.542009184006
2012-05-30,5146.440823434535,4296.213121788921,5921.977827541089
2012-05-31,5162.2232346376095,4331.509374129857,5942.660527705997
2012-06-01,5157.576140110306,4364.6234566279545,5955.015198632194
2012-06-04,5170.535237814345,4421.418511155429,6008.059175427187
2012-06-05,5176.634793347384,4307.461942650225,6003.344784208614
2012-06-06,5168.874063686032,4353.143227571689,5958.462887986545
2012-06-07,5180.603924762574,4337.366331959337,6037.682165474512
2012-06-08,5172.085246687143,4335.59166351784,5988.680886126401
2012-06-11,5175.460832708015,4371.101685023755,5997.8305609977
2012-06-12,5179.316737714536,4377.822855286899,6037.895729284692
2012-06-13,5169.896825803049,4290.474604971982,6059.011070290717
2012-06-14,5180.597149307776,4267.790692436021,5977.843604433844
2012-06-15,5171.708508739438,4324.263206256025,5952.0107916888655
2012-06-18,5177.989412219428,4377.199690173821,6003.172279587992
2012-06-19,5184.090431629585,4336.764961713469,6018.3399913588555
2012-06-20,5177.48431187642,4352.046129500509,6027.0462960111145
2012-06-21,5191.504156473609,4307.850866564085,5995.3968002098745
2012-06-22,5186.365809924746,4396.832387324273,5945.186806980088
2012-06-25,5205.594475049761,4408.719852271186,6048.2237787111
2012-06-26,5216.251050210592,4358.181704261962,6012.555904578057
2012-06-27,5214.150909985256,4344.55694272351,6003.8816517458
2012-06-28,5232.527010808795,4376.184748735759,6051.996327977348
2012-06-29,5231.499528395933,4400.9799384657545,6039.0163212387015
2012-07-02,5260.746320031988,4394.020111786592,6047.504593752569
2012-07-03,5273.741887602759,4393.129466529675,6085.896330334288
2012-07-04,5273.397423209617,4412.120434361542,6098.430306566268
2012-07-05,5292.917074578298,4446.267270866163,6113.330578735307
2012-07-06,5292.407051788656,4466.6990338637,6151.160611924034
2012-07-09,5319.530632617456,4556.433559692042,6078.635949822146
2012-07-10,5330.689467225066,4567.2993568149,6176.7323392582775
2012-07-11,5328.022634276375,4456.890666571079,6162.921236430193
2012-07-12,5344.796866396148,4477.028806979835,6177.248703288198
2012-07-13,5341.188533689721,4521.53468951599,6100.965359849246
2012-07-16,5357.670202918185,4543.558587447867,6162.69388199943
2012-07-17,5365.096868276037,4546.9756999683805,6189.718533739233
2012-07-18,5358.733460198004,4557.068079481998,6203.9035795784885
2012-07-19,5371.916760255072,4558.188822854592,6178.919610763758
2012-07-20,5364.886110160855,4488.213332044094,6157.610875178846
2012-07-23,5372.606581405358,4576.36389455388,6197.136283849756
2012-07-24,5377.7273760887665,4602.957708410221,6229.067105067538
2012-07-25,5369.393826324441,4607.462392759333,6173.6037991337125
2012-07-26,5380.943022902211,4613.562456852079,6232.335933346571
2012-07-27,5372.604062753167,4531.921008174871,6178.089060451587
2012-07-30,5378.114455929346,4515.591295265128,6214.5832736436205
2012-07-31,5382.953883837942,4548.291101019739,6217.37892006314
2012-08-01,5374.4960626543925,4517.581217042729,6220.872833822859
2012-08-02,5386.03212760991,4527.792000999565,6187.124329049362
2012-08-03,5377.745486037897,4546.838671376048,6158.132632131269
2012-08-06,5383.39149204825,4575.179571845758,6174.141255989784
2012-08-07,5388.156992290969,4530.771729912336,6225.123056127171
2012-08-08,5379.527570531431,4605.268514434993,6179.771188584936
2012-08-09,5390.7844385625785,4590.566122585736,6250.167952592091
2012-08-10,5382.110590149834,4598.134574164237,6217.097191314337
2012-08-13,5386.086512044832,4548.69964072726,6165.6098181037905
2012-08-14,5390.217309833236,4562.029289555964,6216.4084252227985
2012-08-16,5391.701773654041,4564.028346008725,6201.756568129862
2012-08-17,5382.619335814697,4543.342769107049,6183.239923257634
2012-08-21,5391.4023485572,4573.253761987766,6228.047110359248
2012-08-22,5383.150180812832,4590.8847647302055,6173.266727325215
2012-08-23,5395.259925447754,4609.854177485809,6286.890581560945
2012-08-24,5387.98809621199,4522.803001337203,6176.684987620061
2012-08-27,5400.038882671415,4594.013424351791,6245.480519800811
2012-08-28,5408.2682973374585,4584.262263088487,6210.776130047867
2012-08-29,5403.845836422637,4589.829811749567,6233.544156027626
2012-08-30,5420.077982709961,4575.900538263359,6237.1252874210695
2012-08-31,5417.154804298967,4671.125604802372,6251.905319773756
2012-09-03,5442.794983754382,4614.911746918704,6302.957701228579
2012-09-04,5455.427174389975,4657.561883879689,6278.666065804072
2012-09-05,5455.179307972762,4575.30646840377,6326.0790507929005
2012-09-06,5475.257971703312,4667.635330596087,6314.853158855443
2012-09-07,5475.756328394629,4606.66221478974,6339.913775779609
2012-09-08,5590.43565400506,4780.988752309757,6368.194052231496
2012-09-10,5508.2427083113125,4644.523437088236,6312.539163245953
2012-09-11,5521.778924003639,4669.672509792274,6368.694964146023
2012-09-12,5521.65993475004,4705.969296028241,6328.811837117873
2012-09-13,5541.064315155778,4723.4206124757775,6334.136828438651
2012-09-14,5540.074799138641,4728.903086736306,6318.932669351031
2012-09-17,5563.387083735391,4746.964048239311,6388.771963018868
2012-09-18,5572.443277628139,4732.704873823965,6391.180532359149
2012-09-20,5581.079994498919,4745.992606304913,6405.857874765238
2012-09-21,5574.120684150904,4813.3092786952,6410.102394887659
2012-09-24,5578.345039287547,4810.748567925529,6489.898186198625
2012-09-25,5581.067768873474,4786.6071103685335,6464.397197266832
2012-09-26,5569.7684881376435,4806.169409037094,6432.431178533899
2012-09-27,5577.840699235261,4784.961853814868,6406.394056442065
2012-09-28,5565.586449603744,4771.750361818495,6407.478795113491
2012-10-01,5557.656266793293,4750.146344102248,6432.610310194976
2012-10-03,5544.765079550519,4732.223218438723,6365.3669052266405
2012-10-04,5551.923641778883,4725.438780454406,6356.867400447991
2012-10-05,5539.585840907463,4742.972245827149,6430.981896590106
2012-10-08,5536.042885323425,4665.684571681727,6419.768901507559
2012-10-09,5539.000903188373,4685.892968095778,6358.302346733346
2012-10-10,5529.281547544067,4734.146389697883,6359.460562938784
2012-10-11,5540.188972117278,4673.378877930091,6365.437837949042
2012-10-12,5531.906433904199,4707.953550643997,6364.704556988741
2012-10-15,5541.154443704072,4738.075904759497,6402.516673494322
2012-10-16,5548.180181131015,4674.976396892245,6308.34308600586
2012-10-17,5542.239940770147,4702.627920461893,6391.631194230977
2012-10-18,5556.536948069162,4775.2463138568755,6410.140321935347
2012-10-19,5551.166415177608,4746.086995357076,6369.2908770089925
2012-10-22,5565.643985191064,4666.842742933416,6448.751343709763
2012-10-23,5573.121409020493,4740.408366754651,6405.427022403228
2012-10-25,5580.428390315687,4815.375433276958,6413.10392948133
2012-10-26,5573.6194364861985,4722.789658602417,6368.980097688342
2012-10-29,5580.8748952614515,4779.48638739857,6411.783062175121
2012-10-30,5585.268486136434,4854.670128360889,6432.575057379501
2012-10-31,5575.872131103417,4786.383410631028,6437.794951714796
2012-11-01,5586.024323863655,4705.490340097313,6446.97727367349
2012-11-02,5575.976459271211,4743.982859425967,6426.781567207556
2012-11-05,5575.003399726354,4745.897673003842,6355.229152016501
2012-11-06,5577.484941921782,4758.7727677397115,6349.821305339276
2012-11-07,5566.731297943501,4697.778437396326,6382.43736474239
2012-11-08,5576.14256768669,4712.916994829211,6416.074738779598
2012-11-09,5566.014352285117,4791.900699939881,6328.701949583873
2012-11-12,5568.920896030905,4730.646167650736,6377.556407704926
2012-11-13,5574.023730317989,4756.646387155757,6420.940029740547
2012-11-15,5579.635587220967,4746.189011455334,6440.187806864792
2012-11-16,5573.6873545889,4797.745787344521,6419.105757165184
2012-11-19,5590.7576695926555,4814.255589561908,6482.000124260373
2012-11-20,5600.743792028825,4824.667928764875,6403.953787695213
2012-11-21,5597.970905045154,4756.657225075607,6346.25683064224
2012-11-22,5615.6529372754,4836.776357638681,6418.396929703009
2012-11-23,5613.8897258312045,4781.887655625667,6416.411971658262
2012-11-26,5640.469169891409,4855.232828739962,6489.358429772411
2012-11-27,5652.354730943838,4835.173976530242,6482.4810169972225
2012-11-29,5668.874784207625,4872.610251866046,6507.102625356218
2012-11-30,5666.795039015208,4871.138894458478,6466.808586820467
2012-12-03,5688.180701315848,4904.373013466494,6497.9817700127605
2012-12-04,5697.096293790256,4847.101557518777,6496.410097028557
2012-12-05,5692.040854429103,4838.637913085393,6524.424962099813
2012-12-06,5706.301623327018,4830.236591874057,6519.503705031493
2012-12-07,5700.081076419552,4829.222718517953,6503.864648593577
2012-12-10,5708.4715675089,4878.489666734384,6554.455369330636
2012-12-11,5713.250796491699,4864.826733392119,6542.557264979639
2012-12-12,5704.340300089999,4852.025234321673,6514.085042234862
2012-12-13,5715.125232914132,4905.53586433126,6588.121782861098
2012-12-14,5705.893853205849,4883.3012371988625,6525.921159239137
2012-12-17,5708.67033382747,4885.553949140714,6467.278227573255
2012-12-18,5712.839104772055,4852.527539199184,6527.886116372571
2012-12-19,5703.9617406121815,4883.803266728977,6510.397878573407
2012-12-20,5715.402173883736,4863.770836000774,6491.5703952016165
2012-12-21,5707.4086641376025,4817.595695478308,6534.102194122567
2012-12-24,5716.739235348373,4869.799169336214,6601.960474526107
2012-12-26,5717.8739096732315,4863.410302486522,6535.304117557879
2012-12-27,5732.360075994942,4933.559315798148,6618.608497744827
2012-12-28,5727.342590745257,4887.209596430706,6542.411464160291
2012-12-31,5744.069693819566,4900.701177906492,6567.368706089668
2013-01-01,5752.699125035943,4903.509298837111,6576.284026434721
2013-01-02,5747.8751918621,4912.3036635695225,6570.665295136278
2013-01-03,5762.786010309893,4948.1270637843545,6548.337236436347
2013-01-04,5757.519033790359,4956.71047939068,6587.946670213396
2013-01-07,5769.277490272549,4956.70300009667,6558.191442502634
2013-01-08,5774.883760274577,4956.8559964996075,6558.729868162261
2013-01-09,5766.421441769671,4915.442818615844,6625.230630556871
2013-01-10,5777.146664022955,4953.798840774739,6612.090979038111
2013-01-11,5767.230692352798,4916.966995782193,6546.822285408021
2013-01-14,5763.28800524269,4920.757786484116,6554.290091411598
2013-01-15,5763.461204300838,4940.329278512464,6561.796004076135
2013-01-16,5749.66964347439,4956.877925814238,6557.747876679639
2013-01-17,5755.291201730209,4967.784971693111,6562.688079327425
2013-01-18,5740.614064761813,4873.792421061406,6565.748386940575
2013-01-21,5725.475109054246,4886.999079636486,6474.360278959022
2013-01-22,5723.224588727723,4931.375101134791,6515.416049146185
2013-01-23,5707.762811399739,4923.626460944968,6538.5091295895045
2013-01-24,5712.499479817795,4840.609411092908,6637.124888719265
2013-01-25,5697.734617721514,4894.316332376331,6532.592208951422
2013-01-28,5686.93033042567,4880.056896444154,6547.501648473615
2013-01-29,5687.498141442793,4816.706573174042,6574.846524184825
2013-01-30,5675.417338201322,4884.270665900695,6501.8003720100105
2013-01-31,5684.0003280072015,4902.860049320905,6478.161891149756
2013-02-01,5673.43792188757,4858.568976708066,6435.5387898460585
2013-02-04,5676.167164597429,4815.156565684761,6445.215431096656
2013-02-05,5681.133587706399,4864.327989896592,6491.2430670082085
2013-02-06,5673.186836429591,4929.298509922382,6516.857032992313
2013-02-07,5685.522416289456,4866.961550445413,6474.652686837671
2013-02-08,5678.223784971721,4875.882047676785,6550.448317594914
2013-02-11,5686.934694423577,4790.831296461182,6460.411459605843
2013-02-12,5692.4129835653,4863.831086947023,6534.941473594361
2013-02-13,5684.176378945745,4859.940787646155,6496.743452844879
2013-02-14,5695.413060465662,4856.260355868649,6541.042587291682
2013-02-15,5686.2189041217935,4846.275922164499,6502.4561892522315
2013-02-18,5684.872029631497,4867.263397818589,6517.853532503923
2013-02-19,5685.763443571294,4860.987887043085,6496.979357941392
2013-02-20,5672.471538341367,4856.786047900717,6473.34121498461
2013-02-21,5678.291568033572,4941.300094353194,6491.982076187753
2013-02-22,5663.434854311661,4815.76652001973,6459.598613250327
2013-02-25,5644.8465105467985,4772.724931998158,6500.259813574884
2013-02-26,5640.3158993682755,4855.533806728072,6468.452401496545
2013-02-27,5621.960947853293,4818.92866923269,6380.552342804362
2013-02-28,5623.184241255584,4778.304044951288,6473.418897064956
2013-03-01,5604.294193010221,4811.051047095896,6475.428562512442
2013-03-04,5577.7654832041635,4776.983943729764,6319.651052066115
2013-03-05,5572.161070287674,4783.343707407029,6393.575516223184
2013-03-06,5553.572456203259,4705.665608590872,6384.909271543782
2013-03-07,5555.410010709945,4719.415742831694,6294.305538236945
2013-03-08,5537.9739434554185,4674.17062773556,6346.803234656865
2013-03-11,5520.540226161644,4735.377145355537,6373.8022209464725
2013-03-12,5519.37734546676,4768.3961622121,6378.196035955419
2013-03-13,5505.823587801977,4734.535730886328,6309.608767641288
2013-03-14,5513.209444660549,4669.059372676897,6328.841207162712
2013-03-15,5501.749326314921,4696.841955346686,6340.058660864653
2013-03-18,5503.90388353208,4693.947679499693,6353.471038132468
2013-03-19,5509.519578803183,4695.524453996605,6323.3648358549735
2013-03-20,5502.7216997904225,4585.438138000981,6430.9779598168825
2013-03-21,5516.758546166083,4666.571600035457,6368.399965703423
2013-03-22,5511.768237730633,4737.440618966329,6364.189562063941
2013-03-25,5531.589525202299,4667.437728506563,6291.383930067345
2013-03-26,5542.334452591017,4715.992016302169,6379.5371707377735
2013-03-28,5558.457771977177,4713.703380040903,6404.782562147178
2013-04-01,5585.019031413196,4786.030936150802,6419.269060726914
2013-04-02,5597.40502388042,4786.339343401852,6391.692812196421
2013-04-03,5596.423175908687,4732.741437123185,6384.8365927362065
2013-04-04,5615.305804647136,4846.488195625779,6434.683074625167
2013-04-05,5614.185982037038,4783.407138230194,6301.246211195762
2013-04-08,5639.856710878138,4880.342879852899,6503.9206991065885
2013-04-09,5650.69954970042,4810.425607059192,6459.208326114124
2013-04-10,5647.8045574022935,4825.209788225374,6444.931687676827
2013-04-11,5664.428902078991,4915.818766153291,6475.959611867593
2013-04-12,5660.731459468984,4830.021344357472,6473.004966363937
2013-04-15,5677.028714152817,4859.4982890060755,6465.456169826404
2013-04-16,5684.299361738965,4823.415459282523,6468.651698516062
2013-04-17,5677.66252394707,4881.660735486401,6534.538106786887
2013-04-18,5690.4111901601555,4945.562787650997,6499.683860215936
2013-04-22,5686.974742995041,4826.345483844516,6534.835332168584
2013-04-23,5690.326089423394,4849.42430235564,6483.50426459116
2013-04-25,5689.049011176466,4881.755423269565,6526.318448654958
2013-04-26,5678.013629226562,4905.962501728824,6569.211470913686
2013-04-29,5674.066819118434,4798.9184063361745,6543.408660368283
2013-04-30,5675.490741968539,4847.621110785077,6541.005291377761
2013-05-02,5671.801931080384,4851.575770153145,6436.915084739414
2013-05-03,5660.343902719816,4785.912383742343,6502.795129723829
2013-05-06,5658.467764269677,4794.444419716456,6497.740705046526
2013-05-07,5661.698184592075,4854.164805895215,6496.639192443508
2013-05-08,5652.1579201966715,4857.956258428216,6506.862327304477
2013-05-09,5663.195150026594,4836.34100392697,6446.215277113052
2013-05-10,5655.04538472385,4902.350900539511,6477.136452575582
2013-05-11,5761.609934572785,4974.561592579025,6626.47358212143
2013-05-13,5665.317146680092,4831.273003004398,6512.949730697326
2013-05-14,5673.108553160627,4838.894564475779,6524.736048326733
2013-05-15,5668.252690611881,4857.998746554469,6446.131648877614
2013-05-16,5684.010755658555,4876.5902776226085,6519.424609203765
2013-05-17,5680.528704852947,4810.34055785649,6505.918299895137
2013-05-20,5703.592058352425,4826.648744915076,6552.990069588204
2013-05-21,5714.961068353784,4890.784388144789,6508.589478835011
2013-05-22,5713.213171639923,4907.074156745893,6562.837118980752
2013-05-23,5731.546511704177,4907.643814084139,6591.3865189068265
2013-05-24,5730.05496918729,4945.527956872004,6515.699857682485
2013-05-27,5755.25334477228,4939.5920187276115,6604.37670689224
2013-05-28,5766.016845511911,4946.3030503925565,6576.1362041267785
2013-05-29,5763.022926708354,4926.270711476724,6598.254700678753
2013-05-30,5779.502988865309,4952.7226561618245,6591.175427298069
2013-05-31,5775.5984534500785,4987.551286277367,6611.042065312071
2013-06-03,5790.866684238921,4993.480151055264,6583.0566217073765
2013-06-04,5797.698765435768,4943.390033695415,6652.3850511744
2013-06-05,5790.620608959389,4936.0544548460875,6581.106579111496
2013-06-06,5802.965737619955,5032.382530500961,6585.876698314866
2013-06-07,5794.979259314284,4967.928127573165,6630.093849858799
2013-06-10,5799.327204923471,5005.767329976141,6611.447435874859
2013-06-11,5803.269944441385,4965.38121735991,6637.0310356541
2013-06-12,5793.81076322534,4997.474846314924,6605.305943190845
2013-06-13,5804.345783765456,4965.085738422046,6638.618781673491
2013-06-14,5795.168939368749,4930.662076797125,6596.312048176845
2013-06-17,5799.92284669477,4903.781793498753,6607.767067097339
2013-06-18,5805.332206978406,5015.737284780304,6569.5587555291795
2013-06-19,5797.967700409432,4954.627598951254,6570.617092846627
2013-06-20,5811.179738133407,4958.105877839564,6678.22349810176
2013-06-21,5805.202571263195,5003.346180935105,6599.340746872124
2013-06-24,5821.9193706447195,4987.194489366124,6662.961002035447
2013-06-25,5831.802604267296,5006.766547022938,6708.912392584918
2013-06-26,5828.990108362819,4930.158841035417,6606.846217698575
2013-06-27,5846.730029977819,5021.842857948277,6716.270264593188
2013-06-28,5845.155735121101,5028.364384481444,6667.865946198462
2013-07-01,5873.394331088377,5096.876462050774,6723.043880891753
2013-07-02,5886.283321809142,5072.239207543794,6733.4110925131445
2013-07-03,5885.949442813019,4925.09632185177,6655.987386517374
2013-07-04,5905.594143460613,5034.595980940618,6781.866184475003
2013-07-05,5905.318323280482,5060.691445234101,6793.006393162469
2013-07-08,5933.711835224402,5147.692066834656,6742.038998548909
2013-07-09,5945.444489217713,5089.139110397538,6768.025597808055
2013-07-10,5943.40398987878,5123.349267308731,6780.014637357214
2013-07-11,5960.842203545925,5125.586718190312,6800.648316164486
2013-07-12,5957.920410293705,5076.118651252002,6725.959334948897
2013-07-15,5976.451522438517,5118.901642403122,6730.357166894566
2013-07-16,5984.513927419257,5171.4127138659405,6854.146011426467
2013-07-17,5978.7439699415145,5131.117226994324,6788.1877453641555
2013-07-18,5992.469903394663,5155.49388887847,6771.50324444905
2013-07-19,5985.924559371078,5136.747950390573,6774.565592094212
2013-07-22,5994.723874280401,5148.08163223444,6886.395225532019
2013-07-23,6000.078146931143,5203.211827258967,6775.392667421037
2013-07-24,5991.91973043171,5189.672445293111,6851.598695436806
2013-07-25,6003.591133625674,5172.71029619483,6858.877600412814
2013-07-26,5995.328237616213,5160.389090414512,6844.996880611716
2013-07-29,6000.87155208256,5121.434969215737,6857.8531030290405
2013-07-30,6005.686170368818,5201.602087676665,6791.3902371147
2013-07-31,5997.20008478642,5189.804305162486,6798.845285851752
2013-08-01,6008.712219201988,5155.783731122284,6847.854614233969
2013-08-02,6000.412733159125,5156.0792159375505,6753.487352498674
2013-08-05,6006.133252034034,5177.134045767431,6861.679477607365
2013-08-06,6010.968462698668,5178.404466248073,6810.294815434127
2013-08-07,6002.430247538989,5203.663572149187,6839.143630412179
2013-08-08,6013.796492576613,5189.35312351389,6857.454618750824
2013-08-12,6009.594093175239,5192.9511119565495,6804.668090661592
2013-08-13,6013.8211114119,5187.953492680103,6852.001214109318
2013-08-14,6004.648566221749,5223.5515177959,6840.218202261629
2013-08-16,6006.286337436194,5251.334248808828,6796.234245325771
2013-08-19,6009.851227684689,5209.722217451111,6835.955295053933
2013-08-20,6014.289264332913,5165.66607307109,6826.207912459466
2013-08-21,6005.646360040741,5196.243738904894,6873.899560684378
2013-08-22,6017.283246882882,5181.756725186206,6834.499409796174
2013-08-23,6009.458656185688,5173.635279042397,6750.796613532637
2013-08-26,6019.431943221119,5250.040252283182,6856.435761206071
2013-08-27,6026.861495498238,5241.627594699301,6875.992580723631
2013-08-28,6021.6072852016605,5171.704742514155,6848.929820396698
2013-08-29,6036.991700433283,5240.729985789102,6848.734205970183
2013-08-30,6033.2221193475525,5174.372136026647,6834.991666034241
2013-09-02,6056.516167402712,5235.456542348426,6884.989854427017
2013-09-03,6068.493028763023,5290.473668024165,6906.514332932219
2013-09-04,6067.682937029071,5282.696298846166,6921.464426239533
2013-09-05,6087.308414861847,5268.072768111476,6956.223850076165
2013-09-06,6087.476618287773,5254.498787363641,6917.768973790852
2013-09-10,6133.598503769647,5309.384932864574,6966.817984830329
2013-09-11,6133.879890769029,5244.512040890723,6899.597557105817
2013-09-12,6153.831323624339,5236.829233482922,6935.270015212027
2013-09-13,6153.527714128145,5330.030841992992,6947.233519899218
2013-09-16,6179.604068963103,5361.575966500255,7061.773877278355
2013-09-17,6189.76054083969,5382.135399122869,7074.2647470879765
2013-09-18,6185.723268354694,5327.495378008774,7018.958075810415
2013-09-19,6200.741039117374,5361.188494679891,7061.796883049392
2013-09-20,6194.978440160765,5374.5632275742655,7013.713467973978
2013-09-23,6202.604738808631,5341.434170826124,7007.094033817385
2013-09-24,6206.32255552781,5368.299192132642,6992.945589748601
2013-09-25,6195.914732000713,5336.703876059496,7046.029259039278
2013-09-26,6204.757711645603,5370.203369630632,7008.836536210691
2013-09-27,6193.139422866337,5322.191639007605,7017.781221198669
2013-09-30,6186.2181600584945,5368.278644454138,7020.16065641622
2013-10-01,6186.399494468477,5328.757385042053,7000.63523731874
2013-10-03,6180.113385624281,5309.0197464835965,7016.176447854741
2013-10-04,6167.372442145012,5417.434322185331,6954.4505925306075
2013-10-07,6161.9836564860725,5318.165636768147,7043.7216234992375
2013-10-08,6164.179147814747,5311.694893855341,6963.668181071941
2013-10-09,6153.660192620775,5335.980284582958,6997.955058573034
2013-10-10,6163.754103289178,5314.796190092804,7017.011446727276
2013-10-11,6154.667242716383,5349.292767944654,7005.245252364898
2013-10-14,6161.774715695395,5312.539945222498,6947.4975237602475
2013-10-15,6168.241526407872,5318.575508422884,6948.073823310575
2013-10-17,6175.800500498325,5320.069484780126,7008.313877950276
2013-10-18,6170.209406337288,5360.125723827459,6992.568750632084
2013-10-21,6184.772149081476,5346.937154128584,7059.814754780591
2013-10-22,6192.514568185403,5403.048551629131,7040.140372094024
2013-10-23,6186.735883030295,5398.458218468601,6952.676666789335
2013-10-24,6200.647553511999,5369.166794403914,6974.013122333188
2013-10-25,6194.369353974764,5377.5760598014085,7018.3242955146425
2013-10-28,6203.461174307069,5387.590725851474,7041.3782637416125
2013-10-29,6208.477751260465,5341.994501901495,6993.152013942951
2013-10-30,6199.673780652287,5346.15604339542,6999.814120097666
2013-10-31,6210.366971613623,5456.709316211777,7013.655495616093
2013-11-01,6200.789338607949,5416.816101878951,7038.328239499896
2013-11-03,5924.814832935501,5066.50408314929,6751.233265635785
2013-11-05,6203.162220307588,5326.915985528692,7078.128488630064
2013-11-06,6192.319010984776,5354.324386557089,6981.537477486268
2013-11-07,6201.5098038302995,5410.987332050761,7042.269041643276
2013-11-08,6191.03230595112,5347.699225178167,7021.890381754072
2013-11-11,6192.193437717878,5360.395310608306,6998.506528992156
2013-11-12,6196.523589436387,5398.460779412425,7024.273419510663
2013-11-13,6188.1445175953395,5317.600000460302,6996.457727429754
2013-11-14,6200.407536416572,5370.680278809226,7048.032315794122
2013-11-18,6207.943551000326,5430.78617883019,7055.570748570878
2013-11-19,6217.135245114194,5410.138486669015,7061.171275047257
2013-11-20,6213.650099801139,5397.925637570721,7020.381485774623
2013-11-21,6230.719569037162,5407.649665628844,7059.572633032422
2013-11-22,6228.458401050233,5376.734170527538,7062.563101591468
2013-11-25,6254.333486652643,5421.274465939359,7109.313763192609
2013-11-26,6266.263805648003,5413.987388609113,7027.495761945857
2013-11-27,6264.852455093358,5432.9995490554875,7123.831591336824
2013-11-28,6283.283332877641,5418.898301381645,7120.761946347257
2013-11-29,6281.642475758471,5439.027273406459,7154.574215965548
2013-12-02,6304.939682843086,5473.034138414128,7163.325439007806
2013-12-03,6314.630924863345,5530.7214359199625,7086.287791043757
2013-12-04,6310.386058793316,5513.035491969927,7150.881939396207
2013-12-05,6325.470307141319,5563.2071213183535,7158.115179708266
2013-12-06,6324.758515033255,5473.24895570904,7140.928948257555
2013-12-09,6349.410401505006,5568.509121343045,7199.7832125543555
2013-12-10,6359.459844077964,5501.344871249752,7197.228262626597
2013-12-11,6355.719234418012,5484.7091975344565,7156.1971090928055
2013-12-12,6371.562986095834,5546.344034647154,7173.396853320963
2013-12-13,6367.271992806813,5526.027677676019,7182.566243412612
2013-12-16,6384.139571217467,5571.146775269226,7269.014973651611
2013-12-17,6392.773811736084,5535.89883032712,7197.125555255621
2013-12-18,6388.260799100277,5571.938402581172,7190.151168896343
2013-12-19,6403.978023439024,5563.843097727084,7130.08751188851
2013-12-20,6400.1899708820665,5494.121801830869,7244.497154015453
2013-12-23,6421.901031575098,5623.893630611298,7225.96185417048
2013-12-24,6433.030812981488,5624.275556786359,7287.6314859949925
2013-12-26,6449.992737407172,5641.732502607331,7262.69137025764
2013-12-27,6449.249863785568,5598.6439302695,7261.216797577968
2013-12-30,6479.3966809343365,5693.352600982362,7275.80745967014
2013-12-31,6492.738768227865,5674.525136168604,7306.465677974502
2014-01-01,6492.759472831277,5668.305721605134,7371.241068447375
2014-01-02,6512.648895408401,5643.183927282918,7332.489625349449
2014-01-03,6512.492734969021,5660.563380065784,7388.4073228159605
2014-01-06,6540.304580675271,5700.125663301082,7360.779282924374
2014-01-07,6551.461291552312,5738.492044269436,7309.98550248191
2014-01-08,6548.6212416395765,5725.716616551162,7402.288671668033
2014-01-09,6565.0203682162355,5733.7729187155,7443.540967891299
2014-01-10,6560.8081395642785,5731.551188550211,7374.9232172619095
2014-01-13,6573.926097365547,5747.774662038451,7384.943426786402
2014-01-14,6579.693217945734,5766.5955850550445,7380.014492426265
2014-01-15,6571.413418556946,5736.192899851497,7390.117490193869
2014-01-16,6582.445814284122,5751.18908646166,7364.24928719672
2014-01-17,6573.062322067153,5733.5969219854205,7405.580917194735
2014-01-20,6572.984557791033,5739.485705680799,7388.3998138679835
2014-01-21,6575.45980420129,5769.6801785537655,7407.006159098436
2014-01-22,6564.575147265634,5723.043666435066,7347.954327789544
2014-01-23,6573.745202063383,5684.950886748631,7413.854756493589
2014-01-24,6563.278587615221,5795.026078975549,7401.434005751481
2014-01-27,6564.694185394519,5693.27326957203,7343.279462859159
2014-01-28,6569.169800902068,5771.109132673701,7352.898492341044
2014-01-29,6560.949251263049,5750.737604548234,7336.624950344069
2014-01-30,6573.368217969235,5741.481950751693,7375.314433341233
2014-01-31,6566.64140697835,5715.815048468479,7437.235470660762
2014-02-03,6581.110668318006,5798.77319721449,7410.845818090172
2014-02-04,6590.141402234811,5787.845598469004,7440.106483762684
2014-02-05,6586.366495147156,5762.187420268002,7327.146397635994
2014-02-06,6602.996923848734,5809.784985491285,7495.089482388484
2014-02-07,6600.128553535306,5778.022241928935,7461.669710161801
2014-02-10,6623.015273727525,5814.149748865859,7480.656147403989
2014-02-11,6633.519813990513,5865.968903800906,7529.593178156798
2014-02-12,6630.4537442260735,5815.872723706183,7456.378218439983
2014-02-13,6646.996208603509,5849.051174230236,7559.218186302702
2014-02-14,6643.230804082471,5828.012375335305,7489.939777753306
2014-02-17,6658.743685472528,5811.468508741943,7428.6843712647515
2014-02-18,6665.380515662159,5880.352277050413,7557.614083819555
2014-02-19,6657.860176081502,5816.279512399479,7554.126811343938
2014-02-20,6669.454793591156,5857.189294154413,7477.961980907586
2014-02-21,6660.352532895734,5847.68164784504,7489.402718471987
2014-02-24,6658.685603680446,5837.7212007843755,7459.043934994388
2014-02-25,6659.614595422821,5850.05461008146,7482.067282362851
2014-02-26,6646.600248296893,5820.041542574939,7464.147403267635
2014-02-28,6639.206547137394,5805.3788394721605,7486.8082205443325
2014-03-03,6626.9513836827555,5698.512158494409,7439.322240451324
2014-03-04,6625.792202881544,5778.719862056786,7471.515731154115
2014-03-05,6611.497145672905,5728.841883620492,7442.2005038568195
2014-03-06,6617.483494981252,5792.447064794512,7366.066050448539
2014-03-07,6604.06081656,5692.158045789747,7396.343691133195
2014-03-10,6597.9787477172085,5817.987757686951,7422.718494144708
2014-03-11,6600.419285578614,5821.77540854704,7403.599317359232
2014-03-12,6590.405829079031,5798.8064742052065,7395.45764733397
2014-03-13,6601.285917753343,5743.238881791773,7422.838539146454
2014-03-14,6593.29102639087,5791.2142998007685,7382.656114011476
2014-03-18,6614.956228338527,5752.6865967386275,7507.17643265952
2014-03-19,6611.713599765318,5786.449046871915,7446.883653725768
2014-03-20,6629.363152650661,5810.69243838698,7491.51086449195
2014-03-21,6628.05287431746,5835.1113503960305,7447.078422342266
2014-03-22,6741.599862112232,5896.428818654092,7597.799635554957
2014-03-24,6659.393326302471,5803.402886339997,7492.6988421024935
2014-03-25,6674.155019228462,5830.090433717192,7535.733229056824
2014-03-26,6676.148282748497,5871.65637213732,7504.8477435973655
2014-03-27,6698.5937453634215,5861.575674356781,7549.859718979305
2014-03-28,6701.608598759023,5878.267983727542,7465.323325619609
2014-03-31,6742.908263016732,5915.855083406213,7544.462575948485
2014-04-01,6759.955452975662,5967.5342863231845,7564.851070007384
2014-04-02,6763.7178078850575,5924.236246773551,7589.598526889427
2014-04-03,6787.423907726043,5967.590313258645,7626.619186002537
2014-04-04,6791.202855448363,5927.777745210503,7648.00170900034
2014-04-07,6831.97960106824,6041.928514181101,7647.608338105509
2014-04-09,6850.295136868847,6054.060493055324,7654.619430792759
2014-04-10,6872.178296044517,6096.059326992107,7738.349096125666
2014-04-11,6873.78286420653,6066.065313966926,7733.3846379602455
2014-04-15,6918.875606813461,6025.622214319976,7728.330602927209
2014-04-16,6917.666626285468,6103.774334422929,7725.886108901463
2014-04-17,6935.847088829334,6116.455301476791,7858.789639038775
2014-04-21,6954.0062243224,6048.050660214934,7822.337120217726
2014-04-22,6962.677708551978,6168.114298333759,7817.245312032995
2014-04-23,6957.524078891304,6139.436482680838,7768.305462928423
2014-04-25,6965.985679133201,6129.763205797346,7822.203343343522
2014-04-28,6976.968069357134,6103.518736845046,7827.444794886067
2014-04-29,6983.181825133437,6096.064144990237,7800.511119679345
2014-04-30,6975.989409043926,6141.92025498202,7805.464370984208
2014-05-02,6981.789596296895,6167.206991537456,7797.36591766999
2014-05-05,6992.752403715654,6164.426951024012,7796.343955208244
2014-05-06,7000.078534344167,6132.846070099251,7795.755613544065
2014-05-07,6994.555566007277,6154.096106042773,7794.063216879128
2014-05-08,7009.542605162106,6196.580436379681,7796.467797669761
2014-05-09,7005.287748226677,6142.151977682988,7814.078558288475
2014-05-12,7027.060774992926,6192.743407240232,7838.308841163019
2014-05-13,7038.67813185293,6241.403288104309,7881.290445290576
2014-05-14,7037.672180505335,6208.7537313730545,7859.999250762642
2014-05-15,7057.320780811958,6231.005952192061,7877.252700553154
2014-05-16,7057.785978272614,6271.859155825431,7933.600627103783
2014-05-19,7093.175616680138,6258.655914617565,7899.639825268344
2014-05-20,7108.854940742026,6271.681448527739,7916.208971339959
2014-05-21,7111.533019528649,6251.104158063281,7969.289810295533
2014-05-22,7134.413300125073,6268.688763048688,7955.174568061411
2014-05-23,7137.592282670435,6338.247603987189,7963.051290280057
2014-05-26,7177.52788322045,6349.689744482504,7998.7333404081255
2014-05-27,7193.426416321173,6353.280173425301,8039.466698758147
2014-05-28,7195.662574762069,6351.181580782861,8020.836483838572
2014-05-29,7217.454417490406,6347.598041405019,7978.681912566849
2014-05-30,7218.9280234675925,6442.60378948614,8084.674206204202
2014-06-02,7250.553087773986,6406.3805512731515,8116.820420721467
2014-06-03,7262.848491328096,6369.335239301391,8142.2132836871915
2014-06-04,7261.206973073946,6362.2544006376165,8119.865628231708
2014-06-05,7278.943324417557,6422.69094631606,8030.007920172868
2014-06-06,7276.284968631356,6450.506024903531,8103.218405389822
2014-06-09,7296.086506686859,6531.258588024603,8092.329850160563
2014-06-10,7304.963625675786,6461.850629315336,8133.548426071726
2014-06-11,7300.3169371485155,6468.876205606434,8172.1216970047435
2014-06-12,7315.538809699753,6464.910490437331,8180.659775846865
2014-06-13,7310.922477509378,6462.360718664288,8128.704065774178
2014-06-16,7328.638503825929,6530.647030394949,8135.502279618321
2014-06-17,7338.156050695494,6535.268860423835,8209.670678841892
2014-06-18,7334.813581637954,6581.193849813221,8142.7732088812045
2014-06-19,7351.97682635819,6500.3435640659245,8289.018990171766
2014-06-20,7349.896998742653,6534.105651732501,8210.14673571758
2014-06-23,7378.167634328867,6589.691431541419,8146.0125557522315
2014-06-24,7391.919601731854,6538.737412953328,8200.34174084149
2014-06-25,7393.015574045145,6585.974651022602,8228.6534026951
2014-06-26,7414.720880341679,6587.657916641927,8206.727904457543
2014-06-27,7417.18452344325,6555.243434428025,8177.139908444089
2014-06-30,7458.098051077105,6597.25111929504,8312.344898391013
2014-07-01,7475.428890510918,6655.681547424901,8277.71711003472
2014-07-02,7479.653524061307,6660.189796557911,8330.076967449084
2014-07-03,7503.974148593466,6677.255701681233,8333.19726793091
2014-07-04,7508.48964213221,6672.887389671884,8359.270774807726
2014-07-07,7551.890615215635,6739.8386113008455,8283.173133741024
2014-07-08,7568.806050965201,6770.124970771555,8414.191605816544
2014-07-09,7572.018468041138,6765.2772738776775,8372.26225178607
2014-07-10,7594.765743982742,6793.977807763482,8461.934278179146
2014-07-11,7597.194415147772,6779.112043019081,8475.610639336546
2014-07-14,7631.875472519127,6814.812509839716,8437.149197485647
2014-07-15,7645.306176309609,6822.457203772744,8480.834586079356
2014-07-16,7644.875458766227,6800.168161796017,8453.793290292871
2014-07-17,7663.900771767759,6851.807741081401,8494.142530174318
2014-07-18,7662.605938536384,6964.664556050006,8515.045612227212
2014-07-21,7686.8038711292875,6857.986154708864,8572.262638879061
2014-07-22,7697.164136569049,6882.257561799306,8580.872036881794
2014-07-23,7693.948925782083,6851.650132821058,8490.640614453736
2014-07-24,7710.504081778705,6795.9483256593385,8574.852208851455
2014-07-25,7707.0705179617435,6853.930061429124,8515.030719841749
2014-07-28,7726.845351553691,6907.101663563366,8538.734775828625
2014-07-30,7732.531738243089,6894.645054473844,8534.518120364304
2014-07-31,7748.710189572118,6944.036630002969,8529.881794024881
2014-08-01,7745.079492589248,6955.251675525843,8507.433352736312
2014-08-04,7764.885122298029,6890.812795936287,8589.176459151931
2014-08-05,7774.455777225163,6864.230711318936,8558.15750289034
2014-08-06,7770.6760743770565,6962.482366241236,8596.79061746855
2014-08-07,7786.822874783429,7008.3281629556595,8611.897786735013
2014-08-08,7783.071232098837,6969.030458871874,8603.91473599575
2014-08-11,7801.880023424258,6963.7163335937275,8644.635091427188
2014-08-12,7810.921816803535,7005.84441330968,8650.2522703285
2014-08-13,7806.546054264786,6933.954571299058,8629.147265305757
2014-08-14,7822.061469521769,7038.652502534086,8636.14445609361
2014-08-18,7835.109728272517,7047.786200090212,8642.140235692987
2014-08-19,7844.031868514308,7045.429986311675,8714.294352487126
2014-08-20,7839.794737207559,6983.475025456359,8635.423497218548
2014-08-21,7855.755954339115,7024.264161192657,8719.509029189565
2014-08-22,7852.173408046123,7008.191515246497,8685.398912745817
2014-08-25,7874.407689594718,7057.826904739543,8732.40757080039
2014-08-26,7885.791361059644,7047.852940780943,8680.484662626968
2014-08-27,7884.442026729414,7022.650212333516,8731.728059745152
2014-08-28,7903.695718168188,7105.5616223841,8709.093202001675
2014-09-01,7938.671228845193,7106.695398827836,8800.39775779746
2014-09-02,7954.595470554264,7065.309335537559,8724.952871130206
2014-09-03,7957.80392856931,7152.825481217159,8749.902150839129
2014-09-04,7981.536826924928,7163.930572338588,8907.054585890424
2014-09-05,7985.917670824976,7149.399966128086,8851.291745531937
2014-09-08,8031.656731750782,7210.9683744165695,8865.121028674304
2014-09-09,8050.196461046856,7247.849250209437,8851.161538963794
2014-09-10,8055.383629237456,7229.8560867974775,8888.60219352375
2014-09-11,8080.3924321857,7277.8703409932095,8923.622599977569
2014-09-12,8085.294287504921,7292.416041442838,8891.929643434221
2014-09-15,8127.789287338081,7348.87866198216,8935.822615532743
2014-09-16,8143.641303309837,7268.598550269966,8985.920805328353
2014-09-17,8145.381518762191,7297.176816902196,9020.79290474496
2014-09-18,8166.237693440945,7362.26864319033,8994.71646490768
2014-09-19,8166.351789064168,7355.327842693593,9000.320653243207
2014-09-22,8191.599375763325,7338.901818751747,9060.708955861983
2014-09-23,8201.108542602575,7401.736554909382,8989.397418954155
2014-09-24,8196.41322596667,7433.553443392395,8907.756210509475
2014-09-25,8210.869756956694,7342.981680624767,9076.849676264574
2014-09-26,8204.74833579215,7376.628885499333,9043.706356491857
2014-09-29,8213.485053009856,7335.247772328771,9043.080809992214
2014-09-30,8218.581190880337,7427.660082845905,9037.244027550996
2014-10-01,8210.16547958155,7468.184022947088,9003.64062967616
2014-10-07,8188.30271928976,7309.1800521890955,9027.158278506695
2014-10-08,8175.310032133231,7325.540709249693,8983.082293537671
2014-10-09,8182.88741370538,7338.091641853786,9043.88231943605
2014-10-10,8171.264300336796,7368.250928384642,9028.766481916085
2014-10-13,8170.873225426656,7310.555204268057,8979.866776498178
2014-10-14,8174.9484066289215,7373.913987948518,9007.428120827311
2014-10-16,8177.99391087503,7336.507332010777,8954.292146930984
2014-10-17,8170.307534254715,7250.941335454479,8986.316481679018
2014-10-20,8179.31845501284,7320.894937762592,9050.57489648672
2014-10-21,8185.458040100098,7384.605263684472,8991.942716455214
2014-10-22,8178.192689683445,7341.164594229672,8970.913924829012
2014-10-23,8190.723949829764,7355.114053495703,8979.903665123296
2014-10-27,8188.778465871294,7341.6080500878315,8997.496590764873
2014-10-28,8192.701845045356,7399.868127370797,9079.83319737824
2014-10-29,8182.801116861112,7332.553618358419,8951.978805242265
2014-10-30,8192.372294693718,7358.267811302818,9039.115713882728
2014-10-31,8181.626349643105,7385.929792981203,9087.194397553158
2014-11-03,8177.507035492363,7362.963823808565,8924.390097965177
2014-11-05,8166.001848143949,7319.987910155592,8957.429260095862
2014-11-07,8161.022319569564,7322.3692141190895,8953.263924037536
2014-11-10,8155.69293366624,7352.642196015283,8999.57624829461
2014-11-11,8157.635866882607,7298.74196122686,8999.824632772797
2014-11-12,8146.779866224995,7264.46693809185,9004.974667642631
2014-11-13,8156.493703787866,7333.854296879793,8999.219036271643
2014-11-14,8147.029977993388,7326.8812870215825,8983.225809891166
2014-11-17,8153.522968399254,7279.449510638476,8984.616225317961
2014-11-18,8160.121322208854,7341.803661998605,8972.664216193165
2014-11-19,8154.100167110184,7296.920099625945,8967.451109133048
2014-11-20,8168.711062059824,7383.547508755086,9033.410635121923
2014-11-21,8164.086861112949,7305.632119612448,9002.364303993658
2014-11-24,8183.587160705233,7398.946583924229,9006.666933752975
2014-11-25,8193.661726447028,7341.373248052334,9043.330672469883
2014-11-26,8190.535880703521,7382.014007929784,9088.616738865823
2014-11-27,8207.391947958358,7341.512555660241,9023.668699523645
2014-11-28,8204.310697170771,7377.415665461787,9022.20434533918
2014-12-01,8223.9890616412,7374.714645991012,9006.53608618564
2014-12-02,8232.658446650654,7379.74540535902,9095.40420313246
2014-12-03,8227.453090975474,7400.730214226355,9094.31517773738
2014-12-04,8241.617189897528,7411.433898602551,9076.663254847786
2014-12-05,8235.309209805297,7425.145918266063,9091.561423099782
2014-12-08,8243.06418785159,7368.367237543918,9078.452228577618
2014-12-09,8247.376489641138,7465.650756284831,9078.886572568592
2014-12-10,8237.816124911213,7427.148661804444,9090.352658991034
2014-12-11,8247.742974617193,7497.455135005735,9073.801345145997
2014-12-12,8237.426390230312,7425.602962861906,9061.00128762137
2014-12-15,8235.500559121381,7367.374163172279,9030.767827876874
2014-12-16,8237.628039546938,7432.588695525237,9047.381498729945
2014-12-17,8226.494539890433,7384.872543482199,9052.535241511949
2014-12-18,8235.487234222672,7425.177519220433,9034.647266709768
2014-12-19,8224.883435001839,7416.190845180445,9114.539068619184
2014-12-22,8225.767078997851,7347.522313415216,9066.41539026071
2014-12-23,8229.892902395044,7386.481180059971,9100.338750305093
2014-12-24,8221.166828935975,7359.972892865326,9035.718432497166
2014-12-26,8225.214289477051,7446.5717669795895,9053.624455430558
2014-12-29,8235.058922356544,7468.542748086146,9088.976609882033
2014-12-30,8241.844041391465,7404.5219251418175,9054.648101949835
2014-12-31,8235.432145712433,7440.307300517464,9078.568515560473
2015-01-01,8249.019875938659,7418.098421873471,9061.255022841491
2015-01-02,8242.695842678884,7441.24183353867,9112.030191453183
2015-01-05,8252.780270645208,7441.408503105423,9063.630463042273
2015-01-06,8258.259551323832,7475.867558893157,9059.17028643853
2015-01-07,8249.8360670511,7458.597287481919,9125.24868917732
2015-01-08,8260.728319897302,7511.628388200119,9096.103977550141
2015-01-09,8251.066073630356,7425.7446630720715,9094.756953375327
2015-01-12,8247.955376646229,7445.40110949164,9093.163196312491
2015-01-13,8248.276751275997,7442.333940454442,9052.832371478338
2015-01-14,8234.495233097006,7453.876095032241,8986.069346402177
2015-01-15,8239.948772742615,7457.552402985079,9079.459851630396
2015-01-16,8224.889976262284,7487.711833633035,8995.47018388906
2015-01-19,8207.052785064223,7412.6203485970445,8985.334915197403
2015-01-20,8203.327710011281,7347.237003370755,9027.487405177684
2015-01-21,8186.09330082766,7443.940733856793,9048.143652421113
2015-01-22,8188.764320932878,7374.569047543153,9018.111833489505
2015-01-23,8171.653357951488,7320.213373603727,9027.212076020145
2015-01-27,8149.7189695927555,7331.292884811025,8943.744891706177
2015-01-28,8134.308615596953,7401.513859906558,8959.726294596827
2015-01-29,8139.4845756971135,7281.489095812419,8909.6176590708
2015-01-30,8125.48458107919,7275.563926446645,8958.133432177321
2015-02-02,8118.191412069402,7277.773620943052,8965.661379839166
2015-02-03,8120.0648457461775,7361.331184905848,8919.785485422239
2015-02-04,8109.217104300216,7247.813158509501,8909.62386306385
2015-02-05,8118.877927980165,7346.773899844763,8938.679332008089
2015-02-06,8109.159363269025,7320.035297301994,8957.424763542052
2015-02-09,8112.327322150781,7323.629356257648,8960.35467898084
2015-02-10,8116.5573740900045,7278.850426413938,8943.530056124502
2015-02-11,8107.367474291029,7296.6762536611195,8966.257188104551
2015-02-12,8117.93211449664,7259.589053703082,8897.466996063291
2015-02-13,8108.32670758337,7313.287832039904,8942.311113311787
2015-02-16,8107.016870585283,7264.570050615279,8939.195634420112
2015-02-18,8095.32379634761,7250.862175021534,8907.775927917808
2015-02-19,8101.572594822903,7315.0215043909175,8918.790148478132
2015-02-20,8087.133342744887,7226.642338534922,8891.392551137293
2015-02-23,8069.278754147228,7241.094878107521,8945.267238127126
2015-02-24,8064.680256008508,7264.578537986536,8872.706374526344
2015-02-25,8046.039845280968,7228.4449555875535,8861.835649858931
2015-02-26,8046.729976800354,7270.6390182247305,8863.893410562338
2015-02-27,8027.03421643024,7234.753514985276,8760.310097410646
2015-02-28,8120.924878467417,7273.872864620296,8879.615382160315
2015-03-02,7996.2914981471795,7198.021142836096,8795.121249879317
2015-03-03,7988.659753890941,7120.261226664456,8868.43907558645
2015-03-04,7967.735615159255,7149.954236413831,8810.821234487299
2015-03-05,7966.939890589696,7185.133388485607,8848.837476504512
2015-03-09,7918.938096788969,7122.63653616382,8735.113699142968
2015-03-10,7913.97131990691,7113.937001580028,8743.818652711552
2015-03-11,7896.466686961922,7034.361890913991,8714.934759603215
2015-03-12,7899.7882636242875,7011.059894293084,8670.993370688546
2015-03-13,7884.184513784299,7064.976323156238,8688.878254646874
2015-03-16,7873.7656144314615,7088.957547625829,8699.630922613413
2015-03-17,7875.24729685573,7105.313932234962,8696.691223952637
2015-03-18,7864.391288005023,7024.789690864944,8735.876542635158
2015-03-19,7874.470446916312,7041.855713926411,8638.955354656002
2015-03-20,7865.6445227096465,7021.593207189431,8694.842239125894
2015-03-23,7874.861242777554,7104.773761284913,8703.554790858045
2015-03-24,7882.413167839015,7112.674453815558,8677.418909421602
2015-03-25,7877.287111511072,7045.622420661871,8653.256623519796
2015-03-26,7892.706381619105,7077.0577222142765,8726.762629678082
2015-03-27,7888.789568835314,7085.799199721592,8763.273580294124
2015-03-30,7909.859046949339,7030.630537429921,8717.758832339072
2015-03-31,7920.345907164366,7109.669582113687,8709.70567818187
2015-04-01,7917.635156354413,7114.610229149894,8775.520028678542
2015-04-06,7954.713103448656,7079.674357884787,8785.083546831633
2015-04-07,7964.684245131088,7189.802981360665,8762.168072593699
2015-04-08,7961.029887864193,7172.345297094177,8759.120178829342
2015-04-09,7976.997650631878,7175.100532109795,8820.909248912576
2015-04-10,7972.7364158496985,7109.1240308506995,8740.71579466595
2015-04-13,7987.790109617875,7100.750032412677,8853.113613439651
2015-04-15,7987.845544497737,7130.765205385203,8790.837678763824
2015-04-16,8000.338648252787,7095.911443977452,8807.077454539829
2015-04-17,7992.416066341293,7220.535451318465,8874.040273943605
2015-04-20,7995.724180783054,7200.285410100484,8831.538928562755
2015-04-21,7998.652474662664,7170.690941667478,8848.081214704052
2015-04-22,7987.7171100974765,7206.401481501196,8810.81988532821
2015-04-23,7996.243314634591,7143.292070553213,8848.293993674728
2015-04-24,7984.461520191567,7130.26041393852,8831.642846769098
2015-04-27,7977.348134741143,7110.001672897981,8741.932440080544
2015-04-28,7977.359322179266,7177.6206205803865,8759.506680368037
2015-04-29,7963.868453717694,7120.04476984933,8756.05302813553
2015-04-30,7970.247088839672,7122.102374823388,8775.233816605632
2015-05-04,7947.604501178901,7091.2853077161035,8839.909794552463
2015-05-05,7948.023937511365,7169.137373229917,8763.077262373847
2015-05-06,7935.504777265336,7087.69386946804,8740.55241353349
2015-05-07,7943.414757760187,7105.9507254858045,8778.577271399192
2015-05-08,7932.012460840665,7163.756499142896,8793.064692351394
2015-05-11,7932.050040281058,7117.347821444907,8764.121651565723
2015-05-12,7936.374074837319,7119.809674049553,8792.039024987336
2015-05-13,7928.077715033258,7056.3778967738035,8694.096248390817
2015-05-14,7940.455657685163,7162.275766245052,8760.083043231869
2015-05-15,7933.686694389745,7086.055766587471,8775.848243140159
2015-05-18,7947.750820734412,7107.205143792047,8806.606910282428
2015-05-19,7956.494145101944,7066.786742847394,8798.48749018404
2015-05-20,7952.341747792643,7150.983678359952,8856.07432842075
2015-05-21,7968.505487182031,7149.1141269470545,8818.994089964495
2015-05-22,7965.087813644746,7143.06575779865,8764.768805673264
2015-05-25,7985.971875018254,7114.703683331873,8739.667669407972
2015-05-26,7995.758393959022,7211.308190989468,8773.45141901714
2015-05-27,7991.990999926455,7183.0979037656525,8801.798058767396
2015-05-28,8007.877321733978,7194.757095726852,8786.897734162172
2015-05-29,8003.530645673337,7168.4005422648825,8831.883049750231
2015-06-01,8018.049240009965,7228.704852885326,8885.234576741363
2015-06-02,8024.70113244387,7175.334465883868,8861.584885793058
2015-06-03,8017.413599377007,7169.293267109685,8871.064197130177
2015-06-04,8029.482044317363,7221.324653299428,8822.114441113448
2015-06-05,8021.114969068483,7214.0812596405685,8783.663413128852
2015-06-08,8023.372893844316,7201.132283219011,8817.207330124364
2015-06-09,8026.213973714105,7239.624419115802,8828.130369604574
2015-06-10,8015.418197097355,7122.51210239223,8781.65021986403
2015-06-11,8024.370501229498,7149.454192060261,8796.595326108774
2015-06-12,8013.359614384815,7218.522276940195,8832.253847914862
2015-06-15,8011.142713724239,7220.97496237952,8842.866702276997
2015-06-16,8013.781537913197,7203.307143615702,8822.010906684716
2015-06-17,8003.457952989685,7080.628814567611,8804.146412763514
2015-06-18,8013.550406981965,7244.602938234,8855.730677229421
2015-06-19,8004.324958260948,7060.089617499933,8847.880377953803
2015-06-22,8010.881817954844,7156.230394550528,8838.122144223627
2015-06-23,8017.365688943214,7187.025556087344,8848.658517157975
2015-06-24,8011.210285564722,7171.25069904233,8815.430491649136
2015-06-25,8025.699461542115,7179.763839259746,8850.80071052152
2015-06-26,8020.999724596693,7206.585860312286,8824.776672883398
2015-06-29,8040.890741444938,7191.533500456682,8908.077804183718
2015-06-30,8051.409929343825,7307.737668516023,8854.762232384724
2015-07-01,8048.934689479644,7260.747838207843,8850.863694690706
2015-07-02,8066.671478257848,7200.52765880277,8862.598992534355
2015-07-03,8064.720623048303,7248.257425107454,8869.63883851549
2015-07-06,8089.400826277924,7274.798217195553,8977.407682828363
2015-07-07,8100.280517531951,7287.37050572735,8970.370698462439
2015-07-08,8097.5431224308595,7289.508113690294,8939.787085896209
2015-07-09,8114.414051285538,7309.616076918091,8936.229180354188
2015-07-10,8111.026105619983,7360.252132478966,8917.566726312314
2015-07-13,8128.4679895028485,7281.916333823962,8939.13643699607
2015-07-14,8136.172799744104,7398.795784036588,9002.26680914395
2015-07-15,8130.002768199942,7294.923855387654,8932.82373510952
2015-07-16,8143.262660924685,7294.369161599684,8955.26717490102
2015-07-17,8136.165088039,7284.998530256353,8909.574798250966
2015-07-20,8142.64595770923,7299.124552711402,8968.082983547241
2015-07-21,8146.979466620991,7321.138959721912,8960.264995397518
2015-07-22,8137.673244132728,7307.399862392456,8958.72204970244
2015-07-23,8148.074058787636,7335.084667162872,9002.392639246558
2015-07-24,8138.425698898037,7230.202926927283,8937.027684112214
2015-07-27,8139.24696324333,7341.08782694235,8996.035209207103
2015-07-28,8142.350853770769,7292.366213470858,8923.047244349706
2015-07-29,8132.114552030042,7299.770234781297,9019.044519164532
2015-07-30,8141.8545594456955,7239.104734132691,8946.743331252763
2015-07-31,8131.777778056496,7329.18770892596,8964.449723854657
2015-08-03,8132.276506222943,7350.1450171980205,8942.420795161755
2015-08-04,8135.442150844968,7359.999356285197,8946.689703956708
2015-08-05,8124.878098809858,7245.9653227029,8950.42480911519
2015-08-06,8134.2635829993005,7338.078288952513,8996.861850324174
2015-08-07,8123.773098187009,7323.12115358399,8949.664458784388
2015-08-10,8122.467194947943,7240.608100470396,8924.735829642104
2015-08-11,8124.8186193728425,7265.99977916616,8939.424639658679
2015-08-12,8113.746502148411,7286.811497501385,8920.049369291888
2015-08-13,8122.550056559084,7349.535345761524,8943.85649298678
2015-08-14,8111.433598887713,7370.999377588689,8983.787725088721
2015-08-17,8108.392682080054,7327.653427644501,8980.063785248249
2015-08-18,8110.375298377452,7334.27905750042,8837.004155599641
2015-08-19,8099.127037530517,7327.93085903667,8896.91493671979
2015-08-20,8107.999901405163,7278.601806236004,8886.730046536502
2015-08-21,8097.24813241295,7263.391541594717,8933.179313585802
2015-08-24,8097.487353805103,7243.947973936,8938.215509560758
2015-08-25,8101.388523394717,7270.45685359796,8894.50203034992
2015-08-26,8092.493421036144,7291.460016168672,8930.979385152648
2015-08-27,8104.1490145965945,7294.260357206462,8872.624015715519
2015-08-28,8096.591310399663,7252.164039910399,8950.630787179867
2015-08-31,8108.498372300471,7237.430622671338,8926.55037681308
2015-09-01,8116.793090267317,7296.333908587887,8936.853476974657
2015-09-02,8112.419928475645,7333.484298664227,8871.395544039526
2015-09-03,8128.637798079457,7362.30731327162,8969.964848180152
2015-09-04,8125.5881661889,7317.984662114522,8965.725743676447
2015-09-07,8149.701436493826,7346.914785719861,8957.114692937821
2015-09-08,8161.296909132553,7338.975531964551,8987.044254534901
2015-09-09,8159.686672497596,7339.755903743143,8975.238557653658
2015-09-10,8178.049137935407,7362.764240489855,8981.558417875554
2015-09-11,8176.456572439003,7373.850367429074,8975.1357274066
2015-09-14,8200.3362628748,7364.602898510376,8980.461536278417
2015-09-15,8210.240970933783,7294.284557134449,9035.185914969123
2015-09-16,8206.139109556325,7359.367189055114,8974.859183804196
2015-09-18,8215.66535270767,7412.7351521736955,8970.689014871217
2015-09-21,8224.016328416565,7412.613899664985,9047.437128679292
2015-09-22,8227.870233105807,7424.156376209475,9061.403711068244
2015-09-23,8217.468518857895,7383.962453958059,9014.729556092865
2015-09-24,8226.14515065137,7398.92170317695,9063.693381193601
2015-09-28,8204.529890152166,7300.500953568151,9055.343495963594
2015-09-29,8203.22099960494,7462.28478764283,9053.35636315422
2015-09-30,8188.24517369523,7312.285555410876,8968.614751052675
2015-10-01,8193.02152836799,7338.0777042290165,8952.305911364494
2015-10-05,8163.6389105932385,7330.201339879591,8999.282918359433
2015-10-06,8162.4509259356455,7341.303074165266,9022.301457000087
2015-10-07,8148.39223456936,7380.718042717865,9056.474759617467
2015-10-08,8154.83307210954,7371.298447259813,8958.254873782003
2015-10-09,8142.024939210318,7369.9567486152055,8932.371528880336
2015-10-12,8138.018123966436,7292.36670780536,9001.048695345155
2015-10-13,8140.943359933357,7344.804670981244,8975.792498057703
2015-10-14,8131.153330010439,7264.2944945255,8955.011504824168
2015-10-15,8141.895150492547,7268.46395258271,8971.309232787053
2015-10-16,8133.298722853852,7344.569968204004,8954.704241214427
2015-10-19,8140.266163321332,7259.271464900516,8908.916923828601
2015-10-20,8145.9719920932375,7298.293444410733,8939.78325662702
2015-10-21,8138.396570909483,7374.930671311749,8974.636056369749
2015-10-23,8143.087546141224,7334.396551490174,9001.009416209114
2015-10-26,8148.975978461228,7326.529040238016,9019.150767843445
2015-10-27,8153.103071900844,7367.70474227494,9039.252493263777
2015-10-28,8143.429584286902,7340.6798953549405,9028.866092337335
2015-10-29,8153.22989580002,7345.405561357351,8980.023112915374
2015-10-30,8142.693215846866,7346.950661390803,8986.038620928384
2015-11-02,8138.875968812372,7350.8348056953355,9040.842109938028
2015-11-03,8139.797762638872,7334.08889150274,8902.051220332369
2015-11-04,8127.123416181703,7298.871284076729,8897.476568494618
2015-11-05,8134.234748919668,7277.669812027016,9017.45078726087
2015-11-06,8121.419842742161,7298.5465233074465,8945.551993404912
2015-11-09,8114.035040875356,7294.141234250284,8921.120984728039
2015-11-10,8115.046362764748,7271.995876707174,8945.075297191883
2015-11-11,8103.150956593836,7284.945254063355,8871.883126749897
2015-11-13,8101.058055368103,7308.600611351752,8934.3813005956
2015-11-16,8103.659513915044,7220.12566189359,8833.428265869647
2015-11-17,8108.946233924337,7298.821210513771,8914.567353652434
2015-11-18,8101.643684727112,7263.667216054588,8944.95776066535
2015-11-19,8115.02524167312,7288.137345884372,8947.494154435844
2015-11-20,8109.244278504249,7365.321759974434,8918.534051227187
2015-11-23,8125.883944201562,7289.195231655776,8958.017486296307
2015-11-24,8135.252629392642,7313.552644710955,8899.260481461046
2015-11-26,8147.988079126869,7290.745593632411,8937.12130995354
2015-11-27,8144.620403532541,7383.303422535787,8962.485647882273
2015-11-30,8164.2208048289895,7309.7383341521,8991.071406432415
2015-12-01,8173.087291322076,7322.559167436742,8966.261571731353
2015-12-02,8168.164565647606,7306.075670200492,8960.677917977671
2015-12-03,8182.677712658929,7351.131626732047,9006.683430861885
2015-12-04,8176.764482839054,7371.545786614574,9008.433505661942
2015-12-07,8185.759149577337,7331.133337797731,9033.406426433416
2015-12-08,8190.430686217721,7350.615730715386,9000.981924278443
2015-12-09,8181.168688578852,7332.677995861554,9047.181038461926
2015-12-10,8191.315345719641,7321.222824446421,9020.729428464827
2015-12-11,8181.124789126763,7336.492984176081,9022.421268530747
2015-12-14,8178.907576634236,7309.272438200007,8987.270103372337
2015-12-15,8180.696279252918,7341.960185899761,9034.624452173195
2015-12-16,8169.103006088129,7332.124368558579,8982.47384387642
2015-12-17,8177.52030486323,7333.852599499265,8992.213282096012
2015-12-18,8166.234338996397,7372.153698795802,8953.951472440545
2015-12-21,8164.565516657756,7322.232796030989,8948.780616239763
2015-12-22,8167.729335072055,7379.697499442459,8986.678001990325
2015-12-23,8158.018966891454,7310.355010147911,8935.257820513958
2015-12-24,8168.749726832745,7337.675246725788,8976.932589821203
2015-12-28,8167.402617680009,7360.053596800183,8996.734448723286
2015-12-29,8173.507136249053,7401.963167992946,8959.451884152366
2015-12-30,8166.526047525559,7309.478004121997,8981.715110321778
2015-12-31,8179.666772287215,7335.466580527724,9063.747296114372
2016-01-01,8173.025340460217,7342.850424116239,9001.736562941212
2016-01-04,8182.954941695682,7352.217897366509,8995.376413911825
2016-01-05,8188.6364159480145,7339.343083336072,9046.423159865968
2016-01-06,8180.527027197514,7374.8427743624625,9017.290464653683
2016-01-07,8191.831319921355,7402.746660966901,9070.055743804129
2016-01-08,8182.662264936436,7370.33669783201,9056.798130841205
2016-01-11,8181.3173672191215,7354.211040468719,9017.958198296064
2016-01-12,8182.248739362346,7273.115470678168,8955.321898912576
2016-01-13,8169.049435994536,7381.286445921036,9049.44107832327
2016-01-14,8175.034732405919,7332.97633044704,8953.465423642421
2016-01-15,8160.435694281157,7332.90609496803,9015.027958250734
2016-01-18,8143.359257129903,7350.020354643168,8983.812191584128
2016-01-19,8139.632489223009,7327.7640678258,8935.88150359967
2016-01-20,8122.2521286054725,7354.228650456209,8939.947906088531
2016-01-21,8124.628328172384,7297.01681126734,8958.40552675215
2016-01-22,8107.072865366683,7320.584599674457,8964.877676069942
2016-01-25,8085.595021973361,7301.029598108952,8855.263640529813
2016-01-27,8065.493322493821,7188.574052196362,8932.386523402905
2016-01-28,8069.513667631008,7263.616509502779,8848.667214841891
2016-01-29,8054.299289600555,7128.163607508805,8900.98708658998
2016-02-01,8043.241753830283,7193.835053728159,8838.936365060566
2016-02-02,8043.899309234493,7254.388463220684,8827.413031482418
2016-02-03,8031.893780268742,7214.154138128361,8860.020155796741
2016-02-04,8040.4762408434835,7257.216492800816,8866.85045147719
2016-02-05,8029.778076597136,7195.82041641051,8825.367154833759
2016-02-08,8030.753724750269,7216.9376404278155,8892.063536326148
2016-02-09,8034.537452681261,7245.393807325354,8857.243650334323
2016-02-10,8025.052539031421,7221.484054121985,8883.11436699815
2016-02-11,8035.4734171722275,7244.261563621533,8844.98476489631
2016-02-12,8025.871755038845,7245.824905742846,8883.17487390755
2016-02-15,8025.36841824911,7187.22464563005,8789.231961950405
2016-02-16,8027.06168715411,7201.57165275078,8872.86427189711
2016-02-17,8014.732313724274,7232.88339916825,8849.807034101177
2016-02-18,8021.609372439559,7230.533036416195,8857.131517171772
2016-02-19,8007.835914822999,7135.423055702703,8858.116035859657
2016-02-22,7991.97384752802,7168.578456371913,8883.290606702933
2016-02-23,7987.961841250857,7225.494675734881,8807.876951360826
2016-02-24,7969.833159489965,7151.1953269828855,8789.635173740948
2016-02-25,7970.940959747588,7083.4983256150945,8692.627313597553
2016-02-26,7951.551590719791,7107.7070649854095,8731.936131896211
2016-02-29,7920.925991504097,7115.32660040476,8706.54341604399
2016-03-01,7913.035283541849,7142.085937820865,8748.996319516637
2016-03-02,7891.695361700943,7067.050564260916,8753.243360313527
2016-03-03,7890.326903740142,7038.811289177622,8705.953911610335
2016-03-04,7869.2485502262625,7008.155011011479,8758.45272637421
2016-03-08,7832.331465778493,6991.409849559953,8622.150916172168
2016-03-09,7813.460414223711,6997.499950946241,8604.273203909823
2016-03-10,7815.32769470605,6956.482569753209,8696.250218005911
2016-03-11,7798.198123821341,6966.189450338305,8576.911227991566
2016-03-14,7782.942302700289,6905.891483690216,8559.9310527174
2016-03-15,7782.781359635191,6946.954172573425,8668.171825493218
2016-03-16,7770.294342165234,6936.315268874448,8613.896395617185
2016-03-17,7778.768817511036,6955.2836015074745,8659.048112171515
2016-03-18,7768.378031091886,6913.429922736808,8552.213142223503
2016-03-21,7773.2528398662325,6989.363102204906,8555.387705748211
2016-03-22,7779.505279152438,6951.316241382054,8651.074492034493
2016-03-23,7773.164860977261,6940.7545293237135,8609.622572195865
2016-03-28,7801.049937268514,6989.942490308017,8597.30991701382
2016-03-29,7810.8808835439295,6984.063295492529,8603.801871583775
2016-03-30,7807.604964267716,6999.655152605475,8645.842129771734
2016-03-31,7824.444675735975,6964.268837845626,8652.728200344272
2016-04-01,7821.522224446866,7018.634876827482,8610.924361045672
2016-04-04,7843.1074508241045,7064.021476865497,8685.757646172893
2016-04-05,7852.986937781008,7012.0144122441925,8692.52434104874
2016-04-06,7849.305618618323,6958.755445196707,8667.304100749405
2016-04-07,7865.306645235338,7063.396391408747,8687.120820691236
2016-04-08,7861.134288886152,7057.363550986211,8707.07151058783
2016-04-11,7876.739212760507,7031.599531511165,8639.325088844638
2016-04-12,7883.965399808625,7113.754744102239,8674.087465015078
2016-04-13,7877.345234012606,7035.711770138878,8707.193607214542
2016-04-18,7886.860264420774,7035.021586747795,8722.53979669445
2016-04-20,7879.444681594599,7060.077897127536,8688.263531869105
2016-04-21,7888.2171213439215,7071.747294443645,8739.827708161762
2016-04-22,7876.635850743431,7048.6838053751235,8758.47444630014
2016-04-25,7869.756445489852,7039.843541849893,8671.30784556741
2016-04-26,7869.694092745262,7044.242295315094,8728.46724970219
2016-04-27,7856.0412114336905,6949.380055860577,8675.104578254788
2016-04-28,7862.163273160737,7089.700143962572,8619.919918976864
2016-04-29,7848.328303363556,7027.308871388606,8700.100186064195
2016-05-02,7837.477151585035,7110.209990296694,8755.43017820319
2016-05-03,7837.128359353477,7063.661027395276,8706.421253949555
2016-05-04,7823.7434382645915,7000.487905988143,8618.721969317981
2016-05-05,7830.69630511165,7003.90945619948,8640.284892486674
2016-05-06,7818.25369145589,7050.334175428242,8651.882929404454
2016-05-09,7814.779984360146,7002.578479007387,8688.71728094066
2016-05-10,7817.847701799924,6945.689198194015,8611.030450348144
2016-05-11,7808.277334648551,6988.549307451005,8632.742744184085
2016-05-12,7819.380004721313,7031.786411114882,8668.661759485933
2016-05-13,7811.351304006292,6996.727486526119,8626.212129200841
2016-05-16,7821.8951882093415,7028.075009871429,8633.079299360306
2016-05-17,7829.60322902032,7010.917494674527,8680.122354169576
2016-05-18,7824.507469485901,6979.50858994664,8718.416590233492
2016-05-19,7839.83091007732,6997.18884575802,8678.98741799659
2016-05-20,7835.684991993036,7018.777072485286,8622.666883150237
2016-05-23,7855.109326729857,7013.8614599187,8717.429090674648
2016-05-24,7864.654974067075,6988.145540340582,8722.12445080031
2016-05-25,7860.764557428576,7002.967963735183,8666.218300342689
2016-05-26,7876.638529535625,7100.2555509725835,8747.337630231194
2016-05-27,7872.380374033699,7076.666502107018,8712.397181088862
2016-05-30,7887.637032315867,7094.0920026965105,8698.50689172504
2016-05-31,7894.638773896979,7112.567659136734,8720.824054986271
2016-06-01,7887.722754769046,7074.0475546186535,8801.022593691638
2016-06-02,7900.165074223117,7059.722645572661,8777.988139740963
2016-06-03,7892.154803632551,7105.534855959066,8734.798958697174
2016-06-06,7908.866635814761,7103.708786698097,8679.108891451368
2016-06-07,7916.373225625294,7043.331483993242,8736.89781025886
2016-06-08,7910.143021304544,7113.053397921083,8745.75232862049
2016-06-09,7923.550143331705,7126.681582064781,8822.105896113664
2016-06-10,7916.87518370907,7099.485489899343,8751.323522409351
2016-06-13,7926.915354601666,7083.975055928145,8783.395969610281
2016-06-14,7933.392406840634,7101.321932015725,8755.282629501624
2016-06-15,7926.792240026568,7156.664150573839,8825.927518999222
2016-06-16,7940.502911116614,7087.9754784313445,8770.570227097058
2016-06-17,7934.802611989269,7093.8840932971825,8816.12190486326
2016-06-20,7951.528797343681,7121.156109996769,8799.767043926462
2016-06-21,7961.325370676148,7078.845892570231,8811.789769360825
2016-06-22,7958.47549788126,7113.669073311579,8741.834702045016
2016-06-23,7976.282187643508,7127.81985459588,8786.584808184163
2016-06-24,7974.93065690507,7156.233743958206,8813.56772919402
2016-06-27,8005.221352123335,7156.065867611944,8838.926166868174
2016-06-28,8019.374181680823,7230.796029648534,8856.694152298101
2016-06-29,8020.6351730225715,7183.646146510297,8852.122407343208
2016-06-30,8042.218471661092,7193.920843466845,8830.127761017147
2016-07-01,8044.229361786363,7206.4502497905,8839.922207903055
2016-07-04,8081.493822016759,7253.636781644251,8869.156345760062
2016-07-05,8096.790202118542,7195.828908843149,8893.443966571567
2016-07-07,8120.044233682838,7322.147902006396,8942.202532061176
2016-07-08,8121.337655924802,7315.9301707926215,8921.207899557845
2016-07-11,8153.144989753421,7337.7505869040115,9035.70440570054
2016-07-12,8165.695950607449,7338.172746761879,8985.966451046967
2016-07-13,8164.376091654897,7323.789930093447,9015.773860659507
2016-07-14,8182.4761020772585,7323.976738126117,8950.435555070195
2016-07-15,8180.195585514528,7364.472424616242,8994.457225291637
2016-07-18,8200.881772344355,7380.223650962646,9069.92267375723
2016-07-19,8209.841801135186,7352.904485327723,9034.532044370877
2016-07-20,8205.099624795364,7420.908290444354,9069.068810315886
2016-07-21,8220.000320681114,7460.070210127419,9057.258419858386
2016-07-22,8214.788091951828,7436.3066151958765,8987.78171760337
2016-07-25,8228.568095140186,7355.926538669558,9070.914808269408
2016-07-26,8235.894020452548,7378.96223060099,9020.784963416334
2016-07-27,8229.843534057516,7314.003784785899,9076.938219007025
2016-07-28,8243.741810093561,7376.3973717267,9028.649625862745
2016-07-29,8237.804683390932,7411.091992365165,9043.64377766567
2016-08-01,8250.696288140583,7378.816140889198,9018.004152334915
2016-08-02,8258.0090818283,7451.09525031848,9121.232264065244
2016-08-03,8252.01091401122,7440.284753374709,9103.811858414083
2016-08-04,8265.983421788813,7400.665491038597,9095.515382606265
2016-08-05,8260.10284258845,7376.456161067284,9028.688442597115
2016-08-08,8272.753752687253,7422.44666779715,9089.101979719242
2016-08-09,8279.78734945066,7506.269043930105,9094.452116834455
2016-08-10,8273.40197479329,7390.47203382199,9065.719965887192
2016-08-11,8286.888533238549,7405.550763799657,9093.723074495943
2016-08-12,8280.442022759755,7485.9578829106995,9117.262106758359
2016-08-16,8297.730641212907,7467.648206337066,9097.06367454566
2016-08-17,8290.93667712643,7493.030598764584,9150.00678418982
2016-08-18,8304.193910976273,7477.30378801524,9136.913164397181
2016-08-19,8297.750518671715,7475.080075040595,9154.110932247651
2016-08-22,8310.42827630755,7455.526826768341,9088.101272302398
2016-08-23,8318.31474967605,7479.1935999334,9108.034917933246
2016-08-24,8313.331394194392,7508.157117036677,9157.789543934663
2016-08-25,8328.833102230812,7561.625090636416,9174.861984234989
2016-08-26,8325.06623370407,7544.507823268776,9139.69447868569
2016-08-29,8348.14988858648,7516.403805202174,9173.084804250993
2016-08-30,8360.158763607249,7559.246246525123,9151.607868047431
2016-08-31,8359.524058950325,7543.873668781494,9202.895077654517
2016-09-01,8379.523564273673,7564.093224298719,9193.019205755076
2016-09-02,8380.3175354629,7579.9645656714765,9194.51893830353
2016-09-06,8432.364709270134,7618.601986431804,9178.677305717598
2016-09-07,8435.151539715342,7628.847560774406,9312.62861290329
2016-09-08,8458.0563647841,7689.119179589064,9246.815321765866
2016-09-09,8461.156481917682,7651.087019013929,9272.287684024239
2016-09-12,8500.015900252954,7708.49947376278,9347.525497634817
2016-09-14,8516.495967129082,7673.9133935862255,9319.872533910317
2016-09-15,8537.107195941166,7650.590849309614,9370.89460619664
2016-09-16,8537.134389964884,7746.020397567917,9414.114475265786
2016-09-19,8562.632260495218,7773.881409460836,9419.023816759527
2016-09-20,8572.238645405392,7721.772465488516,9420.37634350177
2016-09-21,8567.56780881159,7798.590129788392,9438.987593214035
2016-09-22,8581.92997984746,7756.584613028802,9414.971408440095
2016-09-23,8575.552015614303,7735.331160251405,9413.550323881913
2016-09-26,8582.176366979633,7742.10571664376,9425.170588035959
2016-09-27,8586.025306810685,7749.389047699879,9431.945993765961
2016-09-28,8576.059530934566,7730.029517964407,9414.969950967274
2016-09-29,8585.691840163723,7761.794279054589,9356.079287261808
2016-09-30,8575.238021331998,7731.276487260492,9375.979374911065
2016-10-03,8574.198915061581,7771.278320854023,9409.920413757269
2016-10-04,8577.134206023842,7668.674090813779,9403.252591663066
2016-10-05,8567.084878907855,7795.022667967387,9441.16371824277
2016-10-06,8577.439113970848,7759.973276880316,9376.763103296771
2016-10-07,8568.468531903987,7713.858626577731,9348.48788636175
2016-10-10,8575.741339725018,7751.61493536346,9404.634341116198
2016-10-13,8591.026993399988,7786.574090418117,9418.973528345163
2016-10-14,8586.360830074022,7755.998392128625,9376.49164763207
2016-10-17,8605.725689620165,7769.0078838902955,9506.011698735478
2016-10-18,8615.799425653402,7855.575155674668,9427.8134202335
2016-10-19,8612.717366516867,7802.018764978915,9436.164783029802
2016-10-20,8629.674542373657,7825.122503704105,9452.945501056487
2016-10-21,8626.763926214388,7804.006179760939,9376.567559895553
2016-10-24,8647.486163787957,7800.468331778833,9467.385816000953
2016-10-25,8656.716824570149,7858.02838191791,9512.203298002418
2016-10-26,8652.196344494727,7858.7276645777965,9464.32769174469
2016-10-27,8667.178504777783,7808.325327525287,9451.987678442758
2016-10-28,8661.83101156464,7855.085316674284,9467.542681272216
2016-10-30,8393.892222028606,7546.702198274689,9204.994175538597
2016-11-01,8679.338714786125,7859.179029365809,9519.36554973312
2016-11-02,8671.579323949098,7807.07098599589,9543.910641610457
2016-11-03,8683.499174657027,7884.8735001861505,9550.260844814036
2016-11-04,8675.375077772163,7851.583485504101,9594.478736268416
2016-11-07,8681.29491680287,7856.470060055076,9539.598093588065
2016-11-08,8686.482915279552,7834.251735255331,9524.734974275147
2016-11-09,8678.643173632758,7878.891263570988,9451.438454308012
2016-11-10,8691.168739904451,7854.966826831131,9513.75414995608
2016-11-11,8684.342422314892,7845.974952110681,9544.677294811365
2016-11-15,8707.00189148334,7902.090830146276,9632.197122393845
2016-11-16,8703.3421326046,7856.207623760233,9576.23403609731
2016-11-17,8720.391133118252,7947.116617222019,9550.299789484445
2016-11-18,8718.324313969273,7906.799177036729,9541.23868868098
2016-11-21,8746.586437243772,7951.484059236399,9551.040053087505
2016-11-22,8760.045198207254,7895.371729215871,9547.226034186793
2016-11-23,8760.570460517778,7910.073125403386,9609.548359815093
2016-11-24,8781.355309800394,7972.845186326617,9629.174355362675
2016-11-25,8782.483908486302,7948.907613543785,9642.203875978887
2016-11-28,8816.40140155,7994.871064993924,9637.115925093478
2016-11-29,8830.293001808848,7970.500566613652,9653.539417601789
2016-11-30,8830.50173037075,8050.033967765603,9612.76324869643
2016-12-01,8850.236322315273,8016.050559776428,9748.896601710783
2016-12-02,8849.615905644177,8015.302301953026,9658.491488119966
2016-12-05,8874.708299967238,8053.043524150081,9689.931918395194
2016-12-06,8884.745797598625,8090.764124484739,9693.266335609773
2016-12-07,8880.813724444446,8085.255328193687,9721.103790256979
2016-12-08,8896.23419086263,8134.431206872399,9755.494508778425
2016-12-09,8891.243093358053,8082.189986094932,9718.87270485976
2016-12-12,8904.033702297651,8044.520821323948,9786.619279856479
2016-12-13,8910.595363854572,8047.194067898115,9704.78778037135
2016-12-14,8903.65245790034,8100.355901304572,9789.448374185322
2016-12-15,8916.598348859268,8082.048322889716,9675.63319334271
2016-12-16,8909.723675819561,8067.622691972239,9778.298978219038
2016-12-19,8920.681099489226,8098.599768913158,9752.596777250437
2016-12-20,8927.898261494982,8095.00333419309,9712.92457062472
2016-12-21,8922.193225502226,8046.488335755213,9729.137174914684
2016-12-22,8936.90174553253,8107.95497654766,9697.94531164383
2016-12-23,8932.240901129286,8179.751419375516,9872.905851418902
2016-12-26,8951.619225219338,8068.245410407181,9797.037272539606
2016-12-27,8961.882120274471,8143.10988303313,9752.558684987482
2016-12-28,8959.153108779494,8084.509012246771,9824.73715303521
2016-12-29,8976.654133515345,8152.875137526229,9786.171072252264
2016-12-30,8974.492798337638,8185.304556973017,9827.41957091038
2017-01-02,8998.646464077818,8196.476894386153,9899.468594082642
2017-01-03,9009.33401125896,8191.144300445746,9877.977083655673
2017-01-04,9006.355508494724,8173.7432433014965,9882.371224813362
2017-01-05,9022.905590802764,8229.172527799254,9850.651590653979
2017-01-06,9019.08404067819,8167.779325335866,9861.888706574106
2017-01-09,9034.218670654913,8232.478011659292,9877.208876802259
2017-01-10,9040.720621642136,8247.986555376012,9868.624087164108
2017-01-11,9033.093123725454,8204.205960669839,9936.170383492372
2017-01-12,9044.628217992711,8172.970964712908,9891.461627033297
2017-01-13,9035.534105553506,8227.792717794073,9894.454075006655
2017-01-16,9034.492829028302,8217.93798906298,9842.130124379615
2017-01-17,9035.891116018212,8149.649173161785,9865.458685725465
2017-01-18,9023.502452805238,8161.409126381334,9792.243551455644
2017-01-19,9030.727824659763,8235.098644574802,9918.72758701761
2017-01-20,9017.873464729795,8166.68604575627,9869.187286905539
2017-01-23,9009.611953623285,8243.08254427409,9854.345499474204
2017-01-24,9010.125350775621,8206.111501364221,9789.270220715092
2017-01-25,8997.648962434556,8184.926245830018,9797.64953144944
2017-01-27,8994.181838278357,8149.919172445133,9805.078205209913
2017-01-30,8994.292437094706,8162.153726598234,9874.103532696143
2017-01-31,8998.652155633848,8133.761671000604,9773.597104396398
2017-02-01,8990.378223269432,8213.61985148205,9850.024438679953
2017-02-02,9002.74478748813,8208.232137623101,9813.383379496272
2017-02-03,8995.904984911303,8238.191747926714,9861.901358086656
2017-02-06,9009.087891992865,8174.109227891423,9805.723470765532
2017-02-07,9017.200200585536,8196.42769782846,9816.380374634835
2017-02-08,9012.190042151033,8120.792139383028,9836.269601355547
2017-02-09,9027.23641964009,8227.21488845898,9822.17912756729
2017-02-10,9022.411871279548,8192.211058247412,9816.865170561072
2017-02-13,9037.103385942482,8296.328538539534,9924.998198554742
2017-02-14,9044.116795324448,8200.004883481637,9911.952463412756
2017-02-15,9037.211111861992,8187.435845748875,9873.116774418622
2017-02-16,9049.59709570165,8176.25671256097,9853.321370066747
2017-02-17,9041.397501401192,8210.509342930092,9908.133439021653
2017-02-20,9042.424495901252,8157.005512461023,9859.290678904945
2017-02-21,9044.021253453448,8225.756847322462,9929.752483675675
2017-02-22,9031.453012614536,8226.699937553314,9818.860760367137
2017-02-23,9038.051595150851,8158.6643850935925,9878.65903222811
2017-02-27,9008.939855974315,8149.9299009724,9841.311522263692
2017-02-28,9005.939877237228,8153.844465985684,9855.467559863122
2017-03-01,8989.338301874772,8160.358173035969,9873.620140071886
2017-03-02,8992.551875905956,8159.997252356071,9834.323669273632
2017-03-03,8975.898356147274,8139.097066943805,9853.27292232887
2017-03-06,8957.577314887261,8185.697089741355,9781.291896959165
2017-03-07,8955.191597254936,8134.766712601742,9780.237972596346
2017-03-08,8940.044002881239,8134.342748173688,9791.171465778236
2017-03-09,8945.527769295812,8141.980484478675,9784.874439248046
2017-03-10,8931.922848843591,8114.479647564011,9700.652551992787
2017-03-14,8930.016981766652,8127.8227818785,9671.954507714683
2017-03-15,8920.845336302931,8110.368472123302,9719.608313431529
2017-03-16,8932.642957214324,8099.382975364392,9775.280120624533
2017-03-17,8925.598070724041,8058.668581923045,9821.950671415245
2017-03-20,8940.778459597752,8101.413189017586,9838.996965109429
2017-03-21,8950.592033835313,8155.931982754817,9814.409016730262
2017-03-22,8947.890198280784,8115.7952548566545,9811.857804127978
2017-03-23,8965.907034349582,8163.53986097762,9751.390269205218
2017-03-24,8964.768961079126,8110.105241106054,9787.101649595286
2017-03-27,8995.300068787728,8192.585700958438,9780.64914386256
2017-03-28,9009.317210206827,8158.29791894915,9791.606067343364
2017-03-29,9010.320808523922,8154.0628201975105,9828.74126959572
2017-03-30,9031.531382526666,8223.707898223918,9891.825473785704
2017-03-31,9033.068523071908,8210.180869523456,9790.057788324253
2017-04-03,9068.531856846099,8203.727616862274,9831.565810189395
2017-04-05,9084.359877054136,8271.156012358371,9912.195732770242
2017-04-06,9105.27666940324,8295.33831305956,9946.263149793971
2017-04-07,9106.081433784977,8299.518467973865,9959.025330131732
2017-04-10,9136.939235581192,8345.181172813614,9944.478267221148
2017-04-11,9149.340314788236,8285.028244932848,10012.784361311677
2017-04-12,9147.931351727833,8258.507496134243,9896.303455133935
2017-04-13,9165.978067697344,8298.580118266125,9991.540475556623
2017-04-17,9183.823199368248,8393.50936183096,10032.031049046589
2017-04-18,9192.348600111665,8399.006167642574,9994.768352870615
2017-04-19,9186.968431538204,8322.494042133281,10016.809066626243
2017-04-20,9200.989307607535,8378.109137368687,10031.114739959256
2017-04-21,9194.62269367179,8381.4331184218,10004.753297772148
2017-04-24,9203.08946645747,8366.022134079954,10034.27965919395
2017-04-25,9208.012418369792,8409.427146284228,9941.083352907295
2017-04-26,9199.26551597069,8408.87619538514,10061.107210873097
2017-04-27,9210.206787963682,8373.191038924873,10048.20643654522
2017-04-28,9201.097874005016,8409.53614959506,10003.294141353059
2017-05-02,9207.791335516065,8420.152128963904,10080.34872349281
2017-05-03,9198.621786706119,8356.570161188938,9954.724031644939
2017-05-04,9209.691261701231,8357.181298786316,9961.673039350626
2017-05-05,9201.272171585824,8375.840155097314,10092.567817084659
2017-05-08,9209.396587345296,8365.59192027667,9986.834343680952
2017-05-09,9216.210551703989,8425.082218056697,9950.187319222163
2017-05-10,9210.349265952042,8377.852046951162,10032.313617840182
2017-05-11,9225.139321054896,8375.38519352697,10015.50134190699
2017-05-12,9220.792584628334,8397.08577878201,10015.672103891497
2017-05-15,9242.517355001564,8401.499258286118,10076.758745258383
2017-05-16,9254.05215457917,8441.274591470905,10101.34908137056
2017-05-17,9252.85858332423,8411.969943844735,10000.685214503526
2017-05-18,9272.173046164404,8471.027467793998,10109.450043273047
2017-05-19,9272.118618905022,8419.86153881203,10115.352361460424
2017-05-22,9304.503833273277,8457.794135363169,10130.967930413966
2017-05-23,9318.613907866404,8526.71911041648,10149.143555948209
2017-05-24,9319.410844900207,8503.58556606607,10120.408501720332
2017-05-25,9340.091385940343,8530.376380251726,10134.518873500256
2017-05-26,9340.752519000347,8474.641872965407,10202.257470994438
2017-05-29,9371.339585583588,8549.81887174739,10174.733018055138
2017-05-30,9383.596382269883,8536.305632856835,10251.376704415392
2017-05-31,9381.980326406161,8571.787537856539,10208.462970838273
2017-06-01,9399.749025208546,8543.347135963815,10272.50561106735
2017-06-02,9397.072350884815,8550.253806770399,10235.02213181613
2017-06-05,9415.963265077911,8557.768912547668,10248.745331303753
2017-06-06,9424.085128267461,8593.64209428127,10295.378839156585
2017-06-07,9418.387129511404,8586.692733812744,10218.74308644935
2017-06-08,9432.229611952669,8624.724751619005,10205.962528858832
2017-06-09,9425.88172077162,8589.765808065036,10232.7420724347
2017-06-12,9436.179416585523,8599.242699793087,10303.316735077835
2017-06-13,9442.491171655489,8588.544442112481,10258.90666335611
2017-06-14,9435.602806809338,8590.948215905493,10203.393948162886
2017-06-15,9448.908492652898,8667.750886853486,10302.149924317388
2017-06-16,9442.695357542374,8576.484576782816,10291.99158087695
2017-06-19,9457.362351012289,8612.294214605805,10265.985299919563
2017-06-20,9466.351123267106,8636.109670429858,10223.401901432962
2017-06-21,9462.662435946448,8645.244669639696,10300.607680751069
2017-06-22,9479.618336900288,8644.864183255206,10328.12567908219
2017-06-23,9477.423235099383,8705.132541097306,10242.70975964191
2017-06-27,9518.927412352357,8700.650743158843,10346.386431283057
2017-06-28,9519.64159704654,8723.44925435625,10360.079541688594
2017-06-29,9540.778345004983,8737.129902093897,10366.777788171681
2017-06-30,9542.451292502252,8742.085186161354,10404.039195895803
2017-07-03,9579.39608790127,8711.240207002653,10399.851506396944
2017-07-04,9594.81752307837,8813.641221093945,10448.909723934961
2017-07-05,9596.830182448493,8738.434903471036,10465.71529828135
2017-07-06,9618.641405165661,8845.441627650018,10389.009214106969
2017-07-07,9620.36203973485,8795.594253466425,10416.515638115943
2017-07-10,9653.876632208252,8849.933069539838,10487.15540852042
2017-07-11,9667.091580405999,8868.407669134502,10449.98927312025
2017-07-12,9666.458266702588,8825.91973122369,10493.96678281283
2017-07-13,9685.252488326065,8895.22434715605,10463.01139985578
2017-07-14,9683.65956073195,8821.943498171291,10484.720749362452
2017-07-17,9706.242609513714,8824.98550716049,10499.437603701343
2017-07-18,9715.745277497004,8910.83496827898,10513.556445702527
2017-07-19,9711.488413023671,8876.866859841704,10545.59223395125
2017-07-20,9726.812706369194,8897.785964342214,10553.614644602216
2017-07-21,9721.960132389091,8864.518395407778,10583.003054620418
2017-07-24,9736.444367244967,8914.675172630814,10499.778242481341
2017-07-25,9743.892504969668,8920.081443678166,10638.455352162911
2017-07-26,9737.918088511768,8930.250144180542,10553.221838071351
2017-07-27,9751.854130326574,8835.50209084587,10573.345576698292
2017-07-28,9745.925015771802,8883.27754412178,10565.13265840492
2017-07-31,9758.750718843341,8900.200105992875,10571.42231212846
2017-08-01,9766.039587789197,8933.915808636388,10654.947900200088
2017-08-02,9760.028581296347,8958.651858083662,10516.474769597902
2017-08-03,9774.004776343902,8917.37482272627,10608.188313589637
2017-08-04,9768.148310633891,8927.300932469783,10533.241604663373
2017-08-07,9781.006878838245,8931.57210249818,10622.611660353321
2017-08-08,9788.149858405457,8951.928627648887,10625.075229093944
2017-08-09,9781.886969996225,8947.474342722946,10575.496888199967
2017-08-10,9795.502469582641,8976.649652942737,10557.119411341566
2017-08-11,9789.18334559836,8957.305088113904,10588.853788235194
2017-08-14,9800.251194762843,8960.063515494494,10591.04084810496
2017-08-16,9799.954180058388,8925.045984792077,10656.200712430265
2017-08-17,9813.124658725013,9024.731663731154,10696.576848992057
2017-08-18,9806.52636299501,8917.561789528267,10671.836563809216
2017-08-21,9818.274985824939,8968.21465916827,10689.705506604609
2017-08-22,9825.688607195934,9018.864332457431,10659.391134223177
2017-08-23,9820.152496050076,8990.453652412525,10617.769740456086
2017-08-24,9835.02630324052,8965.704002139,10577.528696007994
2017-08-28,9851.261908228294,9026.34260208741,10708.555960227905
2017-08-29,9862.4230579887,9069.630990210788,10687.479014782031
2017-08-30,9860.941956454903,9094.102751849008,10641.03068745338
2017-08-31,9880.114689886574,9048.035682584408,10698.735364222312
2017-09-01,9880.120336872285,9071.396037268149,10731.365173193639
2017-09-04,9914.363557298038,9125.641395729179,10717.198870687145
2017-09-05,9929.765769660193,9128.755225513778,10733.66833374387
2017-09-06,9932.222452635668,9136.82887375194,10729.764928897697
2017-09-07,9954.931786781754,9180.825164027541,10781.562237037475
2017-09-08,9957.97995120289,9095.16739449271,10774.311653114235
2017-09-11,9997.586508279506,9159.220750908935,10852.191204968303
2017-09-12,10013.314675665235,9214.239830356268,10868.290795308441
2017-09-13,10015.299545719645,9204.83260892203,10773.794335374685
2017-09-14,10036.724389480827,9235.964318417427,10802.125360125396
2017-09-15,10037.678637163921,9187.814890365127,10835.228883358674
2017-09-18,10066.455883108176,9202.09863221782,10864.437923039572
2017-09-19,10077.250388400582,9234.082468357088,10878.623995474025
2017-09-20,10073.776268993937,9256.301190794546,10918.739840763008
2017-09-21,10089.319578834296,9304.29761792541,10894.094977963294
2017-09-22,10084.083276091686,9280.730767004248,10890.19431836424
2017-09-25,10093.673343997634,9261.51264180264,10864.443341642665
2017-09-26,10098.293058170442,9235.597091951922,11022.644499270422
2017-09-27,10088.96324894269,9240.56902079322,10917.855388112406
2017-09-28,10099.085898946756,9238.90212896462,10965.403341446177
2017-09-29,10088.969553447796,9250.65972009311,10918.856415519058
2017-10-03,10090.674729391974,9242.961017027532,10859.739589829198
2017-10-04,10080.222265463926,9210.88206046747,10956.415073596903
2017-10-05,10090.055364844999,9262.177905812167,10900.741696766077
2017-10-06,10080.46297006703,9238.908286238342,10906.652314740362
2017-10-09,10085.470799100865,9208.24962514442,10895.17010611778
2017-10-10,10091.3414443001,9229.623422431405,10895.829116170384
2017-10-11,10084.543063276718,9197.94033033567,10878.081495515657
2017-10-12,10098.365930524278,9239.311108426838,10883.28407586266
2017-10-13,10092.979831365756,9298.416827672287,10952.362607514386
2017-10-16,10110.682018871245,9318.68889085369,10894.37836895337
2017-10-17,10120.413838750846,9290.187330161973,10966.680811483784
2017-10-18,10117.111224140805,9253.066181282145,10956.601873359845
2017-10-19,10133.972948765237,9213.787184658035,10981.658548214113
2017-10-23,10152.5984839954,9348.788984402183,10920.199635722063
2017-10-24,10162.286889006813,9350.626516831078,10944.849935745377
2017-10-25,10158.29716902048,9337.392508711519,10990.858322641721
2017-10-26,10173.864467616371,9400.658295729154,11015.926876584792
2017-10-27,10169.136212234765,9331.678507287692,11045.200464068932
2017-10-30,10182.562378860053,9271.801922471755,10971.313135348095
2017-10-31,10189.032304351658,9361.522028949585,10986.068046473429
2017-11-01,10181.74315089608,9308.834903771694,11007.166994181845
2017-11-02,10194.045054433822,9382.66454073697,11065.949403406321
2017-11-03,10186.199873195263,9333.434591403058,10983.052663027755
2017-11-06,10192.233606434202,9341.408338083347,11011.471940188447
2017-11-07,10197.20113380998,9342.533166799805,10976.248721608787
2017-11-08,10189.012115481442,9334.420308634148,11007.729207218737
2017-11-09,10201.065386567177,9377.18546535778,11024.951072431604
2017-11-10,10193.653072160665,9326.747074541196,11068.341772941003
2017-11-13,10205.085110287442,9334.613186053497,11017.40759074337
2017-11-14,10213.124863639905,9423.288762515936,11033.115366411592
2017-11-15,10208.551450318859,9379.913338509377,11038.373213428087
2017-11-16,10224.683207742393,9403.748389236649,11057.249545386334
2017-11-17,10221.718178618874,9405.572588699994,10968.273620631433
2017-11-20,10247.616689735496,9455.523864058938,11084.60956069684
2017-11-21,10260.462893501406,9460.49945545172,11070.127305076168
2017-11-22,10260.490205066057,9399.251115454175,11090.680049444767
2017-11-23,10280.903596085825,9481.216781283832,11036.84796235438
2017-11-24,10281.795763875985,9495.692221179721,11109.220008091424
2017-11-27,10315.845042270621,9517.99705589826,11167.532407170795
2017-11-28,10330.05265458511,9507.98863071729,11147.017943061324
2017-11-29,10330.700277016735,9512.646356627154,11198.35822224341
2017-11-30,10350.983779666552,9557.84229529307,11076.899898226138
2017-12-01,10351.006584221428,9510.411479984194,11201.73521978095
2017-12-04,10378.404643212914,9602.253848589346,11173.640040040596
2017-12-05,10389.265626090573,9553.316044038722,11268.574090141177
2017-12-06,10386.14783103849,9514.240932925379,11155.435178674967
2017-12-07,10402.351781745969,9562.076849727853,11234.5524772061
2017-12-08,10398.09292136792,9567.437289350662,11222.797653934864
2017-12-11,10412.596921115057,9489.339160469808,11253.032231823288
2017-12-12,10419.522924829076,9650.144239098996,11211.973478827747
2017-12-13,10412.825928596125,9550.607947457758,11250.96783535547
2017-12-14,10425.895510822926,9608.19181498774,11312.17046857432
2017-12-15,10419.022203890505,9518.441176496772,11228.130957551182
2017-12-18,10429.303105580211,9640.254810468003,11246.790477692284
2017-12-19,10436.102581955076,9606.53247756274,11331.545171150598
2017-12-20,10429.90852645404,9569.45397948441,11268.43752812185
2017-12-21,10444.07512401081,9638.056539116575,11236.42214963304
2017-12-22,10438.839562407415,9606.937220918539,11277.116970194795
2017-12-26,10466.281915705898,9624.326342242539,11227.472728554687
2017-12-27,10463.133039141732,9622.162658232066,11376.67865103483
2017-12-28,10480.30385634928,9643.982166948126,11325.138958404475
2017-12-29,10477.917167059131,9690.189566861836,11305.538576106617
2018-01-01,10502.131018879347,9683.62168066355,11371.308853169974
2018-01-02,10513.102693490388,9718.866642019217,11306.837166714882
2018-01-03,10510.540530107859,9673.726395296326,11329.872857886334
2018-01-04,10527.633698079053,9666.258556806106,11308.617319899078
2018-01-05,10524.472933493056,9742.251945608237,11366.844660577783
2018-01-08,10542.15740747048,9678.672132247682,11275.257952597774
2018-01-09,10549.638786082442,9687.144623162056,11348.651052101472
2018-01-10,10543.020554486435,9657.291531350586,11405.779234408697
2018-01-11,10555.571934795915,9760.497707197463,11344.895146245088
2018-01-12,10547.477899058995,9689.348830086348,11307.576608602894
2018-01-15,10549.114204170963,9718.206467655751,11426.966034709329
2018-01-16,10551.228851933545,9751.015185230353,11379.995899544236
2018-01-17,10539.439356772518,9685.899621731207,11323.627573451175
2018-01-18,10547.133369934832,9776.36062805467,11346.092817217766
2018-01-19,10534.607086590475,9714.160317631717,11348.388996636104
2018-01-22,10526.44055266256,9668.719816907962,11339.523751601593
2018-01-23,10526.69285949612,9659.135905301471,11289.785367024251
2018-01-24,10513.820242104772,9696.69866504399,11306.37374237461
2018-01-25,10518.570215424224,9727.119562162996,11352.56489578445
2018-01-29,10493.694150689158,9653.950349881474,11363.738796279915
2018-01-30,10494.538344278906,9686.251712075958,11278.414122484428
2018-01-31,10482.748505192463,9659.521802269112,11301.327986600278
2018-02-01,10491.622688527024,9649.451256392274,11344.020469935596
2018-02-02,10481.337345553524,9636.732882437822,11264.352075631994
2018-02-05,10484.67683829849,9702.794840543329,11294.553444408255
2018-02-06,10489.73249388448,9644.855762081828,11290.135862223395
2018-02-07,10481.801095476461,9622.126313353487,11344.525885435254
2018-02-08,10494.070696163422,9686.992078430096,11317.146185699092
2018-02-09,10486.619317448356,9633.131974453332,11317.438729468962
2018-02-12,10494.329531102794,9662.028987414018,11306.380744440845
2018-02-14,10490.468789749964,9716.835549088206,11325.005176939254
2018-02-15,10501.03978854353,9742.486916753165,11355.397306299925
2018-02-16,10491.115227306813,9664.56042788508,11362.954894261211
2018-02-19,10487.301406684053,9646.133888030565,11340.753406935559
2018-02-20,10487.321251078603,9699.385621472917,11286.169590532758
2018-02-21,10473.155962289611,9642.018403958993,11263.35886796212
2018-02-22,10478.114701784467,9695.746345956057,11278.982686398158
2018-02-23,10462.42240002593,9625.43072066791,11298.789270935877
2018-02-26,10441.606922626128,9560.50004525896,11235.739042663567
2018-02-27,10436.463560558972,9568.734283519108,11274.025325331973
2018-02-28,10417.575420257253,9554.787617584283,11239.672459329542
2018-03-01,10418.351507941108,9528.655635971547,11264.745376762801
2018-03-05,10372.069263727366,9555.921211597924,11176.17150875928
2018-03-06,10366.480839921363,9513.200773889579,11127.32449744363
2018-03-07,10347.99513340482,9521.780160783548,11153.860038811617
2018-03-08,10350.016893054073,9500.576938841215,11174.926378408492
2018-03-09,10332.83941357023,9422.731615803006,11103.882040142604
2018-03-12,10316.543390860143,9522.199021112885,11156.765463317413
2018-03-13,10315.848706419398,9484.78577499712,11147.234471280954
2018-03-14,10302.790786962436,9582.259194983655,11112.900283499504
2018-03-15,10310.689876921613,9481.628682935625,11140.326719281173
2018-03-16,10299.750330237754,9465.718365738476,11121.413917720036
2018-03-19,10303.416605271033,9444.357350731201,11096.775281974311
2018-03-20,10309.491385042098,9501.132615705745,11157.658926134476
2018-03-21,10303.118078614903,9488.994074941862,11142.812215973749
2018-03-22,10317.539064016966,9493.993901377758,11067.797182019138
2018-03-23,10312.887483017877,9510.35339027956,11094.114363007258
2018-03-26,10333.416731981444,9553.879394908543,11164.585536429786
2018-03-27,10344.287421480758,9440.373801486814,11171.956840229974
2018-03-28,10342.239246781897,9521.917957819169,11218.867400162317
2018-04-02,10386.551700843891,9530.997806358817,11143.89076620531
2018-04-03,10398.683027568577,9590.474542426606,11254.54151691922
2018-04-04,10397.39894719668,9620.553577172814,11189.607670562775
2018-04-05,10415.934159749599,9591.538258644987,11236.638780934483
2018-04-06,10414.424223088134,9575.36513614134,11254.893791860393
2018-04-09,10438.69447355306,9627.682542817358,11255.146785426667
2018-04-10,10449.002859614244,9586.007865639116,11292.746371042227
2018-04-11,10445.544399680704,9632.467989945166,11341.863696416884
2018-04-12,10461.579351145072,9657.601079474129,11270.950883982547
2018-04-13,10457.269866598603,9645.21301782234,11306.845835070437
2018-04-16,10471.631406695918,9653.757962181675,11317.22942400258
2018-04-17,10478.237096123707,9659.874596898702,11186.649583717388
2018-04-18,10470.932924303193,9666.955664150586,11276.32910220762
2018-04-19,10483.016820211793,9623.011855527073,11358.387755736658
2018-04-20,10474.691178193474,9693.149536684252,11288.437449598892
2018-04-23,10477.054303027957,9696.06766717174,11286.316815211554
2018-04-24,10479.835564523672,9729.260147490935,11307.615107136631
2018-04-25,10468.878102059862,9702.281881844507,11292.582784226717
2018-04-26,10477.531488496157,9682.776652730594,11299.799915286958
2018-04-27,10466.049690460495,9623.517789218697,11281.450033166966
2018-04-30,10461.085076907257,9713.136900506943,11319.185003183251
2018-05-02,10450.247462948008,9690.138598825186,11289.961561540907
2018-05-03,10458.343223241576,9625.238725750634,11236.245543810028
2018-05-04,10446.850548032706,9677.022940721525,11228.584740113538
2018-05-07,10445.216677596432,9648.902837514237,11323.346187743164
2018-05-08,10448.628943634913,9654.911933222524,11255.284038441014
2018-05-09,10439.311058604946,9563.100404110266,11277.312421542509
2018-05-10,10450.603644650728,9676.802517650249,11257.994847643133
2018-05-11,10442.733787222498,9691.230841464594,11280.094926071019
2018-05-14,10453.898735819721,9657.818442774933,11228.309777051087
2018-05-15,10461.972563011313,9674.145285038372,11332.237584784898
2018-05-16,10457.374732376093,9620.892816803966,11292.61074015307
2018-05-17,10473.35677749081,9653.660871918006,11283.303807633712
2018-05-18,10470.055568330607,9649.101659016816,11324.209838318922
2018-05-21,10493.325018570044,9687.999531040768,11307.07063613746
2018-05-22,10504.630526049552,9701.034588180908,11299.238691489325
2018-05-23,10502.746480500646,9679.718552448816,11293.565427644045
2018-05-24,10520.869451005463,9708.502801762785,11366.650404971986
2018-05-25,10519.093420676167,9693.17922466753,11293.039537025168
2018-05-28,10543.020017528104,9798.205030503219,11376.518819176526
2018-05-29,10553.23708714076,9807.376598105608,11348.386428368523
2018-05-30,10549.647665024562,9755.266716104488,11324.361212703765
2018-05-31,10565.492365986589,9704.74856039956,11410.342676246417
2018-06-01,10560.922816895381,9744.494006038727,11365.33921875929
2018-06-04,10574.129859565208,9773.377325861002,11386.613084874021
2018-06-05,10580.29143779469,9707.923886924342,11456.336597407371
2018-06-06,10572.570053913303,9797.933333518526,11386.388346071593
2018-06-07,10584.309852527205,9752.432841260741,11382.44751036622
2018-06-08,10575.765670798162,9757.418112198791,11412.809827316181
2018-06-11,10578.80526736645,9780.112611696633,11382.38298277905
2018-06-12,10582.45236680204,9792.970164507833,11373.91400581563
2018-06-13,10572.77300651805,9754.237999052608,11400.969689194193
2018-06-14,10583.16372888448,9715.129427640786,11399.564703792972
2018-06-15,10573.917042586174,9773.507393743388,11355.192655290964
2018-06-18,10578.867355580509,9769.91089983563,11424.384720443717
2018-06-19,10584.455827186313,9782.472044847682,11427.835538058058
2018-06-20,10577.3129714772,9787.680720944621,11446.405293590158
2018-06-21,10590.779011094734,9755.051743155542,11406.631378493195
2018-06-22,10585.077280708412,9755.58688433044,11390.248521147327
2018-06-25,10602.63479171512,9818.749953923376,11441.440599556412
2018-06-26,10612.765324895305,9784.759653602045,11462.127451323597
2018-06-27,10610.16593990304,9785.653653074654,11462.426619041475
2018-06-28,10628.075392398361,9739.798228066493,11467.869432008483
2018-06-29,10626.61880790203,9805.549795809504,11487.811886804502
2018-07-02,10654.838185456507,9887.090760515228,11492.431346337975
2018-07-03,10667.584036873026,9861.04472286747,11579.006835199385
2018-07-04,10667.036502317751,9816.901370743122,11505.42561627227
2018-07-05,10686.398246979468,9904.95515357055,11453.796752240803
2018-07-06,10685.772979446248,9846.200304748112,11551.146302663787
2018-07-09,10712.768573162559,9926.762329629168,11529.455362174303
2018-07-10,10723.941075989505,9893.663236111359,11548.342088417481
2018-07-11,10721.306719058935,9923.013696915184,11529.486154849
2018-07-12,10738.12622559408,9864.838371546295,11526.285500879578
2018-07-13,10734.569930706479,9906.727853405127,11535.71926311041
2018-07-16,10751.191007613497,9934.325379730946,11514.816055918462
2018-07-17,10758.641547499165,9923.446681819685,11575.847863250088
2018-07-18,10752.283686173934,9941.055397621592,11543.776679245315
2018-07-19,10765.451086764931,9892.677760556182,11566.752166156506
2018-07-20,10758.380800213094,9927.176788002314,11614.262705704796
2018-07-23,10765.829918355557,9946.915211592563,11555.801306367463
2018-07-24,10770.810301236714,9952.918284079748,11567.122070700541
2018-07-25,10762.313709325297,10005.978041240072,11560.468053379183
2018-07-26,10773.679625559402,9951.489718231318,11605.232066484283
2018-07-27,10765.140041152115,9914.152546215768,11512.03743398058
2018-07-30,10769.97817454325,9902.356606871066,11547.083182745999
2018-07-31,10774.581852756004,9998.724375281492,11594.636250138888
2018-08-01,10765.88812767747,9983.257154850458,11540.18438420737
2018-08-02,10777.191115173613,9979.11407388188,11558.044136987834
2018-08-03,10768.676744258773,9913.916417952843,11676.247397245885
2018-08-06,10773.68795440303,10001.681303072823,11656.085738269681
2018-08-07,10778.259981693767,9930.125895687861,11534.708761888887
2018-08-08,10769.445310914203,9965.226599782138,11563.261289644903
2018-08-09,10780.523553910505,9881.47982739325,11629.367656216107
2018-08-10,10771.675427564749,9932.067266216724,11615.96759075765
2018-08-13,10775.123378015991,9998.311363306144,11585.024548096373
2018-08-14,10779.06402015815,9897.926841803788,11612.729935512643
2018-08-16,10780.122490053276,9906.769976255211,11609.101441251969
2018-08-17,10770.796245065072,9983.947248971286,11554.747602616399
2018-08-20,10773.937504685753,9925.847200196662,11592.874530792162
2018-08-21,10778.323948701383,9977.478547193088,11591.19166017323
2018-08-23,10781.362023670536,10044.785988224463,11591.345008182165
2018-08-24,10773.632675700372,9931.741940705082,11578.108269345394
2018-08-27,10784.150237933496,9973.228929163957,11558.6045574223
2018-08-28,10791.829156255575,9946.536747657188,11599.099880298772
2018-08-29,10786.845718341716,10023.89142633072,11594.097058854552
2018-08-30,10802.51300662461,10050.458493639544,11532.327303315426
2018-08-31,10799.028191379295,9991.886643516586,11592.592684561663
2018-09-03,10823.077583498382,9944.549045328718,11650.034113550979
2018-09-04,10835.235708739761,9991.796346102203,11615.743687652399
2018-09-05,10834.553524544035,10013.001331911273,11657.910358563997
2018-09-06,10854.243732117135,9982.353767031494,11718.289059731436
2018-09-07,10854.404764089883,10013.139714190353,11689.276641098371
2018-09-10,10886.222727892204,10072.48319603436,11717.06195764341
2018-09-11,10899.656757725006,10025.644596733435,11729.802540411656
2018-09-12,10899.495584949726,10130.478595612987,11718.983427073914
2018-09-14,10917.995639458068,10083.802533206417,11765.81209340468
2018-09-17,10941.78606114193,10124.547074647171,11760.935789647185
2018-09-18,10951.067462706105,10115.127186460497,11686.67223352964
2018-09-19,10946.118530235704,10145.978393399939,11792.55558712506
2018-09-21,10953.495600666283,10108.226975080566,11772.332435052744
2018-09-24,10958.38321207347,10140.849177216809,11848.37843394893
2018-09-25,10961.264969947746,10136.22031049296,11838.2415916419
2018-09-26,10950.080520688241,10102.69397339018,11733.165974170606
2018-09-27,10958.216955990547,10103.689916391751,11775.291961167688
2018-09-28,10945.971148380535,10127.646096245133,11730.796413513592
2018-10-01,10937.700909413561,10101.222401369188,11798.947836906249
2018-10-03,10924.274214687768,10105.026814803105,11741.517327016618
2018-10-04,10931.079035781338,10103.043626881832,11778.932363816912
2018-10-05,10918.336450184182,10112.629507275711,11694.105137009088
2018-10-08,10913.340546320784,10079.52087062184,11709.573663386982
2018-10-09,10915.761674867726,10073.760768251876,11770.586428071505
2018-10-10,10905.494053494736,10106.218372822608,11705.658533838949
2018-10-11,10915.851134826846,10080.184680045988,11660.1993269164
2018-10-12,10907.025359129018,10134.091331408497,11648.29766041037
2018-10-15,10914.771249093787,10083.771965122458,11811.312170796731
2018-10-16,10921.363256391827,10117.489422187295,11733.580460688325
2018-10-17,10915.032371767807,10082.703796210277,11729.168112648622
2018-10-19,10923.320794882276,10111.005836037233,11784.297638687152
2018-10-22,10937.21337258212,10122.440573943823,11701.933851686894
2018-10-23,10944.58837970192,10159.310333389307,11749.064990663548
2018-10-24,10938.378450529144,10068.380095410163,11813.265237370222
2018-10-25,10951.802894331198,10105.727873314938,11822.588644226153
2018-10-26,10944.990997617095,10105.80052083363,11766.975594338077
2018-10-29,10952.316884114322,10089.709288395921,11811.901702457926
2018-10-30,10956.73180892178,10110.162008435813,11786.387149246098
2018-10-31,10947.341355866005,10133.370028679969,11740.607495021944
2018-11-01,10957.475875283217,10192.681897788214,11759.171835902853
2018-11-02,10947.379267290044,10115.76321572559,11742.684674916007
2018-11-05,10946.012699753685,10158.957617018015,11711.729674642382
2018-11-06,10948.266255298595,10184.725838178229,11717.735648156437
2018-11-07,10937.232410148295,10088.31265092917,11738.747183802938
2018-11-09,10935.79954768327,10157.106305986834,11735.029393427076
2018-11-12,10937.285802188668,10097.913396621712,11746.642473943106
2018-11-13,10941.843386726458,10096.758092561187,11739.02969031662
2018-11-14,10933.735152927286,10103.556232479335,11784.07881660704
2018-11-15,10946.300640977814,10106.275656511682,11743.578361650872
2018-11-16,10939.76011215591,10139.053672599468,11726.780464470727
2018-11-19,10955.101187430377,10146.526304641378,11806.58744030954
2018-11-20,10964.5558293542,10118.934250838727,11833.578386898278
2018-11-21,10961.287120402158,10187.847997109055,11813.376349217146
2018-11-22,10978.515638499885,10143.228231638695,11787.225558486192
2018-11-26,11002.031985378953,10172.115152801669,11807.461372876916
2018-11-27,11013.731799607192,10184.422521621402,11844.463385720788
2018-11-28,11012.005985541533,10187.948934772516,11822.826448528438
2018-11-29,11030.041660897912,10228.095393942343,11845.079171041969
2018-11-30,11027.930153389787,10217.83654841974,11834.22020289457
2018-12-03,11049.443948366414,10235.218312045292,11861.884148269428
2018-12-04,11058.451738990569,10204.207733215662,11897.300449406448
2018-12-05,11053.499195618873,10220.815602922281,11844.93518290714
2018-12-06,11067.86469399298,10255.90439685093,11838.087333316005
2018-12-07,11061.741901155368,10240.288628984783,11882.224543396123
2018-12-10,11070.301679744756,10221.460439548106,11865.4640786295
2018-12-11,11075.072221151848,10258.505707465225,11843.537377467583
2018-12-12,11066.111073486583,10241.432342423128,11908.581217826737
2018-12-13,11076.799583691223,10275.838717234119,11898.790402103783
2018-12-14,11067.423590022923,10308.511647341647,11904.221481238013
2018-12-17,11069.474792166307,10255.113984841784,11882.897957766534
2018-12-18,11073.311178200856,10250.845566371569,11906.271650115768
2018-12-19,11064.062815702411,10232.771034992038,11879.852227947491
2018-12-20,11075.099489758619,10243.460366238985,11854.339567572613
2018-12-21,11066.676315194474,10211.12311675264,11980.835281823873
2018-12-24,11074.641778655063,10287.604862530008,11882.218986914124
2018-12-26,11074.888367619149,10211.244842750373,11898.723003109115
2018-12-27,11088.962485522617,10327.550231415822,11931.825304868304
2018-12-28,11083.564560447177,10297.80748155419,11862.713783845522
2018-12-31,11099.401792874683,10295.923925697778,11899.904536597856
2019-01-01,11107.833214801934,10265.587998814128,12000.052105231955
2019-01-02,11102.864618264437,10286.330792744344,11907.176955024333
2019-01-03,11117.684354421499,10259.7409119266,11931.847437483408
2019-01-04,11112.37861324325,10312.970212850774,12003.70515798843
2019-01-07,11124.30041165552,10262.770970467356,11939.716749426154
2019-01-08,11130.036356204086,10293.437836217896,11963.16170008761
2019-01-09,11121.729546658064,10299.207711030085,11920.98717781919
2019-01-10,11132.627756173168,10368.07207637672,11925.557479043957
2019-01-11,11122.893336789406,10343.47820578725,11995.900499926835
2019-01-14,11119.454275145365,10328.647142378715,11915.385776063396
2019-01-15,11119.751506491477,10373.832833839126,11937.435118609548
2019-01-16,11106.048146734198,10217.351234702555,11957.872560757947
2019-01-17,11111.714910553208,10292.776994969101,11931.83833474938
2019-01-18,11097.033888300784,10286.877935980885,11917.31765053637
2019-01-21,11081.54704031847,10248.921565246139,11959.109774659382
2019-01-22,11079.061752124162,10225.584226950967,11895.412822981416
2019-01-23,11063.306225866449,10226.670092811892,11893.586903375399
2019-01-24,11067.69269301342,10314.058344468604,11883.064848414559
2019-01-25,11052.525152858068,10241.047558864215,11848.660554105261
2019-01-28,11040.257052529927,10283.260662787041,11849.325617778377
2019-01-29,11040.276704331945,10227.88750118199,11852.985326276788
2019-01-30,11027.632146435524,10163.083676659735,11875.661098822491
2019-01-31,11035.64523043318,10156.40801643421,11820.530076293118
2019-02-01,11024.51636918121,10191.806865107757,11823.458825858177
2019-02-04,11025.660238676792,10116.120775523375,11896.168365323738
2019-02-05,11030.164754057827,10230.27330715498,11886.263417420765
2019-02-06,11021.801626068256,10242.160139528658,11900.793452718335
2019-02-07,11033.772112850267,10234.205592051572,11914.682224518949
2019-02-08,11026.164148641845,10167.63905759925,11844.760534955889
2019-02-11,11034.30530610916,10281.669452965849,11848.46625611858
2019-02-12,11039.713638017078,10202.935878424978,11908.618876843686
2019-02-13,11031.463667826174,10202.873335890068,11884.17615182826
2019-02-14,11042.739455693461,10181.673394554053,11888.154231559847
2019-02-15,11033.631503162116,10174.189410065625,11880.23958001018
2019-02-18,11032.756325610439,10189.720029654525,11850.084606707136
2019-02-19,11033.848815785617,10225.261341760492,11896.292081848747
2019-02-20,11020.765000430642,10229.835314042073,11911.132827856467
2019-02-21,11026.790841508493,10137.892441775311,11861.128879365107
2019-02-22,11012.12843672189,10102.418569891584,11857.8739992956
2019-02-25,10993.96707198617,10156.07685774147,11852.883340091872
2019-02-26,10989.50089520591,10163.793084321274,11709.809616795133
2019-02-27,10971.160571558898,10191.88643107822,11809.283447575364
2019-02-28,10972.343696021528,10157.182195384434,11805.435976317496
2019-03-01,10953.354838419888,10136.289552486414,11759.405425177167
2019-03-05,10920.20550644004,10095.656706952586,11722.933111188147
2019-03-06,10901.209461173994,10034.998454279128,11780.065789292112
2019-03-07,10902.582923086633,10091.949384262196,11720.84231785026
2019-03-08,10884.630188554229,10085.137100210466,11767.744404380313
2019-03-11,10865.3833085523,10053.886553915232,11708.044376743754
2019-03-12,10863.548576916217,10018.301299116738,11644.875155096484
2019-03-13,10849.300263798426,9996.988307418895,11651.943169270273
2019-03-14,10855.975706260422,10063.686536009483,11685.937807914379
2019-03-15,10843.796115006171,9987.194469039398,11675.513527740744
2019-03-18,10843.802607038793,9966.495048807692,11654.454772343892
2019-03-19,10848.725457651764,10047.059549351345,11679.355512472644
2019-03-20,10841.254970166716,10018.266631066746,11715.81580892059
2019-03-22,10849.033712553202,10002.559118152034,11725.338967032098
2019-03-25,10867.19312798846,10028.199891016751,11698.621221081887
2019-03-26,10877.456089796631,10108.504472741442,11746.419091436479
2019-03-27,10874.894713733986,10132.313864919193,11650.418067399247
2019-03-28,10892.72879226343,10116.042528555063,11705.604106427625
2019-03-29,10891.075369475406,10007.86626532695,11652.041163823873
2019-04-01,10918.035870273729,10045.48371983942,11743.70845373323
2019-04-02,10930.196450439822,10103.228745104547,11738.480458343523
2019-04-03,10929.021850574192,10078.809407790224,11830.170061606083
2019-04-04,10947.742853213751,10134.726560054854,11757.928762465715
2019-04-05,10946.49091342547,10113.852226377407,11723.034925898264
2019-04-08,10971.92529922523,10191.555733259307,11723.466037416947
2019-04-09,10982.736753695928,10151.160392795564,11756.70328748881
2019-04-10,10979.830955634769,10124.056007796557,11761.66892594148
2019-04-11,10996.463080042686,10186.796312221422,11799.460223793589
2019-04-12,10992.789899355517,10208.07145342415,11839.557862429941
2019-04-15,11009.235653303162,10204.897671137302,11838.26097335276
2019-04-16,11016.57244875967,10176.941573069902,11848.6238235633
2019-04-18,11022.824036517848,10195.334696723568,11831.264325802369
2019-04-22,11019.601916345344,10283.109910246165,11907.884191391771
2019-04-23,11022.971812583546,10236.732153124349,11832.768149953152
2019-04-24,11012.545454863113,10198.64758851113,11737.651786593815
2019-04-25,11021.663287009582,10194.713533965705,11809.194455364732
2019-04-26,11010.570658358738,10197.174601943356,11824.638305755576
2019-04-30,11007.470284232457,10142.049704186804,11800.513020552502
2019-05-02,11003.25473860728,10170.505206917021,11785.183541364566
2019-05-03,10991.470860008543,10152.29626419841,11813.411374592486
2019-05-06,10988.378978398976,10135.305665185546,11791.737076056002
2019-05-07,10991.132650595106,10160.282720623614,11829.414414165718
2019-05-08,10981.085790397572,10251.893415960029,11814.680319199557
2019-05-09,10991.591209235843,10171.257511492766,11853.422731536453
2019-05-10,10982.889684928947,10122.993682050694,11778.33738903263
2019-05-13,10991.446613608843,10161.854473705853,11866.848653039828
2019-05-14,10998.66824796288,10140.042274695299,11850.983069292575
2019-05-15,10993.254721389785,10166.901158892635,11770.831024046369
2019-05-16,11008.473836407096,10213.910465553148,11860.898543423593
2019-05-17,11004.4778674324,10171.572462011622,11810.517958718285
2019-05-20,11026.205343812226,10203.94807494716,11884.257681675492
2019-05-21,11037.212774902036,10257.89982074736,11937.13974046799
2019-05-22,11035.150538087055,10245.692153549475,11877.220353603183
2019-05-23,11053.218505640794,10206.958470811658,11903.06227489831
2019-05-24,11051.511192671507,10255.163044716664,11916.233960823727
2019-05-27,11076.349293388179,10286.928756695736,11911.93851502836
2019-05-28,11087.07930689683,10218.28030493859,11904.388974757412
2019-05-29,11084.08806755912,10291.00821167605,11860.70810054743
2019-05-30,11100.601316994094,10304.716166067325,11933.14194216299
2019-05-31,11096.754066556974,10305.578906683435,11938.35975114489
2019-06-03,11112.266590282463,10317.406688976305,11966.909337394565
2019-06-04,11119.178726923717,10282.704966041574,11949.020183840788
2019-06-06,11124.557830685668,10223.476598939327,11961.041743614469
2019-06-07,11116.589181426325,10323.360214297662,11913.94063828627
2019-06-10,11120.765885444798,10254.77797496943,11901.52933021566
2019-06-11,11124.561881278523,10356.535597649405,11994.673752699087
2019-06-12,11114.9064311563,10282.526955622838,11922.589642278313
2019-06-13,11125.194610053779,10279.313338664735,11961.815655696255
2019-06-14,11115.720533485619,10329.062693161108,11901.860776510483
2019-06-17,11119.300338780527,10328.493856025405,11979.496540124199
2019-06-18,11124.236484473979,10296.545651763314,11982.373752364982
2019-06-19,11116.366472475376,10320.338439874638,11870.38074386076
2019-06-20,11129.04711627266,10334.234750278518,11921.41945834202
2019-06-21,11122.51966463232,10302.808479037945,11932.431871274328
2019-06-24,11137.547368798723,10299.158096473966,11965.065962573672
2019-06-25,11146.880236476987,10303.476742478633,11965.201000758158
2019-06-26,11143.53593625325,10305.874330521207,12024.1716270347
2019-06-27,11160.769283592863,10369.19870026466,12016.731454735667
2019-06-28,11158.719635832187,10271.56866538893,12002.664723925085
2019-07-01,11185.76647015725,10367.04457245152,11985.484757061487
2019-07-02,11198.34695063618,10325.665893227224,12019.419107806762
2019-07-03,11197.7515321483,10399.871372770489,11939.462808933626
2019-07-04,11217.181542543174,10383.732850618455,12124.4895832883
2019-07-05,11216.736664717937,10369.595524039554,12032.089057024039
2019-07-08,11244.869600550022,10449.763268011742,12140.195427772267
2019-07-09,11256.584221106865,10452.27716715439,12087.357117185715
2019-07-10,11254.551712162789,10419.26672513313,12055.715617318878
2019-07-11,11272.018202392515,10430.626108258177,12059.915923565564
2019-07-12,11269.138995491123,10430.146420307778,12121.411228312805
2019-07-15,11287.823943762427,10448.71539129327,12143.019890621134
2019-07-16,11295.927528188833,10463.01048184544,12164.11382546168
2019-07-17,11290.185392025414,10521.888242796826,12098.589779478492
2019-07-18,11303.921721623945,10457.597539742113,12125.602135118646
2019-07-19,11297.36603138789,10485.174410839083,12106.260403477514
2019-07-22,11305.989117137593,10450.400616784555,12138.787559390013
2019-07-23,11311.233623493867,10481.126000634622,12131.159061887472
2019-07-24,11302.94070032735,10437.627982942386,12091.782057939465
2019-07-25,11314.454460829937,10460.796912422236,12138.602402814293
2019-07-26,11306.013034032847,10507.389174829488,12121.347328665224
2019-07-29,11310.925122478138,10479.660093694367,12130.161188652457
2019-07-30,11315.508821596144,10477.473205661781,12142.233428195856
2019-07-31,11306.78747692808,10475.114783499903,12131.590071686087
2019-08-01,11318.063395030209,10432.544177801828,12125.688123456666
2019-08-02,11309.529812519902,10425.1516208302,12087.888506632456
2019-08-05,11314.584448808506,10451.015186671588,12161.186586678512
2019-08-06,11319.214706807234,10535.9585044329,12120.09175748363
2019-08-07,11310.48074082565,10535.863109436095,12156.059821141758
2019-08-08,11321.65974701458,10490.26051888798,12155.33158905348
2019-08-09,11312.92822995554,10463.785254009577,12157.542496071348
2019-08-13,11320.803452566344,10524.605434353825,12178.607412632678
2019-08-14,11311.443513725122,10506.35015149792,12105.731583643774
2019-08-16,11312.663895761305,10534.501584815638,12097.617886029935
2019-08-19,11315.43793192635,10463.639806327768,12143.381176193552
2019-08-20,11319.555569609402,10527.560668826742,12127.44108961698
2019-08-21,11310.560319447497,10455.092141950206,12167.071025991063
2019-08-22,11321.811995007716,10495.07648754029,12180.342506131827
2019-08-23,11313.56934615814,10485.15687104841,12150.612771571583
2019-08-26,11322.106587630758,10520.144997974045,12154.775859594612
2019-08-27,11329.00695499949,10523.680191752066,12140.792411339735
2019-08-28,11323.205769633512,10544.69208622951,12065.321177149775
2019-08-29,11338.031176365314,10511.455359721522,12145.3300211142
2019-08-30,11333.697002338038,10508.495287276817,12180.484872607427
2019-09-03,11366.798010681483,10582.080672174692,12133.758830023402
2019-09-04,11365.504897619963,10589.974227671712,12180.015466795616
2019-09-05,11384.68546234016,10592.055138847976,12240.75468734266
2019-09-06,11384.453158080814,10518.076502123165,12227.839349993283
2019-09-09,11415.90438348936,10583.846943083681,12268.662967221793
2019-09-11,11429.675576069676,10616.559001687716,12255.172882615881
2019-09-12,11449.569927108701,10539.54998914916,12267.120623753299
2019-09-13,11449.267665682919,10620.380497215605,12249.306385350146
2019-09-16,11475.659092746148,10647.854916352888,12296.298026068074
2019-09-17,11486.004856135534,10687.009316309248,12336.6190149738
2019-09-18,11482.186628536268,10601.392925702938,12297.82317678257
2019-09-19,11497.4445110101,10684.018525118081,12268.453825487866
2019-09-20,11491.933843927034,10643.96143090203,12340.929853218995
2019-09-23,11500.290774247049,10661.503758486091,12366.291639099847
2019-09-24,11504.21217984879,10685.328862226832,12344.546521414828
2019-09-25,11493.97324644999,10643.6262207049,12254.179550817586
2019-09-26,11503.998180135573,10687.09719063535,12348.28392341469
2019-09-27,11493.51273080509,10645.169107404783,12327.577777074395
2019-09-30,11489.64711948613,10706.37682233322,12301.987453424288
2019-10-01,11490.723731607726,10682.61421464233,12334.43829746194
2019-10-03,11486.04298223012,10619.924046357397,12300.859257218866
2019-10-04,11474.017325746192,10670.171381812728,12314.404251268543
2019-10-07,11470.484838042055,10592.901411529645,12310.221019195482
2019-10-09,11463.229802604168,10653.992013694968,12277.823038522341
2019-10-10,11473.832848393153,10645.041753080448,12324.394334240062
2019-10-11,11465.250721704653,10607.527101983193,12295.722060089003
2019-10-14,11473.936591167521,10629.406529364362,12251.16285452744
2019-10-15,11480.97866909856,10639.789966833314,12191.628961231183
2019-10-16,11475.194243930864,10666.916906574339,12350.460260016005
2019-10-17,11489.802926071547,10665.51495381832,12267.246150584595
2019-10-18,11484.911533995319,10712.300320473229,12269.424570149718
2019-10-22,11510.510054435808,10697.98318091782,12443.050312685431
2019-10-23,11505.673724902008,10683.496855082793,12342.849672445896
2019-10-24,11520.56849953347,10719.493465786834,12377.998408538853
2019-10-25,11515.308482094872,10723.112541589446,12356.544395851672
2019-10-27,11247.830193409687,10448.703794813771,12064.707877619954
2019-10-29,11533.694729773502,10749.08430206104,12337.035300500462
2019-10-30,11525.970052290182,10723.881545078446,12410.386838378938
2019-10-31,11537.72921445455,10673.746223954126,12402.045405736837
2019-11-01,11529.19596125396,10723.959639046298,12282.729071116471
2019-11-04,11531.978650386642,10667.839359000414,12348.979978234265
2019-11-05,11535.390240574989,10744.925584195145,12340.201236005261
2019-11-06,11525.387336868898,10683.717557381977,12291.55798642068
2019-11-07,11535.366476592226,10678.596696540213,12369.185477918816
2019-11-08,11525.624902837933,10683.996233731646,12324.823901170275
2019-11-11,11528.696848481944,10688.153202191512,12375.61191177325
2019-11-13,11525.716207178015,10683.73483195838,12336.386016161176
2019-11-14,11538.470556276678,10780.72071474496,12383.566561209776
2019-11-15,11532.082020163329,10705.764716195878,12345.973701148561
2019-11-18,11547.8802342986,10752.15731644339,12387.912665760054
2019-11-19,11557.562048694503,10732.74567720193,12358.264521872821
2019-11-20,11554.593087996536,10697.522136841199,12385.54684538533
2019-11-21,11572.212585100207,10818.30294731837,12401.550506774214
2019-11-22,11570.542188138124,10699.664533751718,12454.099958594428
2019-11-25,11598.486072078867,10816.483789230542,12480.616440052974
2019-11-26,11611.215543831664,10789.515453313914,12416.52123860487
2019-11-27,11610.659870708112,10738.526711582566,12442.635195984027
2019-11-28,11630.0017604523,10865.099803912368,12490.382746309828
2019-11-29,11629.324598078918,10894.00299353451,12483.654052357244
2019-12-02,11655.782430584502,10858.65549687149,12463.64995776164
2019-12-03,11666.59583504676,10836.090967934764,12504.802594079958
2019-12-04,11663.494607696459,10823.503150470144,12480.972381072495
2019-12-05,11679.735388041057,10816.256615006827,12484.533818952867
2019-12-06,11675.48969958633,10868.282665106635,12458.3676250228
2019-12-09,11689.477211200368,10867.033189759486,12474.837373274322
2019-12-10,11695.924125790538,10929.033149694447,12545.229572638364
2019-12-11,11688.54557166861,10881.3262304929,12559.557181114511
2019-12-12,11700.710572433798,10948.228386239087,12528.474062693127
2019-12-13,11692.695882155223,10919.79529329626,12601.00883846556
2019-12-16,11698.102186392309,10874.028376253416,12521.115964858735
2019-12-17,11702.819742616402,10822.7990212563,12506.06651559147
2019-12-18,11694.34577922073,10846.996377140227,12487.130248240037
2019-12-19,11706.062153270343,10900.592619368474,12545.310956758876
2019-12-20,11698.238925326103,10862.258164596713,12534.759346784604
2019-12-23,11707.708804879368,10884.175274197507,12518.84174441374
2019-12-24,11714.739822270543,10892.097406717656,12558.301105921953
2019-12-26,11723.528265137904,10909.828426307233,12547.365371304724
2019-12-27,11718.727593285466,10930.63642787391,12560.13494198055
2019-12-30,11736.906543196157,10913.279275941846,12595.050468482881
2019-12-31,11746.347525407396,10904.93497292748,12514.209778856542
2020-01-01,11742.5180960504,10932.024319419374,12545.538987584318
2020-01-02,11758.610438478176,10927.589036368367,12549.273708114164
2020-01-03,11754.710860800122,10903.614151818878,12548.167409028134
2020-01-06,11771.598180551064,10949.575661255769,12600.237597605052
2020-01-07,11779.202730725843,10955.279859710667,12619.298535962807
2020-01-08,11772.845678210313,10980.802971578516,12646.248189326905
2020-01-09,11785.755611989454,10937.668347952509,12649.93763735907
2020-01-10,11778.07381913486,10994.023677227626,12599.131264690195
2020-01-13,11780.811247031908,10958.989166350028,12580.326403307257
2020-01-14,11783.096800892237,10963.98191131518,12534.509987604859
2020-01-15,11771.309765238002,10943.19597364249,12578.227691750913
2020-01-16,11778.801029470262,10937.386416046627,12618.324440780289
2020-01-17,11765.83510821377,10933.97866988784,12587.251416994059
2020-01-20,11754.704597326016,10979.870717010685,12644.042806206166
2020-01-21,11753.381054341782,10946.44471452884,12594.85296884424
2020-01-22,11738.63759400722,10891.291772557877,12494.327381883519
2020-01-23,11743.889466565692,10896.241377808823,12581.083731170875
2020-01-24,11729.447446560514,10952.269803862724,12534.951153859629
2020-01-27,11718.63644889699,10832.363848884095,12541.876223166197
2020-01-28,11718.95705148415,10899.069445455883,12610.929893141503
2020-01-29,11706.554675922705,10814.463752577922,12541.138106663358
2020-01-30,11714.773913204453,10904.476286511803,12485.98513452502
2020-01-31,11703.838836280453,10880.845071007758,12605.898349515972
2020-02-01,11807.631804872663,10949.26273720725,12631.067429816341
2020-02-03,11705.727564353752,10910.684138078894,12466.605182362742
2020-02-04,11710.610282379015,10887.628438156757,12499.635198951828
2020-02-05,11702.724120604254,10863.248757740485,12510.447307417324
2020-02-06,11715.28720379882,10919.02168223583,12491.230034406417
2020-02-07,11708.40144813394,10848.31996219434,12509.750609279054
2020-02-10,11719.576980799622,10882.452651778833,12568.340860963712
2020-02-11,11726.298116390815,10909.136662440495,12505.1912019113
2020-02-12,11719.508456729138,10909.139678332138,12510.37779793302
2020-02-13,11732.384743356859,10850.332373947442,12616.276972854761
2020-02-14,11725.00678533379,10903.202832998886,12577.282025399014
2020-02-17,11729.947413175858,10912.562909774362,12619.405900755728
2020-02-18,11733.124729341245,10932.902275291088,12484.291144205645
2020-02-19,11722.163274195416,10901.067508729035,12550.17775992302
2020-02-20,11730.326098439036,10921.81726364759,12528.289349142697
2020-02-24,11705.738916625394,10835.640647191687,12526.827476515971
2020-02-25,11703.146974333056,10952.669992527453,12554.24622670389
2020-02-26,11686.56960777549,10898.809119771246,12520.112649455783
2020-02-27,11689.389610498945,10884.62344074065,12561.681334392133
2020-02-28,11671.899435974377,10798.881268621159,12513.138937539636
2020-03-02,11648.291776518554,10758.267942885357,12441.935120953536
2020-03-03,11643.223576008266,10825.129616435559,12454.27364332602
2020-03-04,11624.957224965328,10741.075635266963,12451.545394856455
2020-03-05,11626.91184078574,10781.902360966253,12470.862715251793
2020-03-06,11609.399887783338,10775.418860828418,12391.16650125696
2020-03-09,11590.747486724933,10750.05767951794,12352.889076543934
2020-03-11,11574.5974562441,10675.752085561771,12406.629642825435
2020-03-12,11581.149026201818,10782.505757571958,12421.4823489006
2020-03-13,11568.808044724115,10772.44002372782,12341.511332379028
2020-03-16,11568.272072349071,10690.67623575695,12391.677066722208
2020-03-17,11573.046805144593,10732.872736663261,12352.118129035282
2020-03-18,11565.468021196795,10686.769660799926,12390.050628933317
2020-03-19,11578.800477758386,10739.441303171505,12395.983075012253
2020-03-20,11573.196646485061,10785.899440178582,12374.531252242848
2020-03-23,11591.833248844927,10866.188515398804,12462.678578844077
2020-03-24,11602.427978623891,10789.646198481329,12390.108178096469
2020-03-25,11600.290952950294,10798.372709196803,12445.492587560082
2020-03-26,11618.643671422005,10858.046516583683,12535.528581808134
2020-03-27,11617.60370369176,10707.267032022519,12461.576553214463
2020-03-30,11646.964009818219,10791.45674081839,12476.145740073413
2020-03-31,11660.103978736393,10912.630595018964,12446.868705020197
2020-04-01,11659.993529918167,10866.747184748745,12515.42533650896
2020-04-03,11679.83054409635,10904.048667521709,12515.609040834359
2020-04-07,11721.656605919521,10943.379399302212,12496.262702675709
2020-04-08,11720.296252040614,10917.455501540613,12486.075754343894
2020-04-09,11738.524645009737,10874.311038212325,12507.475079059152
2020-04-13,11758.085594930464,10882.803414369551,12574.856265129458
2020-04-15,11762.407802713658,10952.087978489844,12628.509365824564
2020-04-16,11777.018362225761,10915.280675211792,12608.304182393109
2020-04-17,11771.208500929779,10928.766726289297,12585.105340546279
2020-04-20,11780.875700195633,10962.161734864592,12565.115174751416
2020-04-21,11785.948397394224,10978.8374661659,12631.470889722912
2020-04-22,11777.179129264103,10894.330513673933,12580.466833616336
2020-04-23,11787.898858775303,10980.429255387582,12641.693830531553
2020-04-24,11778.343711005082,10966.410675548117,12545.518569479764
2020-04-27,11778.162887716551,10966.014371854226,12593.288755273268
2020-04-28,11780.585206894108,10940.383999411695,12596.681227736044
2020-04-29,11769.562239565857,10858.2336599777,12529.719489609593
2020-04-30,11778.46841033468,10945.153615763722,12609.335935530711
2020-05-04,11766.555772230842,11050.315933442645,12621.330280025735
2020-05-05,11769.808896528068,10924.256038305017,12510.571484091595
2020-05-06,11760.17828534239,10966.409750905963,12634.821028925304
2020-05-07,11771.026784015443,10917.78782807323,12556.287392291022
2020-05-08,11762.606950593763,10943.41450826596,12610.669963242708
2020-05-11,11771.780326297874,10943.63792055026,12540.77670267032
2020-05-12,11779.183253820262,10932.467877358682,12594.574792670624
2020-05-13,11773.966555575755,10873.814521193826,12553.003316210117
2020-05-14,11789.414838842797,10996.584925118734,12629.666392733092
2020-05-15,11785.696802718683,10972.722946905542,12570.26390141606
2020-05-18,11808.701118817942,11000.870502878515,12644.420274180153
2020-05-19,11820.324816859364,11002.202898354179,12634.598778205835
2020-05-20,11818.990901246056,10998.938530191745,12670.423341060894
2020-05-21,11837.905829476229,11052.066782996499,12710.292370074727
2020-05-22,11837.168095756682,11051.13125669822,12657.298774873241
2020-05-26,11877.82309400073,11028.15064958817,12702.95851313573
2020-05-27,11876.376940969138,11100.587047666284,12734.322705497818
2020-05-28,11894.523920841119,11000.396813103593,12633.667189005073
2020-05-29,11892.384662274055,11085.341430342982,12661.290632585898
2020-06-01,11913.29771946633,11089.615061637558,12709.624140573664
2020-06-02,11922.040296371993,11070.318221243326,12723.973864910955
2020-06-03,11916.84202825178,11147.11993297097,12704.511227685054
2020-06-04,11931.009988770338,11016.36909643617,12708.357583686604
2020-06-05,11924.764140899631,11098.785982037212,12764.621590383214
2020-06-08,11933.621651909229,11086.811197442205,12754.318078548045
2020-06-09,11938.771633030543,11129.633910019065,12759.965161373046
2020-06-10,11930.351277524178,11117.186535148432,12787.396254734122
2020-06-11,11941.75040952871,11094.832742250721,12774.768096047206
2020-06-12,11933.260911131541,11095.99051623497,12706.017127545025
2020-06-15,11939.059739826069,11123.566331024393,12799.12662316238
2020-06-16,11944.513270010179,11145.556982925596,12752.184938151779
2020-06-17,11937.067574999499,11112.7361521529,12770.97331705657
2020-06-18,11950.093814905524,11152.260091177704,12726.667296169768
2020-06-19,11943.849430911692,11124.458435126096,12784.27315677184
2020-06-22,11959.531866876805,11137.109301307511,12710.105719089337
2020-06-23,11969.081415733017,11157.684029887816,12739.90196399807
2020-06-24,11965.98448911001,11153.243396888778,12699.266556945715
2020-06-25,11983.513703600545,11132.688899827142,12765.061202081772
2020-06-26,11981.824875358025,11073.568233467347,12823.695315840214
2020-06-29,12010.480411212922,11188.591722384888,12835.709243927053
2020-06-30,12023.80656894607,11228.338063130062,12822.090515698237
2020-07-01,12024.072063186584,11227.1533152104,12833.50219692963
2020-07-02,12044.480374447736,11238.018311459267,12834.080541940419
2020-07-03,12045.130538615293,11209.300080628838,12904.273211447115
2020-07-06,12077.202760469814,11277.750223916677,12869.746294189925
2020-07-07,12090.42120016377,11236.704184967772,12894.768966221774
2020-07-08,12089.969226520385,11301.910286731118,12972.094667995992
2020-07-09,12109.07951289797,11281.070092326505,12950.362745031925
2020-07-10,12107.892944102196,11254.94664116066,12989.240497539158
2020-07-13,12131.799068235428,11303.724874084986,12979.70393593766
2020-07-14,12141.641937752038,11285.939509981486,13004.108432891311
2020-07-15,12137.616025305239,11339.217695172998,12894.294174404416
2020-07-16,12153.033909063979,11360.674893181558,12992.916689144731
2020-07-17,12148.1151710175,11293.731184867327,12960.720095363791
2020-07-20,12161.311470572487,11359.664540772863,13015.45394466686
2020-07-21,12167.95502555205,11306.362109518856,12983.578426584747
2020-07-22,12160.997400938466,11331.688172812208,12952.564181566595
2020-07-23,12173.785113415417,11386.347255414481,12930.342029657115
2020-07-24,12166.56050469555,11332.045399861905,12924.306263731694
2020-07-27,12188.941268092256,11409.936524859175,13001.212974522565
2020-07-28,12199.281409578236,11373.965867148198,13024.025297508733
2020-07-29,12196.297893343848,11379.241425350761,13074.083859235332
2020-07-30,12213.301851930664,11408.73649039032,13038.262418060367
2020-07-31,12210.494882790621,11387.808549604133,13035.452431187967
2020-08-03,12232.790561723446,11419.649909921593,13042.595013048382
2020-08-04,12243.204934950189,11441.783676502626,13061.391852241492
2020-08-05,12240.277966219252,11381.904946853434,13119.11942001947
2020-08-06,12257.286758395621,11496.802714644355,13118.031971842209
2020-08-07,12254.405861589863,11549.670517735958,13168.184002293849
2020-08-10,12275.86353618225,11472.637599354459,13060.929352613117
2020-08-11,12285.791960075963,11481.141251051977,13104.414344403585
2020-08-12,12282.299060066729,11429.381483985571,13050.499208432237
2020-08-13,12298.68964873808,11464.878400726595,13107.5318993029
2020-08-14,12295.174049479201,11465.290745974215,13141.770811385662
2020-08-17,12315.080152193015,11496.839830953639,13176.506641106778
2020-08-18,12324.779251491154,11494.498733492288,13139.063082747323
2020-08-19,12321.289469655256,11496.751928520966,13110.644341274236
2020-08-20,12337.966456231796,11528.2680272334,13136.112880515759
2020-08-21,12335.066958548694,11549.75565056634,13182.665173881624
2020-08-24,12359.156782936925,11587.331716303957,13179.414254452273
2020-08-25,12371.100356421728,11516.94149060805,13173.412793523836
2020-08-26,12370.287098364202,11532.17853988974,13236.09454290225
2020-08-27,12390.057760057573,11574.673288827491,13219.518281452845
2020-08-28,12390.640777676188,11537.01642364368,13172.776306748896
2020-08-31,12427.031361369007,11578.418272906298,13204.5970386552
2020-09-01,12443.472732142698,11654.604021449464,13251.667625786768
2020-09-02,12447.220313800643,11613.602105966236,13291.829209916146
2020-09-03,12471.52173148704,11650.85570590726,13291.951924241905
2020-09-04,12476.507525074076,11681.094572789129,13377.344161318575
2020-09-07,12524.340755811521,11695.17720262053,13390.53321959313
2020-09-08,12543.687446328597,11709.967763189388,13435.414585996043
2020-09-09,12549.741173932449,11763.153312642884,13340.688230695203
2020-09-10,12575.677326390496,11763.885952330698,13341.952795853776
2020-09-11,12581.56714503394,11798.799933334627,13398.825177877561
2020-09-14,12627.367096901326,11774.549543094221,13438.471109502667
2020-09-15,12644.420191162431,11817.138360638462,13396.563740479067
2020-09-16,12647.400995656988,11799.392534842655,13451.329454724193
2020-09-17,12669.529572160614,11860.434712667477,13497.299907922736
2020-09-18,12670.939369005015,11797.601014522907,13463.11906524225
2020-09-21,12700.120852260567,11950.230955330535,13608.466233015297
2020-09-22,12710.924888746116,11919.411435898746,13507.481915514325
2020-09-23,12707.500534981682,11873.5609477263,13518.161354148375
2020-09-24,12723.195398059275,11856.207261968984,13562.255662642765
2020-09-25,12718.27173059682,11931.478235328546,13544.06818465363
2020-09-28,12730.294488059812,11910.127219452828,13540.057684884086
2020-09-29,12736.36866273874,11918.652000516127,13535.613793539787
2020-09-30,12728.868454377382,11969.855753466078,13618.488344643552
2020-10-01,12741.21449591229,11924.547681197175,13572.675355878977
2020-10-05,12743.00174970996,11892.849442167224,13542.529983634082
2020-10-06,12749.797850222445,11967.569344554233,13561.497230483692
2020-10-07,12743.780878626167,11915.715773240927,13547.133913576416
2020-10-08,12758.30898478862,11956.20057879537,13553.0439095545
2020-10-09,12753.620605604414,11883.187966133892,13573.084000357734
2020-10-12,12774.030213052718,11926.501074225162,13624.499053004087
2020-10-13,12785.067643327628,11963.057143754962,13675.943506676169
2020-10-14,12783.355090472462,11950.364292347685,13617.675248521846
2020-10-15,12802.128413516042,12039.616226430244,13620.243135013112
2020-10-16,12801.507753893113,12021.40547817859,13613.224798985724
2020-10-19,12831.998064673506,12023.200175508982,13618.946399535656
2020-10-20,12845.397105978022,12001.466708796219,13672.443300599323
2020-10-21,12845.440100289787,11967.98143236857,13685.309036721133
2020-10-22,12865.325825348473,12052.950677256758,13670.508529674331
2020-10-23,12865.156852129388,12022.260670680902,13694.9074993697
2020-10-26,12893.15895632755,12067.743167939423,13677.007423100842
2020-10-27,12904.582982059741,12095.252618946333,13735.488432727083
2020-10-28,12902.189099315856,12065.259252776359,13769.74086354666
2020-10-29,12919.264605765284,12087.622252553942,13719.178551838493
2020-10-30,12916.011799591222,12082.593692036586,13757.632225624297
2020-11-02,12934.223849458647,12067.84823850279,13720.175951773239
2020-11-03,12942.585565614978,12085.370450882776,13800.221737626525
2020-11-04,12937.415079200711,12117.068937446273,13684.250596605429
2020-11-05,12952.100980575517,12127.568613157398,13765.204253503198
2020-11-06,12946.93612572277,12102.92581916192,13764.42458932932
2020-11-09,12962.96961281858,12093.383584939245,13799.56658179074
2020-11-10,12971.937044539702,12118.991704484153,13836.9960995087
2020-11-11,12968.064337420019,12163.927678423019,13819.617334179007
2020-11-12,12984.726347226277,12146.730521010815,13821.965180604118
2020-11-13,12982.182784465309,12138.535903109245,13817.477394539326
2020-11-14,13094.355853333656,12236.362722142898,13873.991296538135
2020-11-17,13022.841351431103,12219.332918794325,13769.84657837954
2020-11-18,13023.728142751022,12203.429652289198,13841.524766555845
2020-11-19,13045.270991135169,12199.344133170074,13825.615335614582
2020-11-20,13047.61071652294,12202.38951161213,13797.773376558749
2020-11-23,13088.260727058396,12222.522866577312,13956.816033100396
2020-11-24,13105.487441789275,12278.932044070443,13938.099073298228
2020-11-25,13109.569650945148,12267.218981981507,13856.520162373294
2020-11-26,13133.690361779723,12351.626894264915,14024.69022300726
2020-11-27,13137.92952578468,12300.376522651964,13899.509946169366
2020-12-01,13196.050367982263,12393.196208103473,13993.649427778506
2020-12-02,13198.383561779849,12434.47933218925,14030.150695404654
2020-12-03,13220.10976355065,12368.644806149923,14013.390184783697
2020-12-04,13221.378958976225,12408.304525913749,14008.658932973032
2020-12-07,13251.867818337503,12438.42821774268,14060.128199067545
2020-12-08,13263.73015020495,12507.079605550343,14154.106994238497
2020-12-09,13261.692663171067,12408.61549628008,14071.01812936438
2020-12-10,13279.108500089831,12463.159915917453,14087.003793183363
2020-12-11,13276.24133202318,12443.231574202906,14135.159832918103
2020-12-14,13296.388465470665,12419.939636182917,14124.416508566324
2020-12-15,13305.776221879036,12493.51741870458,14146.746000895615
2020-12-16,13301.855159309409,12452.290933138045,14102.46537972591
2020-12-17,13318.015136754842,12491.433278080385,14112.511891284015
2020-12-18,13314.537510650272,12449.666261945982,14132.588508552775
2020-12-21,13336.611146749277,12500.081757696045,14203.290456437433
2020-12-22,13347.761532229018,12485.129108129804,14165.534999313317
2020-12-23,13346.054298294432,12542.688413712698,14213.874492224135
2020-12-24,13364.791908622235,12479.695898872356,14169.459218996846
2020-12-28,13395.252943703605,12545.296017113704,14201.88247567895
2020-12-29,13409.195833888543,12577.545196320641,14208.955310227884
2020-12-30,13409.988109180767,12540.159169557388,14208.687721155151
2020-12-31,13430.830237439115,12585.284936280392,14330.315684433739
2021-01-01,13431.813271608054,12578.973834827264,14230.42316142234
2021-01-04,13464.137257095117,12625.958327295788,14338.993892535598
2021-01-05,13477.129204852175,12631.514374476472,14301.113896624584
2021-01-06,13476.261265197836,12671.947441289827,14257.594992671851
2021-01-07,13494.745904238716,12629.782879919212,14294.762301893705
2021-01-08,13492.70577719274,12656.111024800619,14251.429159016769
2021-01-11,13512.556786002697,12674.390719732564,14293.566584128432
2021-01-12,13520.533745718338,12619.074694278168,14350.49983275939
2021-01-13,13514.3932437497,12727.262225134433,14295.90498216288
2021-01-14,13527.464289556454,12748.105079355868,14394.32665073481
2021-01-15,13519.991091565047,12662.386470403295,14313.22114299799
2021-01-18,13524.648028759213,12738.714887385326,14300.787152550989
2021-01-19,13528.315266062094,12709.875000074147,14313.176820698614
2021-01-20,13518.414516602075,12635.288998760308,14362.509522146982
2021-01-21,13528.359263713763,12773.583529411366,14320.026217765942
2021-01-22,13518.462346338405,12710.801805101204,14350.602233867585
2021-01-25,13520.47645206436,12689.056512444426,14311.630128407878
2021-01-27,13516.404803827754,12718.0085538989,14376.954363002858
2021-01-28,13528.52235543163,12711.897494912497,14339.79295398853
2021-01-29,13521.44376939945,12709.292798103093,14330.306265758712
2021-02-01,13534.887626577278,12726.702233552944,14300.934137676404
2021-02-02,13543.696056243905,12718.425773940648,14354.967860433562
2021-02-03,13539.80986413729,12703.544913144553,14353.312340396822
2021-02-04,13556.467059949155,12691.470208133145,14470.226471268135
2021-02-05,13553.787086009266,12750.570447890088,14388.670163137309
2021-02-08,13578.381359134928,12810.638055646265,14380.772947442556
2021-02-09,13589.869602072635,12798.406107183911,14406.301794794981
2021-02-10,13587.998664182864,12750.754073695844,14425.170538208446
2021-02-11,13605.942456631697,12817.341043275204,14383.153769748222
2021-02-12,13603.774347852106,12745.410965144114,14445.446925814307
2021-02-15,13625.084342524175,12844.938772084712,14397.894321692705
2021-02-16,13633.912191811582,12776.619370218938,14444.699063786915
2021-02-17,13628.666207979928,12846.935375661526,14407.166546229488
2021-02-18,13642.587656078087,12790.65786241635,14434.806908748844
2021-02-19,13635.832672097209,12810.865263539195,14492.514775685757
2021-02-22,13641.008156952756,12863.617157516795,14462.461634673837
2021-02-23,13644.048604937574,12785.584178584282,14491.48219369381
2021-02-24,13633.0142122235,12792.014312338111,14451.96895026264
2021-02-25,13641.270001232124,12851.161177972524,14465.288948630474
2021-02-26,13629.092992133068,12777.674985051735,14492.625354947646
2021-03-01,13620.575359889279,12785.618731167666,14478.035914971357
2021-03-02,13620.230799370807,12812.50346264186,14458.960456792685
2021-03-03,13606.530890080707,12807.753805354041,14433.713037674916
2021-03-04,13612.896838128016,12792.934053285226,14372.977301767327
2021-03-05,13599.64602729008,12748.62471630409,14398.652334027558
2021-03-08,13592.962974572802,12758.626906043568,14384.907835243575
2021-03-09,13594.888606435954,12796.547753729576,14405.731605883677
2021-03-10,13584.237296453612,12811.19443224126,14385.290312683786
2021-03-12,13585.57016670753,12755.635527962857,14432.365994571257
2021-03-15,13595.446221671995,12806.922564553086,14426.719093733145
2021-03-16,13603.685708032079,12705.266635670867,14456.686485186192
2021-03-17,13599.594432011461,12771.191334401963,14454.910809335095
2021-03-18,13616.450966933036,12790.50567209862,14449.107970424711
2021-03-19,13614.420264283035,12817.1814219498,14406.236237108871
2021-03-22,13644.17299732469,12784.600849361814,14451.415963584534
2021-03-23,13658.63169884403,12778.584477876055,14427.164619370937
2021-03-24,13660.447236042979,12868.239576135964,14509.28562926192
2021-03-25,13682.844472841343,12840.273123065623,14503.20730270711
2021-03-26,13685.943002309137,12853.726859234035,14539.734233498895
2021-03-30,13745.93796069784,12881.582820688445,14606.299440460733
2021-03-31,13750.428711713148,12913.847462014171,14544.364642845198
2021-04-01,13774.981843290589,12992.40401670719,14570.615149967924
2021-04-05,13824.006470108165,13006.100772253381,14691.968908024208
2021-04-06,13841.365121238587,13000.468378628768,14659.337258369089
2021-04-07,13845.123489422382,13035.413232409384,14737.711190185413
2021-04-08,13868.52738699443,13001.660250266224,14712.310789212997
2021-04-09,13871.723827895621,13003.417764773469,14707.1258145427
2021-04-12,13909.259811779408,13077.071237126771,14727.454646541513
2021-04-13,13923.748386529649,13068.046979890163,14735.559422094251
2021-04-15,13944.407254508575,13110.491884154912,14705.765096120642
2021-04-16,13944.031504172672,13183.973492768258,14763.661203143114
2021-04-19,13969.978758585978,13144.726123507195,14808.056530501177
2021-04-20,13980.441493434797,13161.265400774355,14786.984967724893
2021-04-22,13993.061147589717,13148.720915228774,14849.233669722851
2021-04-23,13988.766096096662,13161.933285257046,14805.87531171105
2021-04-26,14003.957710014573,13155.874108570233,14879.400566154229
2021-04-27,14011.340840788534,13122.881136638638,14784.527024601135
2021-04-28,14005.185530630446,13200.83044306106,14809.110618568291
2021-04-29,14018.861087951123,13180.200475900881,14824.84910560984
2021-04-30,14012.638612880086,13158.727439059436,14813.744199035003
2021-05-03,14024.995847746994,13226.009780123546,14875.592188286584
2021-05-04,14032.50718152108,13240.714432769828,14838.317379329654
2021-05-05,14027.041695206992,13183.40313363569,14855.355777541596
2021-05-06,14041.969897340841,13234.489461038467,14904.771408873788
2021-05-07,14037.553919742151,13211.182750901477,14857.586449530058
2021-05-10,14058.405193988456,13237.585814771175,14934.755477028508
2021-05-11,14069.63710787099,13206.338107980346,14849.55982895012
2021-05-12,14068.24397524635,13223.557413276756,14919.116379126506
2021-05-14,14087.672152549572,13265.783186140306,14904.914844019246
2021-05-17,14122.596378356848,13301.988001082786,14981.703220160234
2021-05-18,14138.352699977357,13309.537104105386,14944.812099231029
2021-05-19,14141.251876517797,13274.976645953731,14939.582341977635
2021-05-20,14164.509919901198,13303.479688667941,14945.807990531053
2021-05-21,14168.232531981535,13320.642000014182,15007.430420822564
2021-05-24,14210.830506929926,13370.11207745549,15024.046534198442
2021-05-25,14227.952906749733,13364.312305235579,15035.358740751679
2021-05-26,14231.56764361104,13373.538690412737,15118.999285869166
2021-05-27,14254.87907055979,13442.493008286037,15189.423033534335
2021-05-28,14257.996173378604,13456.908725447884,15081.429699343546
2021-05-31,14295.081855431446,13496.299731567444,15129.70165748093
2021-06-01,14309.292413014657,13489.182571171996,15136.197141529561
2021-06-02,14309.569342491042,13415.026515615597,15172.302878101804
2021-06-03,14329.200274264951,13536.679480691262,15204.056255706555
2021-06-04,14328.38595754083,13492.83126920678,15133.459044082034
2021-06-07,14353.170525533971,13600.618512435196,15236.204051678153
2021-06-08,14363.454866754297,13507.339898436585,15200.276102352294
2021-06-09,14360.060579374704,13494.941922375416,15238.443237026886
2021-06-10,14376.368659188583,13485.017180809798,15175.70415544303
2021-06-11,14372.6650007848,13531.787080278522,15177.39330537211
2021-06-14,14392.068069828116,13518.506046164446,15197.896096880126
2021-06-15,14401.815614450727,13525.199914077433,15248.047682441606
2021-06-16,14398.556083141888,13602.096521737849,15235.816910029424
2021-06-17,14415.672165197628,13568.476994411889,15226.140246391791
2021-06-18,14413.435127560173,13553.274894517726,15226.693622769639
2021-06-21,14440.809565960359,13667.568968236765,15252.430192292379
2021-06-22,14454.20732569507,13621.189649314669,15296.85851630057
2021-06-23,14454.965827694194,13605.586310476214,15287.287302524892
2021-06-24,14476.37655338631,13648.07067815568,15254.377535434038
2021-06-25,14478.613389087259,13653.914016449271,15262.017342500269
2021-06-28,14519.470594056642,13673.30256804088,15329.73719513489
2021-06-29,14537.049200795229,13775.092513560492,15374.198893542785
2021-06-30,14541.675752093883,13792.219930276693,15320.057940192615
2021-07-01,14566.559378067626,13774.800212810576,15366.90980799443
2021-07-02,14571.80197086813,13781.38059773563,15351.12764328295
2021-07-05,14618.341046453907,13831.882652740505,15437.086450615816
2021-07-06,14636.59412795215,13808.242936862674,15413.962204391762
2021-07-07,14641.268366323306,13799.059190369819,15388.180579864624
2021-07-08,14665.584746442184,13866.893127951063,15511.759395343119
2021-07-09,14669.671002515066,13814.145643553826,15489.11591596612
2021-07-12,14709.650997705772,13837.519344149448,15495.510723314244
2021-07-13,14724.887078109656,13823.354792902723,15581.029422545324
2021-07-14,14726.247754316411,13919.66540687088,15517.12343190325
2021-07-15,14747.032297896118,13998.271298296282,15515.203366838727
2021-07-16,14747.448304955133,13907.99372441287,15574.334094015456
2021-07-19,14776.36301102163,13958.507160148365,15575.817540249831
2021-07-20,14788.12916314832,13936.469194898746,15520.683597824896
2021-07-22,14804.012513976808,13959.8491673107,15650.590777516847
2021-07-23,14801.720388705899,13990.525189460988,15694.786234925832
2021-07-26,14824.474553506265,13995.117238797127,15630.780055068888
2021-07-27,14834.852454103262,14067.398572868507,15683.031332916778
2021-07-28,14831.876943348641,14016.980984313695,15649.578502053784
2021-07-29,14848.868056017054,14016.398896441939,15653.451337033972
2021-07-30,14846.036276381681,14031.587667663522,15687.309553759222
2021-08-02,14868.266913287382,14030.09383320065,15682.258122502606
2021-08-03,14878.68496711504,14046.888294552753,15677.59903024888
2021-08-04,14875.782105207432,14081.855952375445,15639.072280258983
2021-08-05,14892.837620207398,14088.528905368557,15696.203856360493
2021-08-06,14890.026432949977,14047.625227145298,15772.199991310408
2021-08-09,14911.807168984038,14068.908160032392,15749.884139280035
2021-08-10,14921.864527350552,14083.671696442761,15717.66675495641
2021-08-11,14918.499007168213,14134.214464587654,15699.577073577377
2021-08-12,14935.006325587381,14083.663616998329,15662.229549588308
2021-08-13,14931.58694590224,14116.515758692482,15739.723510617354
2021-08-16,14951.556246042406,14163.287499334083,15739.057021857569
2021-08-17,14961.168583489134,14211.074559662804,15773.125961790545
2021-08-18,14957.523891559309,14113.715684215258,15783.952818142448
2021-08-20,14970.762963062805,14199.483037144166,15834.172282917922
2021-08-23,14993.436429030637,14134.527462353097,15838.518051375988
2021-08-24,15004.752095001551,14234.286477016081,15831.297855143332
2021-08-25,15003.243082977742,14184.010633830268,15798.481834729326
2021-08-26,15022.259904110078,14213.905896951,15900.332370143025
2021-08-27,15022.043058467083,14193.17702336337,15841.65163992922
2021-08-30,15055.907756431227,14254.828938660281,15944.09632559688
2021-08-31,15071.522348643295,14272.884208979627,15957.178174376559
2021-09-01,15074.481599429595,14235.74055597175,15891.12846384652
2021-09-02,15098.05199253059,14232.626687308308,15896.61168995461
2021-09-03,15102.382455970248,14252.24409337685,15950.65809022082
2021-09-06,15148.870119608871,14322.37384435254,15952.340191857838
2021-09-07,15168.021312534025,14395.894708974643,15950.521465897851
2021-09-08,15174.023080757037,14410.315890320138,16012.057126799666
2021-09-09,15200.05664420766,14379.497182724095,15992.414821630056
2021-09-13,15253.62907968907,14461.01575948154,16142.44848167009
2021-09-14,15271.495782229804,14466.93539035359,16078.956860061331
2021-09-15,15275.403633713624,14438.739438480647,16112.321082233866
2021-09-16,15298.55562256814,14545.779403832954,16132.946667454824
2021-09-17,15301.065696524063,14488.007123900843,16147.375100494291
2021-09-20,15333.787669959449,14465.978929790639,16083.02256843733
2021-09-21,15345.772838581033,14476.213614378983,16180.405475038737
2021-09-22,15343.490139638005,14484.775446410746,16168.173258272773
2021-09-23,15360.26415665241,14467.477436942498,16199.154357080795
2021-09-24,15356.335575450448,14568.57181473685,16140.921896044913
2021-09-27,15370.656516904188,14578.336649729108,16235.917807535005
2021-09-28,15377.221025688315,14584.661220585163,16248.29452603734
2021-09-29,15370.058283990178,14525.071728892663,16197.222975185869
2021-09-30,15382.585442140344,14543.292351743748,16204.623880005718
2021-10-01,15375.120378629663,14551.572978703474,16249.039648470422
2021-10-04,15383.597400421198,14595.917749372275,16208.762346621244
2021-10-05,15389.872358582797,14568.78309206007,16222.714316284517
2021-10-06,15383.23356760625,14524.641657120968,16156.659036295292
2021-10-07,15397.05880280673,14560.223307275388,16203.400892555479
2021-10-08,15391.607896214544,14561.056734999525,16217.132491874178
2021-10-11,15409.600065230516,14597.32230394672,16246.632457413993
2021-10-12,15419.864791258258,14573.400862650391,16211.625585440494
2021-10-13,15417.432295899875,14562.504874565819,16230.166762109151
2021-10-14,15435.557726254518,14590.955374104102,16318.699490527772
2021-10-18,15463.85009309015,14620.674011574813,16240.212079348066
2021-10-19,15477.153676495485,14667.516362248716,16304.25347926233
2021-10-20,15477.226308049432,14602.813054238184,16301.474808260922
2021-10-21,15497.263023879354,14664.743374659,16314.36565210969
2021-10-22,15497.359045062078,14656.022736037974,16350.447689019751
2021-10-25,15526.717904966365,14671.81195154946,16329.904273351873
2021-10-26,15538.727062344236,14698.316458167348,16348.83431208353
2021-10-27,15536.952410762673,14765.135992910056,16386.445369251855
2021-10-28,15554.659913344178,14723.560027328067,16416.227181220416
2021-10-29,15552.030092375491,14662.422763568438,16442.62478538424
2021-11-01,15571.84575383852,14755.6315714028,16388.320542601195
2021-11-02,15580.589516156475,14786.393321853002,16347.249134058638
2021-11-03,15575.697938719883,14754.342636202873,16418.336693074078
2021-11-04,15590.547557853357,14804.367804857557,16429.198813116425
2021-11-08,15600.796585420863,14740.195227568527,16399.072132553894
2021-11-09,15609.291715286921,14809.921319389008,16427.406759764617
2021-11-10,15604.833004682047,14751.186699674727,16478.065879518665
2021-11-11,15620.807905231033,14841.291193352898,16542.555834491395
2021-11-12,15617.491659028872,14768.67151824172,16397.647328111372
2021-11-15,15642.01778725304,14753.746785021665,16471.917908462325
2021-11-16,15654.591403457798,14860.768092596547,16509.421082328725
2021-11-17,15654.579978135522,14869.42144993668,16445.21761799827
2021-11-18,15675.265882753838,14841.598778680134,16485.756313767422
2021-11-22,15715.63840899723,14916.78908493267,16516.83093222474
2021-11-23,15732.493658798132,14881.981402266592,16516.78687969619
2021-11-24,15736.339430389502,14955.095310071913,16526.10430424692
2021-11-25,15760.363682643796,14940.481975798546,16549.03716641081
2021-11-26,15764.64760371818,14944.249038200422,16535.98807839748
2021-11-29,15807.530347943211,14952.120287638803,16623.94445517156
2021-11-30,15824.255709374575,14994.99824190549,16634.189958759485
2021-12-01,15827.232117730784,15005.389777692159,16618.601172457136
2021-12-02,15849.677743073153,15001.628362940497,16667.838039758266
2021-12-03,15851.72258717178,15004.657244621467,16666.86736207788
2021-12-06,15884.659768962529,15019.142939159308,16714.88870085824
2021-12-07,15897.305578450038,15032.892916272402,16764.528043495917
2021-12-08,15896.0003218736,15057.064011186829,16708.34900591076
2021-12-09,15914.078395997578,15070.40130570191,16695.4133528321
2021-12-10,15911.786958154224,15112.485555249536,16722.90289071965
2021-12-13,15933.019733516923,15073.218011131747,16750.73396190909
2021-12-14,15942.531174522495,15121.303463427537,16776.173005930697
2021-12-15,15938.61147139173,15109.040133607485,16750.944421484997
2021-12-16,15954.654052489126,15143.402744874218,16849.57012513128
2021-12-17,15950.947412592897,15147.158362352347,16798.56392670046
2021-12-20,15971.784198370931,15193.171878443824,16824.422009149665
2021-12-21,15982.392654708006,15229.705264180278,16807.82401179083
2021-12-22,15980.110696904812,15165.41495473659,16811.515201388673
2021-12-23,15998.261999625782,15183.073996694931,16833.403735416225
2021-12-24,15997.05090061759,15141.686456340069,16802.126006831015
2021-12-27,16026.690578054622,15162.573305750395,16826.01516600397
2021-12-28,16040.30325404197,15222.11794402291,16791.582681914264
2021-12-29,16040.870168552592,15208.666839948537,16906.698366515364
2021-12-30,16061.60413576451,15254.856124265636,16852.87777655189
2021-12-31,16062.605342643501,15215.635982906631,16937.975803559384
2022-01-03,16095.77993601653,15265.098488326477,16980.644240174854
2022-01-04,16109.314962768673,15314.229219269666,16968.27593309186
2022-01-05,16109.107801983366,15263.415135464338,16924.013693963763
2022-01-06,16128.358522285258,15375.161376367922,16946.60462861859
2022-01-07,16127.174352747861,15294.438276663463,16941.41910271617
2022-01-10,16149.941827392093,15328.465689595421,16960.20977986702
2022-01-11,16158.935066481068,15298.582653322828,16986.612168857548
2022-01-12,16153.794634544074,15378.015376701323,16984.16178692721
2022-01-13,16167.826525755354,15294.897317903029,17047.74706297889
2022-01-14,16161.252765920564,15379.966590522703,17033.336549379965
2022-01-17,16168.042496674707,15407.946221310482,17065.193270388652
2022-01-18,16172.178368616394,15277.25991080372,16986.824773581448
2022-01-19,16162.605689073478,15303.451213406366,16960.323309822823
2022-01-20,16172.731472960591,15300.501511416116,16940.367441228194
2022-01-21,16162.865838956095,15283.117044039853,16961.398788460217
2022-01-24,16164.105249001299,15267.814975406634,16971.41753390238
2022-01-25,16167.954106253723,15384.772386844588,16976.558579017135
2022-01-27,16170.287587343626,15352.461492038254,17058.630914024783
2022-01-28,16162.422322435621,15327.81457960061,17043.492097742346
2022-01-31,16173.31455514377,15304.047852221678,16964.125295933325
2022-02-01,16181.28762240951,15367.6103067421,16973.52884617476
2022-02-02,16176.61290838913,15345.663965985994,16967.88413827796
2022-02-03,16192.550557047174,15405.897517270307,17046.685065892776
2022-02-04,16189.240410547485,15392.514605866223,16964.19712687922
2022-02-07,16212.648188481393,15417.415456294408,17048.43657164435
2022-02-08,16224.016673099562,15438.574225642818,17055.210663333684
2022-02-09,16222.175923337849,15427.296218811149,17059.707660739732
2022-02-10,16240.301649235438,15363.639557531742,17106.528698949784
2022-02-11,16238.465309083296,15383.853291292648,17037.91306053275
2022-02-14,16261.59692580792,15468.568127852619,17093.678400802226
2022-02-15,16271.266808534057,15457.735451779618,17098.83296379142
2022-02-16,16266.952876249048,15468.13075381998,17096.7423160744
2022-02-17,16281.876547760938,15471.283886070094,17146.14576852457
2022-02-18,16276.172497534837,15485.154869072197,17151.473358977597
2022-02-21,16284.565141402014,15477.527830226356,17104.593434979713
2022-02-22,16288.622764827938,15443.881765312086,17123.15350318934
2022-02-23,16278.541092022455,15491.111755755586,17184.220125038653
2022-02-24,16287.664952747498,15420.24165816281,17116.187081388955
2022-02-25,16276.25306407555,15428.153576343231,17105.32443894277
2022-02-28,16269.265642422442,15395.253314572456,17022.144706900013
2022-03-02,16255.504618161372,15404.372613110569,17109.744989606883
2022-03-03,16261.777219530533,15425.081801250846,17085.235693501596
2022-03-04,16248.277158313536,15419.215363013678,17050.793702737268
2022-03-07,16239.966398625225,15405.12916054152,17053.938979476763
2022-03-08,16241.087042204505,15489.364707658782,17086.762291895877
2022-03-09,16229.520191673855,15445.598608399181,17097.993781843365
2022-03-10,16238.651070345202,15434.91798875472,17113.740532790845
2022-03-11,16228.750727790131,15422.040633305964,17130.36509376234
2022-03-14,16235.04309523506,15393.453323524875,17029.00188637125
2022-03-15,16242.041069125746,15425.520123657207,17035.532933134156
2022-03-16,16236.712151394884,15455.47002697536,17137.796037471846
2022-03-17,16252.350155262895,15425.313831752499,17054.357212665647
2022-03-21,16275.651429941514,15479.579490103135,17102.015941990194
2022-03-22,16289.171299276155,15474.281953942776,17124.74171041833
2022-03-23,16290.130347228001,15422.358178594608,17118.68550414654
2022-03-24,16311.758622488462,15501.528689321252,17140.55103289387
2022-03-25,16314.179434999025,15461.872134031177,17128.911758170805
2022-03-28,16355.05364116229,15517.021943550824,17182.992253156248
2022-03-29,16372.405026627943,15600.376797500883,17233.68876718669
2022-03-30,16376.68662823397,15553.32670721682,17119.45603586653
2022-03-31,16401.120045982207,15522.004662799814,17244.957663117333
2022-04-01,16405.826355525645,15623.149975210034,17197.27944256185
2022-04-04,16450.494384631296,15592.35458864902,17253.481767262776
2022-04-05,16468.128481115462,15680.141220381212,17238.23951893544
2022-04-06,16472.229173406646,15645.703433654207,17219.418497716408
2022-04-07,16496.037870813543,15674.29491570999,17326.76096587588
2022-04-08,16499.697051556843,15638.043621066225,17277.937075882244
2022-04-11,16538.920880169768,15693.546923044962,17379.983487826405
2022-04-12,16554.054715564576,15760.479814971366,17433.76830261824
2022-04-13,16555.355859969317,15710.62286773329,17347.256839592163
2022-04-18,16604.590447846233,15769.850422317253,17478.578952232874
2022-04-19,16615.773227685673,15817.201472792714,17436.811260500443
2022-04-20,16613.05821461913,15798.632962516947,17464.744805272305
2022-04-21,16629.75746762652,15818.644982309987,17452.553235499992
2022-04-22,16626.088071441278,15860.80109916148,17385.24183028944
2022-04-25,16642.816668655905,15784.771687469036,17494.864648542665
2022-04-26,16650.568939023728,15780.098982844644,17489.543475066806
2022-04-27,16644.69776993916,15782.338095405747,17414.150729086872
2022-04-28,16658.565799441174,15780.41749082784,17485.039642745473
2022-04-29,16652.438674802626,15804.076640469386,17541.35611907485
2022-05-02,16664.46707259805,15859.764915736432,17463.352476393775
2022-05-04,16665.779670565673,15875.328807985743,17544.767909485996
2022-05-05,16680.196620579794,15874.650516611819,17566.86495292015
2022-05-06,16675.181870792207,15821.637212770243,17486.322982362446
2022-05-09,16693.811711308226,15908.673164997474,17553.467730735825
2022-05-10,16704.203181284935,15864.649266519707,17537.169782356912
2022-05-11,16701.943952809223,15857.30022623648,17572.596791764532
2022-05-12,16720.351478636163,15901.915489471268,17563.461388303276
2022-05-13,16719.627955081,15898.093881260895,17572.553089933237
2022-05-16,16752.15642813337,15956.34712386008,17603.626721501547
2022-05-17,16767.23735718024,15986.049190960472,17557.544640714903
2022-05-18,16769.546776971303,15931.692133200646,17610.901931474622
2022-05-19,16792.312807103113,15933.502680322177,17598.64900816861
2022-05-20,16795.651250749994,15992.740315974148,17619.69014691094
2022-05-23,16837.80921931059,15980.602658612934,17708.188930760953
2022-05-24,16855.03107374717,16027.278785708007,17698.603187893397
2022-05-25,16858.865672370386,16027.690187523982,17731.092345076788
2022-05-26,16882.51156042288,16043.122850887492,17738.51913346549
2022-05-27,16886.06921310918,16116.889583812786,17753.87133620426
2022-05-30,16924.991446887292,16164.009168738326,17747.572690620615
2022-05-31,16939.935031781963,16116.926566049124,17773.156667064675
2022-06-01,16940.976111643875,16076.227753628833,17732.51666697302
2022-06-02,16961.38325175624,16127.999873296949,17799.692692600784
2022-06-03,16961.33777489507,16093.57271033585,17809.645999975564
2022-06-06,16988.19487883125,16261.898977162438,17901.54099663452
2022-06-07,16999.03356137587,16212.442514493576,17847.583747309218
2022-06-08,16996.10000859901,16150.675922016591,17826.73834157398
2022-06-09,17012.76315745015,16226.743349839408,17793.672183694158
2022-06-10,17009.299396022358,16239.288053556762,17849.347087631377
2022-06-13,17028.67887448899,16187.144184799157,17804.194633172705
2022-06-14,17038.16848078671,16234.559096673329,17851.83344200859
2022-06-15,17034.532423441313,16173.734822794204,17931.781586722234
2022-06-16,17051.161641368577,16212.750735707456,17826.219546504362
2022-06-17,17048.338307821967,16202.157865518884,17804.583221114834
2022-06-20,17073.499882502147,16276.69291871129,17868.23106576373
2022-06-21,17086.064806051287,16271.484722353793,17884.514248773365
2022-06-22,17085.973704616215,16282.51651161621,17867.481398843185
2022-06-23,17106.53725865062,16274.87873606857,17875.77276467926
2022-06-24,17107.948345637677,16248.439047516216,17915.85381184679
2022-06-27,17146.633893981958,16315.004680919414,17986.19911478156
2022-06-28,17163.642230407884,16361.211655496494,17932.11805061149
2022-06-29,17167.796274864748,16362.651328746608,18027.84475164313
2022-06-30,17192.314162177892,16430.58769381043,18020.35961586086
2022-07-01,17197.304121196215,16432.94778773472,18051.73015140499
2022-07-04,17243.78549945111,16422.973938389317,18046.424175137858
2022-07-05,17262.24612804284,16431.779742771865,18046.173949080803
2022-07-06,17267.231489462767,16475.048459542613,18054.73960838101
2022-07-07,17291.953213096338,16453.90012948424,18148.670461619426
2022-07-08,17296.527768430547,16467.46005736666,18138.465949773206
2022-07-11,17338.3367592451,16503.881114951382,18241.03535691245
2022-07-12,17354.255149711822,16539.665045643153,18204.488488939664
2022-07-13,17356.30948377573,16547.581833586446,18178.076894757414
2022-07-14,17377.78455717992,16595.328110544015,18187.550575702237
2022-07-15,17378.874380554837,16592.250534800907,18216.58784318121
2022-07-18,17409.594769414573,16609.687758256274,18190.236959131435
2022-07-19,17421.861053936904,16603.727447874335,18263.087777300876
2022-07-20,17420.40139633666,16572.794020024856,18276.291862879556
2022-07-21,17438.55944256873,16637.112971168557,18264.472146421376
2022-07-22,17436.57882759408,16634.771122469916,18245.298166268025
2022-07-25,17459.905835618694,16647.270089406706,18266.759444860032
2022-07-26,17470.370635785202,16594.595964332122,18295.571942334616
2022-07-27,17467.441680329764,16606.745729833507,18231.04946167263
2022-07-28,17484.44740977305,16601.86926797023,18365.216640177947
2022-07-29,17481.607157063758,16653.514165020242,18269.078961529085
2022-08-01,17503.76129702584,16681.833750089783,18315.43561732936
2022-08-02,17514.163168453062,16727.112144220806,18298.408263942994
2022-08-03,17511.25942649019,16730.5907121428,18332.410627714857
2022-08-04,17528.33366729748,16759.063624319027,18343.121648647077
2022-08-05,17525.563441808477,16688.951460926106,18384.903153949614
2022-08-08,17547.59952331626,16726.241425705084,18319.16111684678
2022-08-10,17554.539152849156,16703.777977546422,18341.24369639751
2022-08-11,17571.17505520279,16698.855834225193,18414.01879807805
2022-08-12,17567.875968167173,16732.691419825598,18370.017715169233
2022-08-16,17597.65662944076,16741.85144169642,18405.460091918107
2022-08-17,17593.941013403117,16760.09389805249,18476.517545466224
2022-08-18,17610.25124683007,16858.415491372343,18440.58147354446
2022-08-19,17606.83250665672,16831.73433347741,18411.208165722237
2022-08-22,17628.394672821712,16773.48369982211,18474.51998810792
2022-08-23,17639.177206110315,16794.26124826029,18424.273991040503
2022-08-24,17637.058487093105,16789.443587874153,18438.01083403941
2022-08-25,17655.395694931758,16799.87330414742,18434.262250459316
2022-08-26,17654.43848598268,16861.672072066474,18476.487033823392
2022-08-29,17685.843059903535,16834.373949224086,18508.116166273878
2022-08-30,17700.609232118746,16922.054232171806,18515.095086318914
2022-09-01,17725.505720962763,16854.456571824197,18540.754249178113
2022-09-02,17729.089082256523,16893.40929915613,18610.45422599897
2022-09-05,17773.8319091603,16955.599197854794,18573.96403606361
2022-09-06,17792.621000664247,16980.523270747486,18635.366458607972
2022-09-07,17798.39266158875,16949.213400121593,18614.438199098233
2022-09-08,17824.3377106478,16953.102248318184,18647.872793204355
2022-09-09,17830.536559528715,17056.136125697907,18698.83548049272
2022-09-12,17879.055012620003,17076.07863324822,18723.304480125178
2022-09-13,17897.573825706284,17032.713457773974,18699.379143683316
2022-09-14,17902.26458001166,17018.843047970106,18726.040267474047
2022-09-15,17926.316753014853,17056.948596598,18754.24741571506
2022-09-16,17929.8278885716,17105.39004736151,18745.125017640446
2022-09-19,17965.959000958188,17124.521323992398,18735.526157007607
2022-09-20,17979.140994860965,17179.893595138034,18770.342469194176
2022-09-21,17978.045584272873,17215.656561876895,18825.92324017102
2022-09-22,17995.973328220043,17150.287822813185,18812.59222237482
2022-09-23,17993.141614643682,17145.79610855227,18821.980775877502
2022-09-26,18010.202034465507,17194.022731706154,18791.93032935467
2022-09-27,18017.43735369829,17150.764169946542,18829.314422669057
2022-09-28,18010.80217504194,17167.82518476168,18861.99733937756
2022-09-29,18023.70549224594,17244.29265639453,18847.530645334915
2022-09-30,18016.460749700585,17116.229197853776,18809.319820395
2022-10-03,18024.676771518712,17249.17515648761,18850.57257923366
2022-10-04,18030.580476542906,17220.161069150545,18875.52002518817
2022-10-06,18036.675346378735,17191.560204074864,18890.44186708947
2022-10-07,18030.539885429524,17176.48180792941,18821.52470319652
2022-10-10,18046.17765337869,17217.883483168524,18890.689384755053
2022-10-11,18055.63361864266,17213.68698919156,18844.558636002057
2022-10-12,18052.418471896726,17209.658844104684,18897.685393766682
2022-10-13,18069.808879301567,17250.31260028463,18886.522631053682
2022-10-14,18067.9617001779,17229.49152086845,18889.469530952603
2022-10-17,18095.997014706725,17266.54552010385,18930.982581366054
2022-10-18,18109.04919930946,17270.996595739674,18939.699487512196
2022-10-19,18108.994950703513,17301.619641072622,18994.42638940475
2022-10-20,18129.030236296156,17354.866347495754,19007.19955836617
2022-10-21,18129.247461058436,17229.826961945913,18979.768009768406
2022-10-24,18159.624136520848,17348.557296837473,18939.80149868697
2022-10-25,18172.14746425437,17307.290625814883,19019.91723315404
2022-10-27,18189.266374563398,17401.542294970688,19023.248914018277
2022-10-28,18187.267393412283,17353.475282701176,19004.42137163313
2022-10-31,18208.8680849127,17430.512183689,19063.697626120604
2022-11-01,18218.10148826003,17408.26955558437,19047.058234246928
2022-11-02,18213.61550921946,17404.45517923369,19003.362436994703
2022-11-03,18228.771071593983,17375.945942930968,19096.598078081264
2022-11-04,18223.83941246479,17391.991192817877,18990.722644848152
2022-11-07,18239.04018224744,17429.556576200768,19144.34513296739
2022-11-09,18242.31683266621,17487.777101339783,19054.191981713597
2022-11-10,18257.733097176526,17384.24164047019,19121.727794624574
2022-11-11,18253.7536700676,17384.76141651675,19112.88114439298
2022-11-14,18275.823968080436,17508.088762921412,19114.27621053589
2022-11-15,18287.488340063377,17450.80830754398,19092.554303458273
2022-11-16,18286.55844019184,17467.315695056353,19121.073597788927
2022-11-17,18306.339259317512,17530.919318213157,19093.02259659801
2022-11-18,18307.01525280175,17521.63874530678,19175.467852953454
2022-11-21,18343.65697860854,17505.64310352058,19188.083352807076
2022-11-22,18359.98438063787,17555.083025070053,19201.516741214928
2022-11-23,18363.42612841056,17459.748722495096,19147.75420207989
2022-11-24,18387.1795790323,17549.57534156129,19258.737236696365
2022-11-25,18391.331784449194,17527.04477224227,19219.319843665842
2022-11-28,18434.656942074093,17630.377286230636,19299.046939257856
2022-11-29,18451.791556636665,17570.792823530966,19231.471996277403
2022-11-30,18455.290733354348,17580.37619546203,19329.503738775256
2022-12-01,18478.357607377366,17573.767371230955,19203.91820633425
2022-12-02,18481.104632062194,17724.30494458447,19348.418841064205
2022-12-05,18516.4315821178,17704.312685344255,19303.529946619718
2022-12-06,18529.89601969709,17655.643707974963,19300.271352791024
2022-12-07,18529.383911085028,17704.957807430466,19368.019421010973
2022-12-08,18548.208860996885,17732.590440578766,19349.94748751588
2022-12-09,18546.59880246051,17734.314654865237,19428.63790090068
2022-12-12,18569.324889952324,17711.90560759694,19355.798793652153
2022-12-13,18579.112339362087,17775.291566160296,19426.02414810662
2022-12-14,18575.34702991885,17737.131495921283,19348.17138342742
2022-12-15,18591.421359675733,17781.629434969487,19473.440004984997
2022-12-16,18587.626479775718,17776.738978333797,19418.648440118275
2022-12-19,18607.558062133096,17714.82622953795,19365.92122793116
2022-12-20,18617.69367539552,17774.261027291315,19465.948304186957
2022-12-21,18614.88118505576,17748.437159138142,19422.616300712452
2022-12-22,18632.464006961447,17798.527782858233,19453.57407541661
2022-12-23,18630.66747003238,17846.822528027227,19442.348710638624
2022-12-26,18658.665044017416,17864.439265031313,19516.889739794035
2022-12-27,18671.838101125555,17852.996491619208,19534.819591522504
2022-12-28,18672.050860275653,17820.822638158974,19517.276455648807
2022-12-29,18692.531977728824,17862.801434776207,19522.617809890744
2022-12-30,18693.394736437644,17868.206245817415,19458.38537858745
2023-01-02,18726.922724628752,17921.742371524644,19562.795529286934
2023-01-03,18740.841399989247,17884.259625391245,19575.35200108333
2023-01-04,18741.146343037242,17956.17730988839,19529.19851321658
2023-01-05,18761.029453426392,17891.668847463374,19510.594720955163
2023-01-06,18760.586373779963,17904.604182312003,19548.446780559403
2023-01-09,18786.06908298875,17957.755842608836,19671.52373085551
2023-01-10,18796.066231708504,17916.452412190672,19649.85309074801
2023-01-11,18791.94249654894,17962.270398953842,19642.88010163634
2023-01-12,18806.980686837203,17944.080396878293,19648.153546817648
2023-01-13,18801.37970114134,18006.273711679,19672.41119422634
2023-01-16,18810.66911302993,17960.27741124774,19623.216939365902
2023-01-17,18815.434816053883,17988.967947181307,19710.90323254767
2023-01-18,18806.364478026197,17917.973463636776,19655.039711844907
2023-01-19,18816.854222663595,17935.41588327806,19659.562431647206
2023-01-20,18807.20678728599,17961.675464013653,19665.353905179123
2023-01-23,18808.208622127335,18006.65656565535,19609.181092488205
2023-01-24,18811.69402848016,18032.040851532187,19648.3160571858
2023-01-25,18802.137172550156,17992.787150574175,19645.03479660071
2023-01-27,18804.374174275737,18028.45037312851,19623.998655209714
2023-01-30,18812.81597266454,18003.26801831885,19618.463691599616
2023-01-31,18819.92799586542,18001.002896648763,19673.905342158836
2023-02-01,18814.40981883922,17988.894664869946,19722.166548954923
2023-02-02,18829.545104487413,18035.85121358036,19668.00658906542
2023-02-03,18825.496177838082,18011.630183002486,19688.126344294327
2023-02-06,18847.266882263426,18010.929746696034,19703.251221890285
2023-02-07,18858.336308248417,18033.790436645773,19695.779457149718
2023-02-08,18856.339028266546,18079.974882472885,19737.22103497151
2023-02-09,18874.457141977466,18049.89195525048,19735.28350108442
2023-02-10,18872.764833591114,18030.928527682816,19718.556438093074
2023-02-13,18897.210353986928,18080.808232772597,19757.17763456777
2023-02-14,18907.585081059002,18069.391725845573,19706.11171424683
2023-02-15,18904.087812751415,18109.242950347372,19699.102303250875
2023-02-16,18919.922817820367,18056.318178855017,19745.568168815866
2023-02-17,18915.2054055887,18071.363248647314,19737.143387240536
2023-02-20,18926.793116556986,18111.759264492735,19715.613656634963
2023-02-21,18931.91789683939,18116.276473238147,19757.456860513143
2023-02-22,18922.866176278494,18181.28169433396,19778.867355276605
2023-02-23,18932.96082879066,18081.288420028326,19786.03328810556
2023-02-24,18922.439970326825,18068.27046937142,19710.728773633844
2023-02-27,18917.47011765184,18082.911085893295,19711.329835452398
2023-02-28,18917.752181318487,18089.27775234497,19759.097980215716
2023-03-01,18904.374007942635,18101.411077259938,19731.26119529523
2023-03-02,18910.74970019985,18064.554234377993,19740.318790408983
2023-03-03,18897.19559561864,18099.997888231777,19684.72603434854
2023-03-06,18887.800437232534,18025.58839525448,19721.530115576737
2023-03-08,18875.9307880421,18064.84674537715,19743.474630984216
2023-03-09,18884.172426251025,18072.49473217334,19630.03813839362
2023-03-10,18873.283289043276,18010.472822332114,19674.35880282361
2023-03-13,18876.172669823358,18068.950635755737,19720.047808820003
2023-03-14,18881.947051490195,18030.495460806957,19669.09795930738
2023-03-15,18875.378144460938,18058.24524297028,19701.292348834024
2023-03-16,18889.77607130149,18056.650364662364,19780.01674632358
2023-03-17,18885.335393400903,18018.155127754777,19673.039607562638
2023-03-20,18908.408806156775,18038.452880770015,19699.962246269923
2023-03-21,18920.896552663562,18037.843582499994,19728.21719825214
2023-03-22,18920.897171974313,18075.21072937159,19698.961116259277
2023-03-23,18941.647827056833,18115.020261500515,19784.815734519194
2023-03-24,18943.277391792722,18109.320769228125,19722.573266634256
2023-03-27,18982.329979690643,18114.47318760626,19723.986615740938
2023-03-28,18999.262997425427,18172.100370886365,19814.989051166798
2023-03-29,19003.22025886317,18243.25368826403,19817.554707931926
2023-03-31,19031.986258526907,18195.537899122464,19870.343907145678
2023-04-03,19076.73854649644,18308.33515953624,19838.364806934576
2023-04-05,19098.917232779142,18231.40630647836,19924.26347461585
2023-04-06,19123.05194254537,18272.4832550608,19928.75381381243
2023-04-10,19167.82908152383,18378.489020619214,19918.740059222462
2023-04-11,19183.560145137457,18357.437392005046,19979.536650954255
2023-04-12,19185.497648674667,18357.4735009674,20045.460566983264
2023-04-13,19206.905076124,18378.120800961868,20056.86243541959
2023-04-17,19238.284859425454,18404.962390392862,20020.949142056463
2023-04-18,19250.202531577448,18435.403543571592,20039.01819527484
2023-04-19,19248.211644488023,18430.460836294926,20068.727951826317
2023-04-20,19265.615274698812,18465.85591384151,20110.304170700692
2023-04-21,19262.621208253484,18404.976131416854,20057.543521074025
2023-04-24,19281.10644068393,18463.757504110315,20115.09357217201
2023-04-25,19289.32321203592,18444.969285738207,20068.721884890132
2023-04-26,19283.841267610118,18466.52957871357,20047.82067461294
2023-04-27,19298.015356066026,18498.246730027695,20129.132386646423
2023-04-28,19292.104183178613,18414.339208238984,20113.324172540473
2023-05-02,19311.19609359825,18496.09047127686,20182.762287480706
2023-05-03,19305.02289922542,18519.751030682808,20147.83508565644
2023-05-04,19319.047849912564,18516.418206894807,20114.33442667546
2023-05-05,19313.54492591963,18499.07567272499,20181.08401645655
2023-05-08,19330.209636151565,18522.761448245154,20120.238137905522
2023-05-09,19339.81399419307,18558.795884351908,20194.43879361628
2023-05-10,19336.72315411249,18522.956219659005,20212.935496847625
2023-05-11,19354.269516423792,18523.843945843153,20183.47149802992
2023-05-12,19352.671190654786,18467.19950861104,20170.651972608433
2023-05-15,19382.659997108927,18554.07950838866,20220.746684825703
2023-05-16,19396.978051331036,18611.35171938637,20255.780253890258
2023-05-17,19398.59276658052,18503.258851626822,20188.453219176372
2023-05-18,19420.74642428556,18520.739480714346,20229.489511189015
2023-05-19,19423.56738832811,18637.090693825645,20282.278713995318
2023-05-22,19464.8372437726,18674.094296606992,20294.831560918385
2023-05-23,19482.004150530072,18730.27614028166,20335.9940739588
2023-05-24,19485.907521786812,18675.522021761855,20287.525514363548
2023-05-25,19509.74360597807,18690.267713348494,20389.045228664345
2023-05-26,19513.607764593624,18667.08253851668,20371.639075368537
2023-05-29,19554.056203210675,18717.17277081069,20367.123338563444
2023-05-30,19569.668391850097,18713.377019990097,20399.748317793954
2023-05-31,19571.43182563822,18787.008134362462,20440.681624291265
2023-06-01,19592.59709837903,18732.146216539248,20414.974621906753
2023-06-02,19593.326630487893,18735.297827613827,20405.058440946654
2023-06-05,19622.416654014352,18776.027843745007,20427.16660803321
2023-06-06,19633.90633550774,18778.383395792043,20465.276159782374
2023-06-07,19631.548370473483,18845.81095698573,20517.059735694307
2023-06-08,19648.696879622785,18800.723790422762,20464.320294506724
2023-06-09,19645.61559916681,18841.23502669994,20450.771045640897
2023-06-12,19665.437426740828,18850.950273950184,20458.992479406614
2023-06-13,19674.824544841875,18846.90113439842,20497.44268412454
2023-06-14,19670.961152498654,18848.956077495015,20490.670039160163
2023-06-15,19687.242826911115,18809.27665824513,20504.387082240803
2023-06-16,19683.959290775023,18918.173175561766,20554.052454095137
2023-06-19,19707.178898025053,18876.732706788665,20488.090207094316
2023-06-20,19718.958481027537,18877.54512406048,20595.064673594763
2023-06-21,19718.041713612143,18865.666701434136,20494.275699023707
2023-06-22,19737.75805855048,18896.275101049177,20602.24708053476
2023-06-23,19738.31956921363,18893.981891106505,20580.640846936345
2023-06-26,19774.62979176905,18941.81737208928,20679.715659765618
2023-06-27,19790.962078313056,18996.200096916702,20566.51589688413
2023-06-28,19794.523114778825,19010.381219299536,20607.80240410922
2023-06-30,19823.139937022494,19022.659277957024,20655.450894154925
2023-07-03,19869.12681762972,18984.22806588083,20681.220496796985
2023-07-04,19887.655767229455,19074.388016568642,20696.851457579207
2023-07-05,19892.821573630456,19041.18778093315,20702.357518628887
2023-07-06,19917.829321691777,19125.82715975692,20708.482390946858
2023-07-07,19922.786652619827,19058.100284160915,20774.058740129636
2023-07-10,19966.208427611036,19103.82465795323,20748.485341649182
2023-07-11,19982.77385704621,19163.0597830747,20854.28281837128
2023-07-12,19985.50533436914,19213.74683543073,20803.37058694874
2023-07-13,20007.672612325016,19192.827221266158,20796.475835345937
2023-07-14,20009.455062241406,19190.005615827788,20859.924918287084
2023-07-17,20042.123537439234,19221.425570331907,20790.958723002088
2023-07-18,20054.958806242426,19299.989563443112,20932.75221220411
2023-07-19,20054.013800232766,19208.207037672186,20913.036709666932
2023-07-20,20072.626707940934,19261.567118710536,20911.906623364008
2023-07-21,20071.037856527484,19209.002035352725,20927.248880902695
2023-07-24,20095.160275706545,19272.569850025382,20960.793950865856
2023-07-25,20105.772975415333,19264.1566426106,20905.043090356565
2023-07-26,20102.94223284383,19280.4644604887,20936.25020373686
2023-07-27,20120.003840884714,19388.04988485797,20901.101063981612
2023-07-28,20117.185371085976,19283.60385515038,20903.495378005602
2023-07-31,20139.28848227366,19325.87483526876,20984.79928745568
2023-08-01,20149.66333958025,19298.640576791866,20970.714235252082
2023-08-02,20146.74044129601,19306.78906899279,20958.73411271468
2023-08-03,20163.809511273717,19337.15441331101,21025.976764739564
2023-08-04,20161.052795568605,19313.63620566894,21031.624593175922
2023-08-07,20183.263176138014,19336.72267321812,21030.759386313
2023-08-08,20193.541121531533,19388.2651856687,21029.711499977817
2023-08-09,20190.420288698355,19382.9381465278,21055.8633823204
2023-08-10,20207.18282005474,19356.337865175567,20996.60726832228
2023-08-11,20204.012966261515,19371.010810163556,20976.899679659666
2023-08-14,20224.507379002447,19435.271796977293,21066.768346605008
2023-08-16,20230.43738446873,19377.783460499413,21040.200060793224
2023-08-17,20246.692009350892,19411.91872327116,21063.04133169734
2023-08-18,20243.153347430296,19417.63890715856,21116.236031062745
2023-08-21,20263.9056146924,19428.358246942746,21090.481359050285
2023-08-22,20274.256229456587,19471.590288665277,21094.906799178618
2023-08-23,20271.62426483274,19431.36694932849,21087.65677492705
2023-08-24,20289.370383240246,19437.344029676566,21067.966470169795
2023-08-25,20287.750274612023,19466.061621498196,21058.47877856928
2023-08-28,20316.83249484424,19478.58003834771,21116.292981085346
2023-08-29,20330.756840779544,19490.72057746428,21155.29094767353
2023-08-30,20332.03335097813,19489.501031287287,21196.13822320816
2023-08-31,20353.965103899744,19553.440232857134,21175.018132098696
2023-09-01,20356.738543650208,19508.95298617107,21169.37446991504
2023-09-04,20399.413052797627,19643.82532213675,21261.67046950213
2023-09-05,20417.69255672184,19580.358974025276,21329.995282298554
2023-09-06,20423.070936686796,19637.316960227858,21221.15961199073
2023-09-07,20448.751870258493,19622.185830399547,21326.568762011273
2023-09-08,20454.82606468027,19566.517268532396,21258.99631998171
2023-09-11,20503.865161212598,19675.684345832156,21269.392422253233
2023-09-12,20522.85845145573,19648.777287366596,21362.304641594586
2023-09-13,20528.1668742548,19671.737814957494,21373.816331012727
2023-09-14,20552.970398803518,19700.977065020375,21368.021386668024
2023-09-15,20557.353828646494,19757.96841221392,21348.06903556797
2023-09-18,20596.6576436451,19797.099152082672,21452.154255064306
2023-09-20,20611.114482465575,19782.5661274988,21440.115233027354
2023-09-21,20630.234166510032,19894.902532862616,21455.801968564516
2023-09-22,20628.5667929819,19777.289043627185,21421.82224291972
2023-09-25,20648.725691525644,19805.15656783232,21463.480602347023
2023-09-26,20656.79408077416,19893.354375169794,21487.7764787954
2023-09-27,20650.86383202825,19845.269475301615,21486.891937390887
2023-09-28,20664.331430410763,19807.803080772974,21463.281181997056
2023-09-29,20657.501261645586,19836.809011790683,21434.61030725404
2023-10-03,20671.731927350174,19865.09559433203,21518.081997507594
2023-10-04,20664.26147145141,19857.792288256413,21501.383420105
2023-10-05,20677.02415301614,19857.428195719058,21462.775964756805
2023-10-06,20670.314890141108,19828.33382244149,21507.37388016887
2023-10-09,20683.768336641577,19884.720357499606,21515.27252365897
2023-10-10,20692.41483799531,19829.176673479866,21540.210579062714
2023-10-11,20688.387911890517,19901.306116118754,21531.64629246268
2023-10-12,20704.98706855337,19881.322560537606,21515.648443514932
2023-10-13,20702.391026302943,19905.58447284539,21518.661391566246
2023-10-16,20728.62582244925,19942.40290367871,21553.894860860135
2023-10-17,20741.277960154446,19892.905584983277,21511.765719166287
2023-10-18,20740.941768663863,19886.47471344037,21647.36190985662
2023-10-19,20760.818810072953,19919.577199549673,21570.332602268976
2023-10-20,20761.00336062773,19970.325028755873,21590.027774353162
2023-10-23,20791.99834790195,19937.83709413537,21590.657231926332
2023-10-25,20804.231761244966,19999.688054883987,21606.462521677044
2023-10-26,20823.11232737769,19978.90618532684,21676.394369967307
2023-10-27,20821.71814259965,19956.144603754958,21576.1829030106
2023-10-30,20845.18771977186,20026.071832953636,21682.42371644383
2023-10-31,20854.990337500352,20071.888228277065,21621.17157859576
2023-11-01,20851.012284884557,19978.677526307463,21643.24852819508
2023-11-02,20866.596019893863,20078.24855140993,21674.6010784333
2023-11-03,20861.996535501967,20010.75523143706,21674.256683332576
2023-11-06,20877.498048832804,20036.348498279174,21688.992071165456
2023-11-07,20885.520644118904,20078.187286748653,21700.507025934116
2023-11-08,20880.33427095018,20055.727995742498,21761.99406568597
2023-11-09,20895.338794121377,20035.242962132626,21733.34601766212
2023-11-10,20890.828837792913,20130.789926792782,21791.8373004364
2023-11-12,20627.400959175284,19784.34207754597,21408.73120325764
2023-11-13,20910.71996362246,20132.212663312897,21798.84561235819
2023-11-15,20919.684432757316,20052.881055875183,21705.68341846788
2023-11-16,20938.546969325747,20156.18932320263,21783.010110750223
2023-11-17,20938.31241111666,20111.199370357223,21778.66594506672
2023-11-20,20972.489888922937,20178.88147146413,21755.615220930853
2023-11-21,20988.152841589916,20163.66879953474,21850.295348482523
2023-11-22,20991.037645213397,20183.719578814827,21757.3937434298
2023-11-23,21014.35510177586,20148.113786892896,21853.63574425395
2023-11-24,21018.202508749426,20176.56413174551,21824.124307067454
2023-11-28,21078.835061423455,20266.369773547663,21871.780244937545
2023-11-29,21082.713099635464,20276.228600728777,21971.537759502968
2023-11-30,21106.27566456777,20309.19503882631,21869.35428716042
2023-12-01,21109.620872843443,20329.25824953081,21973.265501988397
2023-12-04,21147.177497586643,20340.847071146505,22016.287435728264
2023-12-05,21161.461733495194,20354.769952463128,22017.80394758643
2023-12-06,21161.771245624193,20358.11865702461,22032.99733463453
2023-12-07,21181.397711481524,20267.67736128989,22034.685073953508
2023-12-08,21180.547969904146,20287.586099366858,21997.50251292618
2023-12-11,21205.121506039988,20360.510900629288,22030.500643920357
2023-12-12,21215.329962368534,20393.08495248186,22022.1736901838
2023-12-13,21211.870472674902,20333.204847821646,21989.506011497982
2023-12-14,21228.129840702433,20434.568726172725,22037.71073962097
2023-12-15,21224.397265104853,20366.403405610457,22037.014974007518
2023-12-18,21243.814758073444,20389.786545822084,22047.554748844243
2023-12-19,21253.574587687894,20396.820298031602,22044.11946732726
2023-12-20,21250.30656032731,20445.66757852122,22095.723565261218
2023-12-21,21267.371482890714,20413.736142235823,22081.43098084243
2023-12-22,21265.014023088137,20491.099559364928,22035.06637739314
2023-12-26,21303.933744035658,20488.19877076391,22135.142590489126
2023-12-27,21303.688272767446,20490.384958153405,22065.208888195513
2023-12-28,21323.79228607739,20473.85061276599,22096.72103522764
2023-12-29,21324.37552642968,20536.175742334148,22137.6058760589
2024-01-01,21357.773163867078,20561.6416784378,22205.012287931764
2024-01-02,21371.90896185793,20519.202888215983,22211.83512121431
2024-01-03,21372.56458476416,20511.04245284718,22164.138799405726
2024-01-04,21392.92831225775,20601.484662860483,22205.98417241686
2024-01-05,21393.088508292174,20517.367234627967,22106.53462769129
2024-01-08,21420.993790507197,20615.981541485293,22242.542058045587
2024-01-09,21431.947179850635,20629.607711088796,22232.17673092628
2024-01-10,21428.820587579135,20645.44809852553,22247.486211392978
2024-01-11,21444.874439945215,20616.248227074066,22234.13437745359
2024-01-12,21440.28453387134,20589.607494131193,22243.793672533408
2024-01-15,21452.350922016216,20618.907281036714,22247.26885809177
2024-01-16,21457.885641812845,20652.42336871453,22322.169396174388
2024-01-17,21449.474921141125,20601.687193335194,22242.50631947544
2024-01-18,21460.50003202031,20647.984306217764,22387.325102594637
2024-01-19,21451.251985896983,20677.245369158194,22319.84108151146
2024-01-20,21555.708669314692,20726.53498460477,22375.2132942241
2024-01-23,21455.867123389035,20618.554848430875,22234.14927628333
2024-01-24,21445.980303969074,20608.147344947476,22221.14243524974
2024-01-25,21456.31949902862,20647.207557012498,22327.772119430676
2024-01-29,21453.38192166367,20638.26365089112,22257.036050372375
2024-01-30,21459.64461450926,20577.46598716817,22319.80183575873
2024-01-31,21453.26473817055,20528.154651178607,22192.987867959
2024-02-01,21467.549933050967,20639.885215526658,22289.118471674166
2024-02-02,21462.686210237054,20565.00715974642,22305.631442331287
2024-02-05,21482.444410826643,20657.00505899249,22305.099818634793
2024-02-06,21493.050949585377,20672.472903922462,22299.367076482355
2024-02-07,21490.72039450483,20643.598560676834,22276.05409933753
2024-02-08,21508.645606134956,20663.665525650413,22343.939922300167
2024-02-09,21506.908055848566,20662.209157067457,22334.42441231838
2024-02-12,21532.12179143207,20736.315426869518,22336.49842891853
2024-02-13,21543.041533625557,20716.106043945143,22324.14745953904
2024-02-14,21540.218776186714,20798.864723703664,22351.52635243414
2024-02-15,21556.844001798545,20735.162407729946,22391.605815184983
2024-02-16,21553.015992485645,20726.93309614981,22380.475669327512
2024-02-19,21567.669653381334,20730.950134959134,22374.70025134324
2024-02-20,21573.87593318757,20705.660593334138,22455.218524665484
2024-02-21,21565.8971262617,20742.192644393603,22427.461139832685
2024-02-22,21577.033133242254,20781.76352895442,22413.03351651719
2024-02-23,21567.499848746877,20688.741842397903,22410.398015146955
2024-02-26,21564.9690314424,20783.179219637328,22390.943344740826
2024-02-27,21565.83248972926,20733.364633187517,22368.840735397327
2024-02-28,21552.897515790308,20723.75952191205,22380.963651798033
2024-02-29,21559.568979383075,20713.4750705056,22398.423193874394
2024-03-01,21546.156993202687,20731.864967715897,22336.66540533898
2024-03-02,21646.65411539634,20874.139707878236,22503.777758448465
2024-03-04,21536.249693113994,20706.705354247304,22344.68088080104
2024-03-05,21536.24776449815,20735.313546731213,22393.830875331576
2024-03-06,21523.291012079266,20718.26144432416,22303.89684948713
2024-03-07,21530.78804799997,20699.925779666544,22391.58696037389
2024-03-11,21518.782968873755,20649.34327258264,22356.558065145964
2024-03-12,21523.377994395698,20685.279176042204,22333.40704120879
2024-03-13,21515.5922135026,20673.148255177413,22342.028716905188
2024-03-14,21528.7526949084,20678.528744093444,22424.24433064825
2024-03-15,21523.07047362593,20651.46937200138,22369.494773865634
2024-03-18,21542.546578308204,20742.636399978055,22359.978408939
2024-03-19,21553.92249043442,20796.812066387854,22395.78856275559
2024-03-20,21552.873859745334,20710.471869667428,22378.36583721375
2024-03-21,21572.646934238815,20723.28395175393,22400.52643871062
2024-03-22,21573.37809530749,20710.17466478208,22371.231446427853
2024-03-26,21626.658728578062,20849.452707477383,22495.49850243727
2024-03-27,21630.173961433324,20750.01638270337,22442.551317312948
2024-03-28,21654.027733806102,20807.155961838394,22438.996503266993
2024-04-01,21702.858175993104,20816.08914088641,22475.252094316234
2024-04-02,21720.76795562841,20848.91319645647,22576.486240062197
2024-04-03,21725.293846319895,20909.403052561043,22564.824892985805
2024-04-04,21749.668949525683,20901.778481269987,22577.478789580746
2024-04-05,21754.02715826517,20902.644822584145,22602.499565146158
2024-04-08,21796.053942596096,20968.159955780306,22602.421257523656
2024-04-09,21812.32579112987,20958.000346147008,22648.78873613703
2024-04-10,21814.849886857064,21027.711628705176,22653.48950347686
2024-04-12,21838.58932245642,21029.550568981376,22671.5678796347
2024-04-15,21871.058537751353,20982.14615694623,22693.93374486385
2024-04-16,21883.712552827667,21043.77752693444,22728.259061521763
2024-04-18,21900.589167450675,21103.818082342554,22727.720234956323
2024-04-19,21898.30527659859,21017.76105899082,22696.89411294399
2024-04-22,21918.722908783217,21057.983396833693,22697.263991977165
2024-04-23,21927.486093857955,21132.445427958617,22738.284209140307
2024-04-24,21922.48614667196,21096.40208837868,22798.80479631192
2024-04-25,21937.069050683887,21145.453317148873,22725.55499630408
2024-04-26,21931.48541972338,21087.259523754838,22774.60369597822
2024-04-29,21943.999063566283,21121.023722646743,22755.462329244616
2024-04-30,21950.948689899335,21178.745227612148,22755.512935216666
2024-05-02,21958.37345894449,21155.331563917203,22815.647341898417
2024-05-03,21952.503388494777,21210.513863131062,22766.519309792857
2024-05-06,21967.508153824256,21125.00804676641,22820.49759478224
2024-05-07,21976.400108060832,21147.410311198466,22793.858904706372
2024-05-08,21972.535475223438,21160.42089484357,22829.579960644372
2024-05-09,21989.259993883643,21183.35541093467,22844.353837006474
2024-05-10,21986.80643310674,21199.11753733039,22813.39734251154
2024-05-13,22014.189468538483,21172.89355274997,22855.546696201065
2024-05-14,22027.681207371003,21177.63146303347,22838.1510142061
2024-05-15,22028.518371830414,21190.170726299177,22832.264322755957
2024-05-16,22049.958899897934,21253.257446451407,22903.73661268777
2024-05-17,22052.145662491337,21275.71629688068,22861.961042893832
2024-05-18,22168.88694699233,21364.186460466517,23025.40166810085
2024-05-21,22109.065242484445,21216.795201287165,22880.417606757826
2024-05-22,22112.88270935015,21213.294981321927,22971.769790127986
2024-05-23,22136.756740582863,21261.508312838083,22983.40292676854
2024-05-24,22140.78110970255,21403.937584345913,22972.985263822815
2024-05-27,22182.385942895056,21346.056827106047,23013.068368663175
2024-05-28,22198.576378330436,21309.9240941201,22945.368897662116
2024-05-29,22200.992320349822,21366.484627404574,23012.299285945883
2024-05-30,22222.868148333186,21388.960374720555,22982.522759991352
2024-05-31,22224.348611697296,21449.213137802402,22989.24085740461
2024-06-03,22255.744074659142,21413.784158245187,23050.980728327086
2024-06-04,22267.95549074176,21411.609676973927,23174.793195255286
2024-06-05,22266.26484345539,21464.78901376081,23094.659225972428
2024-06-06,22284.009258931463,21478.22107975525,23095.528158407753
2024-06-07,22281.43717216875,21440.4243822609,23052.5089673649
2024-06-10,22302.146368412516,21493.58673391297,23153.260988369293
2024-06-11,22311.588955981584,21475.708495864154,23150.961374794966
2024-06-12,22307.65465816953,21495.24062809495,23078.038330723513
2024-06-13,22323.739891395267,21515.478596677047,23139.560797580707
2024-06-14,22320.13826706118,21508.879775970403,23083.696522348593
2024-06-18,22352.825405839674,21514.00933478918,23219.055745411093
2024-06-19,22351.13622243045,21553.03141253651,23206.10334880686
2024-06-20,22370.035247813932,21519.76172469179,23228.17047624945
2024-06-21,22369.753144573195,21498.54263152721,23163.49725821541
2024-06-24,22403.565668961874,21638.35397872859,23232.833370157216
2024-06-25,22419.13833901581,21573.474186602794,23256.286737597467
2024-06-26,22422.004711358848,21577.542451530866,23193.37161517969
2024-06-27,22445.40971627083,21582.953438572014,23273.98181008265
2024-06-28,22449.483869254367,21627.5024164941,23217.283818078875
2024-07-01,22494.546287521014,21694.040926561414,23231.018903756238
2024-07-02,22512.99805434441,21731.422410351195,23348.11499753247
2024-07-03,22518.203419097652,21709.049349367975,23321.66305545033
2024-07-04,22543.364099840142,21720.428563144756,23367.175986310693
2024-07-05,22548.581803369358,21684.989789114697,23377.8538922769
2024-07-08,22593.336495335356,21735.094792317814,23426.720849602592
2024-07-09,22610.490237277285,21808.21973339994,23438.76094950834
2024-07-10,22613.85886906505,21765.18555440819,23393.557811673323
2024-07-11,22636.697181253683,21841.037976297655,23457.912250213387
2024-07-12,22639.169465534644,21832.354957663145,23418.662442621175
2024-07-15,22673.876338601636,21891.949411645983,23511.513109311883
2024-07-16,22687.33767792403,21855.927677618176,23513.157697605227
2024-07-18,22706.11587752039,21965.473408289494,23527.328942778062
2024-07-19,22704.997229739023,21890.474237068112,23538.133935136797
2024-07-22,22730.150758715394,21943.795726208384,23543.45369676958
2024-07-23,22740.981926756922,21898.135377848845,23575.66724515946
2024-07-24,22738.312518622013,21845.136818966712,23550.749161282507
2024-07-25,22755.4841139929,21932.887016255914,23563.851234777063
2024-07-26,22752.731362733164,21919.88360023085,23605.156092575333
2024-07-29,22774.849263831293,21954.093657544985,23637.69330290439
2024-07-30,22785.19767162734,21947.536251761514,23670.777848256013
2024-07-31,22782.246896716824,21920.487793418008,23585.15304515443
2024-08-01,22799.294220670905,22010.59036939205,23683.857534794304
2024-08-02,22796.52833778563,21959.23062611263,23674.113331714456
2024-08-05,22818.829336706658,22020.86618443935,23628.990924772148
2024-08-06,22829.182578091568,22032.246002802374,23632.850607930217
2024-08-07,22826.157875516386,21994.517160468138,23625.910240551635
2024-08-08,22843.03359889379,22027.47165933256,23677.018132343095
2024-08-09,22839.98851908571,22063.975157061508,23663.413794574208
2024-08-12,22860.850430552775,22032.18752144283,23625.949822778966
2024-08-13,22870.585468435722,22055.46884158131,23641.765407169518
2024-08-14,22866.926063406056,21992.82670651532,23646.862438789147
2024-08-16,22879.613724522937,22060.590154810878,23662.666307714226
2024-08-19,22899.840840141598,22079.375014128018,23755.46679469645
2024-08-20,22909.862275928,22073.725627684067,23717.41037174605
2024-08-21,22906.818972475892,22069.7097876174,23739.46019527846
2024-08-22,22924.07194986765,22079.565028156256,23764.933584689512
2024-08-23,22921.879746662646,22111.998229203677,23717.564724525462
2024-08-26,22948.83846885128,22048.172907898883,23787.646572822166
2024-08-27,22961.953579754307,22203.93102647138,23785.21521932811
2024-08-28,22962.39279160346,22156.41130224114,23776.65679232937
2024-08-29,22983.47547582346,22209.49235417123,23765.79308052747
2024-08-30,22985.405674271038,22155.0192721729,23845.864914082787
2024-09-02,23025.771684287673,22233.872141999862,23812.898548260735
2024-09-03,23043.417551183717,22279.711369142336,23849.764463970954
2024-09-04,23048.259538999853,22170.38199972894,23884.892914985692
2024-09-05,23073.516817720934,22311.049799283966,23903.631647386705
2024-09-06,23079.293533611635,22271.086254928803,23948.32898884053
2024-09-09,23128.292544419346,22278.33570497828,23863.10858421507
2024-09-10,23147.57314608748,22277.778701684056,23900.989719036723
2024-09-11,23153.31915896086,22360.211278171202,23938.978308562182
2024-09-12,23178.705314843875,22334.65803859951,23974.923541075797
2024-09-13,23183.80774741063,22341.966590095577,24007.48918003098
2024-09-16,23225.952366143403,22382.592041079763,24071.88832359598
2024-09-17,23241.425391856894,22452.34871466205,24041.806973467337
2024-09-18,23242.691382931658,22426.073580571338,24032.942077471747
2024-09-19,23263.0035887632,22426.213644296517,24086.261822113727
2024-09-20,23262.531297100482,22467.181544644627,24030.086887154015
2024-09-23,23286.051905468397,22468.121159995688,24093.866246550322
2024-09-24,23295.091217754813,22445.675811635258,24123.24954085038
2024-09-25,23290.023744523533,22482.444328914204,24114.179956813983
2024-09-26,23304.229608924845,22483.56707979223,24117.793250870178
2024-09-27,23297.99987218228,22487.225772289614,24035.83718701779
2024-09-30,23307.41982486406,22532.216817630968,24111.32391604923
2024-10-01,23313.110315607755,22496.88781774581,24074.447369942027
2024-10-03,23317.934070683,22439.17228766984,24147.887040699152
2024-10-04,23310.790685072385,22520.95926510298,24044.884797216237
2024-10-07,23322.332249111947,22503.172772350714,24105.002072998126
2024-10-08,23330.204804484798,22541.20477173335,24157.33119592972
2024-10-09,23325.372619530674,22532.93581699826,24132.265073095787
2024-10-10,23341.158409023326,22482.875063071526,24182.77164327544
2024-10-11,23337.763885758013,22599.320329539747,24139.323721975306
2024-10-14,23361.906460959304,22540.54198099295,24194.371153863314
2024-10-15,23374.0242332113,22567.043907630654,24145.282466588968
2024-10-16,23373.25976781918,22531.49812175159,24169.010770418783
2024-10-17,23392.824672594706,22573.390526191273,24150.666880849432
2024-10-18,23392.81973205501,22594.301056521912,24224.885580114067
2024-10-21,23423.99147077615,22587.599080054635,24213.154335082043
2024-10-22,23437.221645044738,22568.620763316394,24250.285462144755
2024-10-23,23436.90886605605,22679.665906903087,24262.733941975574
2024-10-24,23456.267060439444,22616.123422426546,24251.095280744885
2024-10-25,23455.419044648792,22648.904008552225,24221.96180040301
2024-10-28,23480.740469803724,22657.092138336247,24362.028721734103
2024-10-29,23491.160425461512,22666.463973593,24352.86565969199
2024-10-30,23487.763813516416,22644.501862376612,24289.27119593171
2024-10-31,23503.872603620992,22720.359233296324,24248.90944282826
2024-11-01,23499.722848542035,22635.990462437912,24268.46312304524
2024-11-04,23515.9664496881,22631.957101864347,24391.677914184966
2024-11-05,23523.996800271605,22750.36039323948,24350.2674494446
2024-11-06,23518.68813964908,22804.911611515203,24409.884196574694
2024-11-07,23533.439640807857,22688.892729624702,24371.944466995043
2024-11-08,23528.548962711713,22669.227590584065,24347.64790211098
2024-11-11,23546.615707906934,22690.23559623429,24321.89889134355
2024-11-12,23556.622166923706,22679.430038116578,24340.701483452915
2024-11-13,23553.934798391932,22719.31172093728,24347.87265874673
2024-11-14,23571.901087192342,22773.820691682395,24426.49265731306
2024-11-18,23602.2795132378,22795.16899210128,24445.476523963
2024-11-19,23617.166810831168,22785.192226938307,24481.50250391633
2024-11-21,23642.09498860265,22822.107773312695,24484.98090429408
2024-11-22,23645.475072992438,22830.653070484557,24580.376108154593
2024-11-25,23688.1210214322,22874.996378272845,24516.55630359019
2024-11-26,23705.58618147638,22832.842910261745,24563.409838088817
2024-11-27,23709.681539712146,22899.86627722546,24498.90714125712
2024-11-28,23733.591866585044,22922.881809863557,24541.36818019151
2024-11-29,23737.404790270673,22920.44471301258,24537.42366408898
2024-12-02,23776.93493226566,22965.29655132663,24607.050781364334
2024-12-03,23792.00558324725,22961.54075847189,24594.74598363122
2024-12-04,23793.13097290298,22937.316984283778,24594.49421507229
2024-12-05,23813.580678679595,22913.51680218627,24663.58301836572
2024-12-06,23813.539499737464,22978.302286548416,24602.654414165634
2024-12-09,23840.24403365763,22979.973757196145,24621.23479969433
2024-12-10,23851.00431978675,23083.94355949175,24699.474630912588
2024-12-11,23847.993345950534,22943.704715189786,24636.45614063751
2024-12-12,23864.58799468579,23090.76722905009,24732.04476186092
2024-12-13,23861.07097967034,23009.719273732695,24654.823297195348
2024-12-16,23880.406529795036,23072.0741176537,24685.56368635214
2024-12-17,23889.910956451033,23073.152767057676,24715.121055015494
2024-12-18,23886.28952457743,23013.01472100643,24718.216487096488
2024-12-19,23902.91730555404,23038.473949498017,24728.36464342944
2024-12-20,23900.05579098719,23096.405289141498,24726.820243746624
2024-12-23,23924.60566878158,23101.60037869395,24749.831287964225
2024-12-24,23936.68772831823,23084.406284743676,24693.1244096921
2024-12-26,23955.537344962602,23163.977784934643,24777.92225084449
2024-12-27,23955.72156344334,23152.102374217495,24845.488916851395
2024-12-30,23988.53947966789,23151.498488000037,24858.76897666445
2024-12-31,24002.726057134754,23186.554796085584,24804.407661566758
2025-01-01,24003.565285533816,23178.604811084097,24810.410484890217
2025-01-02,24024.246497497315,23203.05689550858,24834.764781048467
2025-01-03,24024.855368105535,23237.334543372337,24844.03913993512
2025-01-06,24054.812635684357,23224.973983753356,24852.319655769155
2025-01-07,24066.64172393569,23244.902479315126,24923.164047757036
2025-01-08,24064.457791118748,23196.396739199907,24818.32995037499
2025-01-09,24081.500617750553,23214.69723721016,24931.87550668949
2025-01-10,24077.923892165134,23209.517541465317,24916.44095540384
2025-01-13,24092.94461423697,23304.939494571914,24930.60553192843
2025-01-14,24099.36010925198,23287.304247079344,24906.112426255586
2025-01-15,24091.74310549089,23246.219267340464,24893.98686524323
2025-01-16,24103.456689800576,23284.913171693624,24918.984067811078
2025-01-17,24094.776300217858,23218.00974920098,24916.31061068046
2025-01-20,24096.965887088838,23320.63610479274,24931.208182297894
2025-01-21,24100.255083409298,23262.426821557157,24898.14133355411
2025-01-22,24090.214360265087,23256.259144252806,24920.387494448398
2025-01-23,24100.25772807249,23267.305614896864,24919.5897957395
2025-01-24,24090.692448652302,23238.5040951025,24917.294638105683
2025-01-27,24094.956174314844,23217.50545998121,24934.17061880394
2025-01-28,24100.418175127787,23249.516694001926,24903.895083714793
2025-01-29,24093.19578332465,23319.221496844642,24890.20514952525
2025-01-30,24106.620125220867,23281.54446690837,24929.12608334302
2025-01-31,24100.901167187472,23285.7128294034,24924.860839321973
2025-02-01,24209.90688050256,23396.96316519378,25131.77702977515
2025-02-03,24118.36123462467,23291.73246877763,24921.422515330745
2025-02-04,24128.362879645174,23279.00879155327,24964.208843227447
2025-02-05,24125.539099936013,23263.415721251804,24941.69442654363
2025-02-06,24143.0974937959,23335.663659958824,24996.26557318712
2025-02-07,24141.13112581625,23325.03706276256,24945.199802504896
2025-02-10,24166.550034669774,23351.29641322832,25003.810708530054
2025-02-11,24177.83827632834,23358.736304448936,24967.89976845807
2025-02-12,24175.52636177816,23277.94791056985,24998.36793022011
2025-02-13,24192.794901422196,23345.734927777325,25057.340008068404
2025-02-14,24189.72963423166,23339.469935457637,25025.42113994075
2025-02-17,24207.217578467884,23387.938181753136,25083.760051852834
2025-02-18,24214.483475774345,23368.006062127246,24988.76948129144
2025-02-19,24207.58468602385,23407.607207987552,25016.981914908647
2025-02-20,24219.797925058192,23434.656707084716,24973.1757133055
2025-02-21,24211.316006036424,23352.16887241879,25035.765338168
2025-02-24,24211.56558271141,23386.561343551988,25083.903349416738
2025-02-25,24213.16582092835,23341.554730706943,25000.635843063494
2025-02-27,24207.995198807137,23375.324697244923,25050.827815671957
2025-02-28,24194.91654349747,23374.59698662503,25020.014783267678
2025-03-03,24185.08226056697,23405.35462829206,25024.83472493979
2025-03-04,24184.792657824786,23322.39739966045,25018.152496683964
2025-03-05,24171.398041216595,23341.184853923452,25035.830776534898
2025-03-06,24178.314571396964,23363.73590617952,25030.784194881693
2025-03-07,24165.85017719156,23324.36189906044,24978.04045995774
2025-03-10,24162.788666940585,23301.456050885317,25003.449973455554
2025-03-11,24166.275265020577,23284.01248397349,24924.980068966233
2025-03-12,24157.32218063463,23353.162633992495,24882.720528358852
2025-03-13,24169.273567233085,23356.37142816063,25013.6911148099
2025-03-17,24178.145802497074,23364.828701605013,25025.653857256784
2025-03-18,24188.346786629016,23387.675350852584,25001.062038503504
2025-03-19,24186.172278209975,23350.36530590873,25023.27587064025
2025-03-20,24204.87954346101,23450.917624246813,25048.599470857873
2025-03-21,24204.61444112555,23383.04423913069,25031.58206032203
2025-03-24,24238.998606530113,23421.91786515705,25052.461855444762
2025-03-25,24254.740292537997,23438.87520661441,25060.79750981032
2025-03-26,24257.695016235815,23408.560650853993,25097.709724181623
2025-03-27,24281.08306632787,23458.95160469346,25100.324224391396
2025-03-28,24285.021531173723,23404.551291577347,25068.206312644044
2025-04-01,24346.87766298653,23480.714519072208,25180.18495575133
2025-04-02,24351.473451764083,23493.177348116555,25257.58992363713
2025-04-03,24375.996748057245,23517.306392489314,25177.184481534005
2025-04-04,24380.577428083398,23566.92828533487,25184.03801331711
2025-04-07,24423.674859908537,23646.84737872599,25225.24173680583
2025-04-08,24440.42320669133,23619.07970032714,25233.418519856947
2025-04-09,24443.475841822437,23641.547333301063,25239.594729064775
2025-04-11,24468.408389753327,23582.989116662007,25283.87739422478
2025-04-15,24516.303074204036,23699.953825043067,25302.852776510055
2025-04-16,24515.78351809947,23696.368036228225,25253.22015125879
2025-04-17,24534.65182457161,23739.28855733367,25410.506517192243
2025-04-21,24555.579853787487,23734.986021297787,25420.275167316922
2025-04-22,24564.956967285718,23718.585680019765,25382.354758647052
2025-04-23,24560.51811002355,23757.54627425207,25345.346590357465
2025-04-24,24575.599958657243,23741.281685404138,25428.4685243622
2025-04-25,24570.44422732761,23756.104530013657,25384.63844816076
2025-04-28,24583.73690111762,23783.376128311957,25395.560060235264
2025-04-29,24590.75690764741,23757.176160613657,25436.575007158717
2025-04-30,24584.39062680549,23839.61678354912,25388.230960381483
2025-05-02,24591.90501147107,23766.068272161003,25381.869049061057
2025-05-05,24605.593065694793,23725.434079209488,25385.047412404194
2025-05-06,24613.865717037803,23752.664690515845,25512.970824319527
2025-05-07,24609.305933668675,23708.56557012621,25457.57654219363
2025-05-08,24625.270813537172,23761.706806037015,25453.67201872214
2025-05-09,24622.00609465558,23760.553460086954,25429.23452505917
2025-05-12,24646.795345733688,23827.031763769806,25449.470257702058
2025-05-13,24659.42296368629,23831.806469894218,25504.895646518886
2025-05-14,24659.424166475386,23779.563074201717,25475.722520199135
2025-05-15,24680.07344818998,23883.237203036104,25542.978259074982
2025-05-16,24681.529564526758,23898.488162040943,25501.45063847731
2025-05-19,24719.80324700541,23889.467454896894,25563.090261317517
2025-05-20,24736.40573959792,23932.783540520988,25499.577679692848
2025-05-21,24739.984545908173,23901.053003465942,25512.000086713513
2025-05-22,24763.74179345839,23918.768089675938,25616.977036685414
2025-05-23,24767.77318480998,23853.95454250331,25634.169256360812
2025-05-26,24810.119014098193,23972.3016429306,25652.542923636873
2025-05-27,24826.774890255794,24022.76612709405,25621.56780588012
2025-05-28,24829.748187304558,24055.239852680774,25595.41010451044
2025-05-29,24852.259412764422,24042.34665601498,25577.370760604193
2025-05-30,24854.437526209345,24027.32088853598,25643.353451644292
2025-06-02,24888.12071297804,23975.664971428858,25682.88257204719
2025-06-03,24901.096093962315,24076.321255840594,25737.121427746628
2025-06-04,24900.137971467037,24065.84313076796,25683.432443475573
2025-06-05,24918.564959255113,24089.501933376876,25764.329798139664
2025-06-06,24916.60813920284,24096.234322675165,25778.946180490733
2025-06-09,24938.611949861657,24103.867850653365,25837.862423550865
2025-06-10,24948.264478884503,24166.2896836834,25745.791432114453
2025-06-11,24944.417014710823,24147.208390869902,25796.78746424509
2025-06-12,24960.462977758445,24110.45070558352,25787.677474298274
2025-06-13,24956.69604958755,24119.382450093453,25820.693779219266
2025-06-16,24977.10745362715,24211.33390129633,25809.577537032674
2025-06-17,24987.56798489388,24169.838177183778,25825.586610045462
2025-06-18,24985.18714148757,24140.292219894043,25746.932901144304
2025-06-19,25003.327779181633,24154.983251442038,25798.437217862207
2025-06-20,25002.237868194814,24153.809170109325,25822.036379880752
2025-06-23,25033.51719818098,24228.817679951244,25863.113104232572
2025-06-24,25048.27237308253,24217.16685070073,25884.83723992363
2025-06-25,25050.36540301317,24208.598470921428,25855.85683080017
2025-06-26,25073.058051373784,24241.094425961648,25945.15346904365
2025-06-27,25076.49602427629,24245.02060837065,25939.399036089137
2025-06-30,25120.227122580214,24272.71020550404,25911.751709053617
2025-07-01,25138.45519776368,24317.99355998154,25981.54845341636
2025-07-02,25143.553984794646,24312.673234873437,25986.54178310805
2025-07-03,25168.72525006378,24297.537636156714,26023.994233891837
2025-07-04,25174.06800199882,24302.867549925002,26023.185636129536
2025-07-07,25219.81973680991,24386.742480939974,25952.542543395288
2025-07-08,25237.480566139588,24439.226528389314,26078.473947879895
2025-07-09,25241.423016441644,24506.397879974586,26108.90026630417
2025-07-10,25264.887661366934,24509.363526236168,26096.403889933576
2025-07-11,25268.023926322432,24506.208899326673,26103.573230443508
2025-07-14,25304.799124802863,24487.454526219844,26136.466224830616
2025-07-15,25318.928117591717,24421.584256801823,26141.22280977346
2025-07-16,25319.200318882038,24557.766490034144,26120.337731463682
2025-07-17,25338.935505668433,24546.37939470268,26138.1742661514
2025-07-18,25338.359490409508,24532.66230101772,26194.684248521287
2025-07-21,25364.78156345681,24519.21104425943,26146.991844630324
2025-07-22,25375.908333672345,24547.673760941998,26224.59903793523
2025-07-23,25373.47240263332,24557.26744860938,26189.560186709165
2025-07-24,25390.81913039625,24468.26358598091,26186.79441898971
2025-07-25,25388.18858487883,24611.224190437653,26202.234842976028
2025-07-28,25410.428313834578,24588.713300691525,26236.124851367
2025-07-29,25420.763875713277,24586.251226140477,26268.384498095205
2025-07-30,25417.78829030762,24611.66683795526,26213.7344407625
2025-07-31,25434.807348991315,24604.752601682947,26287.810575512023
2025-08-01,25432.017534694878,24611.95219918489,26311.082138193527
2025-08-04,25454.333475694108,24631.64123869951,26230.726748406913
2025-08-05,25464.733439904267,24645.98597536655,26327.580121421648
2025-08-06,25461.778446876506,24638.802950528512,26226.244329240126
2025-08-07,25478.74537598148,24633.113199048566,26275.26313589586
2025-08-08,25475.809672307565,24655.6574679775,26345.65554053728
2025-08-11,25497.050377653963,24696.098145480442,26277.939984741923
2025-08-12,25506.902145283548,24617.80326187867,26338.49111542827
2025-08-13,25503.338959829023,24720.121216369836,26289.897081423278
2025-08-14,25519.67155890263,24720.018832012876,26417.75459935597
2025-08-18,25536.075262046907,24746.72173436099,26390.500656057277
2025-08-19,25545.867144031614,24664.224089471318,26380.092948017755
2025-08-20,25542.514976989663,24736.306042228516,26350.113810183782
2025-08-21,25559.37721696143,24731.29629315594,26374.942805319137
2025-08-22,25556.712155090092,24732.349517352286,26352.60567758135
2025-08-25,25581.79445346532,24741.466372243525,26439.862460917575
2025-08-26,25594.155723806347,24791.533270043106,26398.653912836653
2025-08-28,25614.0460063605,24771.915949786096,26426.131444634804
2025-08-29,25615.128472880057,24765.5181545782,26436.646306659077
2025-09-01,25653.03296991701,24807.913565653398,26465.480089488425
2025-09-02,25669.947812228216,24888.681372137522,26506.64168702183
2025-09-03,25674.134469896195,24879.616417015237,26464.747667323707
2025-09-04,25698.829522425895,24794.0454660023,26521.950003761012
2025-09-05,25704.153051547455,24876.497881148043,26545.725719192353
2025-09-08,25752.574451244436,24936.639585915105,26507.710907575678
2025-09-09,25771.952463903697,24947.432296557097,26617.124835301453
2025-09-10,25777.94780914101,24931.513160866463,26634.26898738461
2025-09-11,25803.734340403465,24942.187122650834,26625.253253602525
2025-09-12,25809.383824548357,25022.935850503374,26576.107232076632
2025-09-15,25853.95500420053,25040.735552174418,26699.993586646702
2025-09-16,25870.451442264846,25070.92499914887,26673.03689750116
2025-09-17,25872.817710450687,25062.750373873332,26615.23611646067
2025-09-18,25894.285582228553,25037.724237665065,26733.205525307018
2025-09-19,25895.001404280243,25000.802036771864,26723.352493544484
2025-09-20,26008.80692388485,25126.15106705423,26838.55622206688
2025-09-21,25637.842562294085,24798.588709828804,26450.77075301615
2025-09-22,25922.04151012521,25066.480213179206,26774.410448654344
2025-09-23,25932.1599763484,25103.029412230073,26743.764331085073
2025-09-24,25928.087589375602,25107.62956476472,26742.06012230356
2025-09-25,25943.18491011446,25074.890953744864,26772.96479345258
2025-09-26,25937.725941046265,25094.747868206097,26771.40504531554
2025-09-27,26045.67577082902,25260.343789184386,26879.313889628647
2025-09-28,25669.290749401694,24825.41970925336,26470.853099497148
2025-09-29,25948.60965447724,25102.931006848787,26766.175497839435
2025-09-30,25954.481261836336,25080.37714900386,26740.18382506535
2025-10-01,25946.872392556343,25077.22720600764,26761.377955551197
2025-10-02,25959.203463244845,25151.29937302875,26818.303801438655
2025-10-03,25951.78947926378,25126.444676394305,26806.30792263673
2025-10-04,26058.61665434567,25252.86836022236,26932.869320983147
2025-10-05,25681.942082296784,24856.731960259192,26492.988746775063
2025-10-06,25961.784938092056,25125.061945000794,26763.07364818414
2025-10-07,25968.95462250337,25140.516819481774,26783.101873316824
2025-10-08,25963.35991014079,25174.70165027351,26824.41537105059
2025-10-09,25978.346099210594,25196.37922818323,26770.10919481258
2025-10-10,25974.138061167883,25191.024913332236,26797.464520093366
2025-10-11,26084.619319155427,25298.128861575053,26893.181308601324
2025-10-12,25711.934514972203,24855.698814365966,26522.103201691432
2025-10-13,25995.983666386746,25174.744433475695,26842.960841047014
2025-10-14,26007.453545950753,25215.111153017802,26795.911272502766
2025-10-15,26006.130152973616,25211.75598024983,26897.836728494945
2025-10-16,26025.239185976934,25166.963897002777,26838.754232769934
2025-10-17,26024.892322614374,25260.921519384698,26836.918013130104
2025-10-18,26138.86934701514,25325.72058075041,26996.250285627633
2025-10-19,25769.22340021007,24896.698499256017,26617.176826722192
2025-10-20,26055.777678536262,25178.998095884745,26886.006189536994
2025-10-21,26069.158843575533,25236.369488708377,26887.038783911743
2025-10-22,26069.11105898949,25248.245145576777,26914.325275363513
2025-10-23,26088.837518096825,25310.385322365804,26890.912793046522
2025-10-24,26088.447239867077,25280.000231108537,26940.263624564628
2025-10-25,26201.73715889101,25411.52634749456,27080.058298194228
2025-10-26,25830.79678605792,24979.15230072936,26614.443964349735
2025-10-27,26115.50378124904,25315.5809775041,26891.048572818392
2025-10-28,26126.55573304018,25298.35151629527,26999.872746673034
2025-10-29,26123.782106301962,25291.122009586066,26973.92771494922
2025-10-30,26140.483279959397,25266.705387582162,26982.738827804566
2025-10-31,26136.87452220845,25324.028696922735,26996.149454873816
2025-11-01,26246.86500776301,25423.987186834547,27096.847938795778
2025-11-02,25872.659239870914,25023.065097586154,26650.036255583847
2025-11-03,26154.24930920698,25343.841737819872,27053.277229351
2025-11-04,26162.443377549665,25291.55553032349,26979.479462895568
2025-11-05,26157.174439588092,25342.403503531597,26976.63828067778
2025-11-06,26171.836374529274,25323.57283754687,26986.267112350397
2025-11-07,26166.725218663432,25290.555495914014,26928.9488453352
2025-11-08,26275.81583934558,25472.581046094896,27066.401303131224
2025-11-09,25901.361439001164,25096.16775783967,26727.609194875586
2025-11-10,26183.384375167785,25331.88771347835,26961.40490528657
2025-11-11,26192.703724927323,25360.874346454013,26972.0864392358
2025-11-12,26189.243672955432,25338.876458490777,27015.260057312535
2025-11-13,26206.369745378583,25343.370698059978,26969.408437848022
2025-11-14,26204.33081548926,25419.027943988916,27051.815496860596
2025-11-15,26317.037041178395,25476.01390527138,27138.58008294824
2025-11-16,25946.661127171836,25109.613509231964,26763.299937652548
2025-11-17,26233.131348622785,25416.638190033616,27101.362953959815
2025-11-18,26247.161702449368,25464.12844884031,27078.419663936507
2025-11-19,26248.563192872174,25453.483651902476,27064.34108547772
2025-11-20,26270.583191823484,25410.2705070367,27119.4539738681
2025-11-21,26273.35071234691,25430.51277248687,27037.024982760504
2025-11-22,26390.657662922004,25589.070547659623,27200.362142905393
2025-11-23,26024.563382511853,25157.70356317402,26879.07971864325
2025-11-24,26314.890800875506,25516.517486633504,27154.62360670387
2025-11-25,26332.25950233932,25551.35120110189,27133.034095504936
2025-11-26,26336.39961764484,25557.664051403266,27206.84427203868
2025-11-27,26360.493411354582,25497.070278864467,27258.55929786776
2025-11-28,26364.622340427133,25565.829863998817,27228.759456195683
2025-11-29,26482.549601869097,25654.779738202007,27332.05104887102
2025-11-30,26116.32543308863,25244.85214352699,26882.183587659267
2025-12-01,26405.783488217414,25570.290018406115,27198.24249091049
2025-12-02,26421.573562770034,25592.559059125608,27285.381677998666
2025-12-03,26423.47460109775,25598.87537881964,27273.914373352996
2025-12-04,26444.734879292144,25583.167279623627,27276.601828003513
2025-12-05,26445.517178928345,25551.292746183426,27258.740554417316
2025-12-06,26559.67902288762,25786.36914931959,27462.028654718804
2025-12-07,26189.37530216403,25368.182559918496,27081.923636645344
2025-12-08,26474.551692359742,25631.966622371605,27207.569563450696
2025-12-09,26485.97421569355,25686.178107772317,27383.74496721115
2025-12-10,26483.538972080976,25704.61028431836,27311.67639884282
2025-12-11,26500.60902419038,25640.674123296478,27300.81450271804
2025-12-12,26497.456344662893,25713.923640917877,27329.92247115328
2025-12-13,26608.038987441647,25845.55157414363,27448.79615220666
2025-12-14,26234.60089823699,25384.565285245622,27096.276399558734
2025-12-15,26517.162841878602,25641.342625581008,27358.997666056286
2025-12-16,26526.549872185773,25690.86800232749,27319.7995357416
2025-12-17,26522.699426519743,25663.09409838547,27370.59896478604
2025-12-18,26538.99707565198,25650.655483834045,27345.915453302398
2025-12-19,26535.717868785567,25679.611452693753,27377.595313534785
2025-12-20,26646.803452295764,25831.825971490092,27513.30724329865
2025-12-21,26274.462378421875,25388.48219175378,27074.774586177035
2025-12-22,26558.66206739244,25701.0673785801,27421.42766425702
2025-12-23,26570.157819322045,25721.262975933387,27350.966046135076
2025-12-24,26568.802914542954,25758.55919077224,27351.670978482285
2025-12-25,26587.88677654244,25725.173742078656,27361.39894115278
2025-12-26,26587.57906953282,25756.336955881085,27361.894699976154
2025-12-27,26701.709831978864,25888.485792750962,27538.91629038177
2025-12-28,26332.372977755665,25467.735895841182,27199.007467489686
2025-12-29,26619.421539040522,25794.95121936243,27390.55447297253
2025-12-30,26633.49995546145,25740.61118632442,27425.1190215195
2025-12-31,26634.357356569955,25862.081825356523,27531.503012857916
2026-01-01,26655.188722943185,25845.074771386404,27492.517280802218
2026-01-02,26656.081714313368,25822.687965002675,27426.199998541877
2026-01-03,26770.79918994119,25935.934238313006,27610.656264681096
2026-01-04,26401.38468648227,25573.297908124863,27243.79176214904
2026-01-05,26687.659172469153,25812.405992490483,27512.323851674362
2026-01-06,26700.254341981992,25858.01183965077,27476.403463736136
2026-01-07,26698.926366673615,25824.884563342268,27511.35119140132
2026-01-08,26716.896978530858,25911.94031149696,27520.91531084949
2026-01-09,26714.29967390195,25893.895233286854,27548.732051413303
2026-01-10,26824.96108131617,25998.87120791686,27670.953780479602
2026-01-11,26451.00479019502,25591.166447482374,27246.11117126399
2026-01-12,26732.34600503135,25905.931420766374,27570.522798396352
2026-01-13,26739.72234545206,25960.114600416404,27546.47650104446
2026-01-14,26733.004779847673,25926.416100660434,27582.556989479534
2026-01-15,26745.53564222806,25838.1837173414,27598.31508742259
2026-01-16,26737.5716067479,25909.781444725486,27525.003148172218
2026-01-17,26843.061750599445,25952.609180541225,27709.31560508768
2026-01-18,26464.248092330814,25598.58352957405,27293.626975418967
2026-01-19,26741.15705956032,25886.151582917144,27585.520563900744
2026-01-20,26744.627292656565,25867.1864802636,27620.232564318918
2026-01-21,26734.617852882497,25841.676401703688,27568.468552328217
2026-01-22,26744.543857715013,25872.585283154618,27543.112832334573
2026-01-23,26734.717481307736,25826.62870046878,27560.756292468173
2026-01-24,26839.1245029271,25980.29153305425,27664.000906273788
2026-01-25,26460.02382996714,25587.333766991134,27315.01135441537
2026-01-26,26737.438475292776,25915.355901315677,27574.63642148609
2026-01-27,26742.183407040957,25899.740916273044,27595.161680619465
2026-01-28,26734.17433636227,25912.018631034458,27571.065014165695
2026-01-29,26746.764448494025,25874.73644375614,27560.95394672414
2026-01-30,26740.186983993422,25863.561043337813,27578.935923898054
2026-01-31,26848.333809069223,26099.793005331194,27687.903596793927
2026-02-01,26473.357346123397,25621.203723705134,27274.831158738547
2026-02-02,26755.164278875436,25900.052850919194,27552.674285311066
2026-02-03,26764.446376743068,25905.572187668167,27647.021424588092
2026-02-04,26760.99242447422,25875.94143881649,27666.10875315004
2026-02-05,26778.028179156503,25932.42005515117,27662.969413329723
2026-02-06,26775.66217665313,25927.60467432456,27691.686088703464
2026-02-07,26887.667442406524,26127.54425020871,27692.084024991043
2026-02-08,26516.08639681367,25714.666003069313,27419.575840736103
2026-02-09,26800.727293823224,25898.79698950084,27682.522454527734
2026-02-10,26812.197468931663,25966.63444894282,27629.182016287425
2026-02-11,26810.217323010627,25924.362431360514,27661.579359549687
2026-02-12,26827.961915015563,25999.9229397919,27666.712240729023
2026-02-13,26825.50794818822,26038.205093548473,27689.763118914118
2026-02-14,26936.616179732686,26071.731646709002,27765.155053760234
2026-02-15,26563.336532248108,25706.92903049219,27466.405707899736
2026-02-16,26845.50424673596,25891.33153408221,27633.752905275534
2026-02-17,26853.772367456375,26032.02323970746,27666.695317050246
2026-02-18,26847.924511460682,26025.275025857456,27692.196826277
2026-02-19,26861.214833651098,26017.834842694967,27710.99485016527
2026-02-20,26853.813019953974,26008.377846618077,27686.269843385533
2026-02-21,26959.58439532596,26078.131637757255,27842.885137762256
2026-02-22,26580.692488541663,25697.888707719496,27442.163379878668
2026-02-23,26857.092462508874,26110.578326517254,27701.738900595
2026-02-24,26859.56077244282,26022.514872142045,27740.839787824993
2026-02-25,26848.00507800243,26036.176721407093,27723.614960324663
2026-02-26,26855.801392646605,26017.330449649435,27650.437932612556
2026-02-27,26843.236372488307,25971.045943545276,27684.49622831218
2026-02-28,26944.284896346708,26088.545851962277,27770.14091803692
2026-03-01,26561.210337752902,25713.792136187687,27455.997520742334
2026-03-02,26834.055988648106,25983.62230748508,27696.657207477754
2026-03-03,26833.67303922681,26010.49129926756,27738.81086805604
2026-03-04,26820.029172238967,25927.98085726409,27624.303370211368
2026-03-05,26826.544776801,25980.779153389383,27691.776164223058
2026-03-06,26813.53469490414,25903.84243877196,27586.211300338295
2026-03-07,26914.985652549727,25979.995052071237,27813.84069094507
2026-03-08,26533.156765918644,25662.196881569274,27380.234823995273
2026-03-09,26808.071562160403,25959.071991351517,27568.823076925273
2026-03-10,26810.546890040747,25958.09938624294,27663.450037243678
2026-03-11,26800.50274171667,25932.535326229765,27680.843906248272
2026-03-12,26811.29994698689,25944.93006353536,27644.136026828503
2026-03-13,26803.183604455695,25930.459179775098,27673.80156515214
2026-03-14,26910.062349160416,26086.750676692383,27710.206871302904
2026-03-15,26534.110792840496,25767.184284187053,27380.428051024257
2026-03-16,26815.2635218822,25967.54119622711,27638.16803564128
2026-03-17,26824.245974958416,26029.673603011677,27719.00004353501
2026-03-18,26820.886171256545,25969.915017530133,27714.325027187177
2026-03-19,26838.454204451795,25968.787987273437,27710.47705419022
2026-03-20,26837.107326132522,25956.90754536425,27642.62849376723
2026-03-21,26950.670683866512,26173.13470780713,27807.162709572043
2026-03-22,26581.241022989896,25690.80811631449,27432.090735896385
2026-03-23,26868.68171771485,26014.680150580756,27833.00204499777
2026-03-24,26883.65444218451,26007.449800254126,27716.97672329492
2026-03-25,26885.93144892489,25948.455885360192,27739.997224562496
2026-03-26,26908.73537421635,26012.893665758846,27772.948439831467
2026-03-27,26912.184405625165,26019.27748958761,27730.21294469128
2026-03-28,27030.072895087935,26147.27104168518,27868.83642851432
2026-03-29,26664.47475034203,25716.584705545425,27563.187363617
2026-03-30,26955.237998721124,26056.47147397081,27792.075440744346
2026-03-31,26973.015865678943,26087.923381813463,27815.17703887336
2026-04-01,26977.578369452127,26138.685738561395,27853.554996272775
2026-04-02,27002.151386131514,26158.416469139895,27829.687080320586
2026-04-03,27006.861054766854,26151.387133034743,27866.551205621312
2026-04-04,27125.513638556156,26254.043722700142,27943.323311643664
2026-04-05,26760.19820482961,25920.836840719516,27661.45477905764
2026-04-06,27050.78054389285,26192.574745723705,27910.1150341871
2026-04-07,27067.93369051021,26177.27404971931,27933.59911317399
2026-04-08,27071.449065483575,26170.201142861206,27913.366853752643
2026-04-09,27094.5752018947,26222.956937689913,27963.170076220606
2026-04-10,27097.461929865352,26208.68879723823,28015.747386996754
2026-04-11,27213.94013409405,26348.15302465961,28111.461650513716
2026-04-12,26846.12443927842,25978.638402695084,27650.35122862069
2026-04-13,27133.907230457047,26251.36217788856,28058.21373805743
2026-04-14,27147.98935427102,26266.62090980962,28133.064893513623
2026-04-15,27148.19149685087,26257.486741552726,27995.84301233
2026-04-16,27167.79317809173,26264.316694110097,28086.26997668054
2026-04-17,27166.977209428424,26278.133858005498,28120.34208852644
2026-04-18,27279.60970177039,26378.109720820485,28146.885139701997
2026-04-19,26907.842951399576,26056.331037141284,27789.190884979198
2026-04-20,27191.60958510519,26343.007057748116,28071.02017785223
2026-04-21,27201.653287322784,26332.84196745844,28097.238752718113
2026-04-22,27197.840085368658,26291.486118214656,28043.78220024348
2026-04-23,27213.49711747693,26298.559657227655,28093.832618785073
2026-04-24,27208.856720881515,26334.492629645127,28117.105581876374
2026-04-25,27317.835922579936,26402.15961431683,28192.290425359515
2026-04-26,26942.63866273746,26042.85468950521,27816.44346512889
2026-04-27,27223.249140425938,26324.443619934827,28132.644886761176
2026-04-28,27230.461619138805,26276.694362849183,28100.887257300103
2026-04-29,27224.190688729297,26393.5766843089,28150.90603337971
2026-04-30,27237.808934409328,26301.80944615833,28113.680473490993
2026-05-01,27231.589880592917,26388.678661712904,28189.932866785515
2026-05-02,27339.486326522507,26481.176936515632,28231.22475496887
2026-05-03,26963.731440536307,26113.289894821293,27811.364458331303
2026-05-04,27244.33104105241,26347.240358994888,28139.044768435793
2026-05-05,27252.09244027581,26386.928579116815,28189.9746645281
2026-05-06,27246.933884719234,26360.195324470107,28137.335944897502
2026-05-07,27262.22157815279,26331.635523892823,28153.33570019471
2026-05-08,27258.21218610159,26393.961437915263,28173.620506681218
2026-05-09,27368.830965232744,26432.535729718227,28270.975345788393
2026-05-10,26996.272904998943,26109.07831258471,27812.955941929507
2026-05-11,27280.495323295814,26356.30407716829,28221.759638351446
2026-05-12,27292.247298332848,26397.410216018383,28247.58747259598
2026-05-13,27291.37996900808,26294.71255273885,28240.026932316658
2026-05-14,27311.184679429953,26386.62200386368,28274.822490987845
2026-05-15,27311.83684853128,26388.285902171683,28240.181635976314
2026-05-16,27427.175682058332,26492.191107593215,28379.430409975095
2026-05-17,27059.30708089335,26150.700646448502,27973.240666573063
2026-05-18,27348.09814745819,26474.555777340793,28249.810605516886
2026-05-19,27364.20862679907,26352.767802827802,28295.49321589293
2026-05-20,27367.403264675602,26393.179325461082,28197.88812270341
2026-05-21,27390.892005233793,26459.513397457285,28253.651942025826
2026-05-22,27394.775854623207,26518.003715023904,28241.85162878482
2026-05-23,27512.828473235764,26632.68131243609,28423.198434857044
2026-05-24,27147.10079746103,26198.71789590222,28010.171616519245
2026-05-25,27437.417042857556,26438.73597338675,28336.94440408933
2026-05-26,27454.407380118486,26568.715913010758,28297.37312529948
2026-05-27,27457.82122703583,26526.15222820723,28349.374662352417
2026-05-28,27480.86804724655,26554.79839470323,28422.83105173397
2026-05-29,27483.663458768387,26548.78123133344,28414.413737836137
2026-05-30,27600.01070081256,26599.04950291587,28531.922411351938
2026-05-31,27232.004755496295,26288.70727261635,28203.210206730946
2026-06-01,27519.52748212981,26584.93966756944,28468.9406693825
2026-06-02,27533.27907145246,26624.64060871933,28480.322388136625
2026-06-03,27533.08978882049,26589.91345713535,28428.3687318295
2026-06-04,27552.258932336816,26638.532198334287,28524.82235012972
2026-06-05,27550.998852475754,26592.990058810323,28493.93267409549
2026-06-06,27663.214132755704,26710.411518062374,28552.93083738508
2026-06-07,27291.10328508989,26342.375476512723,28213.941602120067
2026-06-08,27574.651379086,26639.722187809188,28536.952712983875
2026-06-09,27584.65897714565,26648.51082304257,28462.74531669504
2026-06-10,27581.051409948886,26656.069680289605,28570.95783666773
2026-06-11,27597.215383191506,26740.926994454006,28522.09909337008
2026-06-12,27593.44082453631,26662.240828819973,28557.2601330205
2026-06-13,27703.69812841354,26722.895033864934,28644.596980775397
2026-06-14,27330.23820450146,26344.362814588683,28264.868973003733
2026-06-15,27613.083793928286,26657.529163750765,28532.403169451427
2026-06-16,27623.05746106403,26622.306930542505,28555.12723096625
2026-06-17,27620.09032174823,26723.51289576463,28581.02368722729
2026-06-18,27637.558514459564,26711.653990381223,28606.866872362774
2026-06-19,27635.725327974786,26713.584727348043,28585.914136520456
2026-06-20,27748.519136427552,26734.08961686798,28666.917071087493
2026-06-21,27378.134529765033,26402.011341444017,28261.7883006334
2026-06-22,27664.525075103826,26723.40588864096,28601.6534430367
2026-06-23,27678.43307834662,26703.380375912668,28607.051192213545
2026-06-24,27679.70035956377,26702.00124780755,28631.051644192754
2026-06-25,27701.606993648344,26702.025528877362,28587.575025556074
2026-06-26,27704.315868737747,26821.082558811282,28722.87114732915
2026-06-27,27821.65314790702,26878.65864398502,28674.461676347568
2026-06-28,27455.71195412239,26500.50137274801,28414.175465656805
2026-06-29,27746.347645352336,26776.759331442932,28621.991892056172
2026-06-30,27764.209981874184,26836.845620127395,28692.08213137131
2026-07-01,27769.056135122122,26764.579684762626,28696.149391252544
2026-07-02,27794.091430442906,26924.971552539915,28746.09068536488
2026-07-03,27799.41562376958,26867.201960506332,28730.791112552582
2026-07-04,27918.80475337536,26946.976684807425,28874.865640527078
2026-07-05,27554.315851757132,26627.715354988708,28479.203586934753
2026-07-06,27845.782859949395,26913.745011863215,28837.174738182315
2026-07-07,27863.849032793285,26958.889893537886,28852.5735844757
2026-07-08,27868.27978235702,26884.25567445906,28805.86588076335
2026-07-09,27892.30286120252,26932.421016763477,28830.93642583835
2026-07-10,27896.053705939416,26896.300353551662,28865.57122553324
2026-07-11,28013.356013170018,26966.423237577634,28991.791540669365
2026-07-12,27646.324873425914,26644.11514803588,28692.139905739903
2026-07-13,27934.86085426391,26964.404455679312,28858.358962987524
2026-07-14,27949.680376875953,26997.391476513698,28881.957549945644
2026-07-15,27950.626394481405,26987.838762541985,28933.451918517905
2026-07-16,27971.0063387077,27035.86560762871,28954.167298655433
2026-07-17,27971.03522050192,27035.099966262667,28957.918302230846
2026-07-18,28084.614023338876,27092.116881197686,29033.219009083958
2026-07-19,27713.930777650818,26751.80935241226,28652.78082237999
2026-07-20,27998.952766823546,27072.700415341096,28936.98504927066
2026-07-21,28010.45526226476,27011.916864078845,28991.418001605278
2026-07-22,28008.3308415207,27058.332668823445,29040.396021342778
2026-07-23,28025.926292503213,27044.005625531554,28944.584974687226
2026-07-24,28023.485017293435,27035.89541890825,29016.669229037227
2026-07-25,28134.925089544122,27130.5876468164,29100.80060164729
2026-07-26,27762.440359498778,26851.11398315863,28718.857663021692
2026-07-27,28045.99305081651,27046.352345278756,29026.092183656747
2026-07-28,28056.343229470433,27105.152311684036,29047.084813793834
2026-07-29,28053.359170989665,27108.652157193894,29040.614072991204
2026-07-30,28070.355591743613,27044.666620391796,29022.43248759973
2026-07-31,28067.537611866177,27109.28633545889,29040.192206448897
2026-08-01,28178.78055095049,27149.829212017088,29126.441943995134
2026-08-02,27806.23289216646,26809.203273870466,28782.4121364039
2026-08-03,28089.810796976446,27115.322130925415,29067.346728422664
2026-08-04,28100.22948699342,27093.995791776822,29031.441121310494
2026-08-05,28097.315455735694,27102.512595938937,29110.939896031607
2026-08-06,28114.34641465698,27144.68888007219,29153.119317789835
2026-08-07,28111.496783858034,27110.818096963547,29128.027221106804
2026-08-08,28222.61877724054,27236.136506571183,29176.458294167296
2026-08-09,27849.846373956792,26856.689695067616,28846.55726775107
2026-08-10,28133.09052333496,27124.109060164024,29162.473006882916
2026-08-11,28143.070874899404,27140.68369947234,29161.839290202883
2026-08-12,28139.627982094713,27066.74648934475,29134.321423369325
2026-08-13,28156.062881323807,27161.127209583075,29262.091580506538
2026-08-14,28152.58186537588,27155.780842404663,29120.07217956133
2026-08-15,28263.076520991603,27277.122373297105,29283.1320805822
2026-08-16,27889.726353154023,26818.0312486653,28920.270595172562
2026-08-17,28172.492383889217,27177.324999884408,29234.01912599921
2026-08-18,28182.147066526326,27181.952078532184,29206.668225925132
2026-08-19,28178.584520583285,27084.04407770321,29233.90399882901
2026-08-20,28195.158051048555,27206.836763263258,29199.155968534327
2026-08-21,28192.122836972307,27197.563321266243,29195.38079799609
2026-08-22,28303.413926746292,27373.802718407,29230.5843539107
2026-08-23,27931.24692982405,26950.217293842736,28881.950846673622
2026-08-24,28215.609857579937,27219.322284699912,29245.082305011878
2026-08-25,28227.29151462867,27224.872382796053,29223.912725561546
2026-08-26,28226.190499909342,27197.72665069957,29203.61032740501
2026-08-27,28245.651827349015,27256.125800318092,29203.74074062023
2026-08-28,28245.9090875807,27206.588548327953,29299.059045179227
2026-08-29,28360.862313828202,27278.97847589887,29412.493266141744
2026-08-30,27992.67895583241,26907.210474373238,29031.33475130326
2026-08-31,28281.286416311705,27224.434140711728,29321.206479240263
2026-09-01,28297.40154065876,27224.75942419777,29322.14530892413
2026-09-02,28300.84109618249,27247.66440572943,29231.680575928476
2026-09-03,28324.860215968296,27232.48050682811,29410.76839036504
2026-09-04,28329.596683118176,27297.07345176099,29451.758702465413
2026-09-05,28448.851163084397,27474.805747764516,29475.797345405645
2026-09-06,28084.69072437855,27090.215254642288,29106.25610013954
2026-09-07,28376.944032076168,27324.12831309818,29382.02103654024
2026-09-08,28396.233530344114,27364.31538839226,29492.04801303268
2026-09-09,28402.28857345578,27377.378878405598,29430.208203748818
2026-09-10,28428.286403415557,27326.65764357628,29440.275589856672
2026-09-11,28434.29877515702,27428.586665394974,29485.767464138662
2026-09-12,28554.074266544725,27491.28570036729,29652.559955639626
2026-09-13,28189.643549421176,27090.856327548165,29239.89418886189
2026-09-14,28480.815950498618,27415.480809332825,29489.278842083637
2026-09-15,28498.212572710447,27407.647415647403,29643.151475852028
2026-09-16,28501.579902497615,27427.352776456686,29529.79178061396
2026-09-17,28524.130779718565,27477.4897515548,29525.663697731678
2026-09-18,28525.99052319285,27434.38034773661,29551.426147765833
2026-09-19,28640.97825488357,27671.960706476788,29713.378059423005
2026-09-20,28271.210718574865,27215.182908687682,29307.551585621055
2026-09-21,28556.59695476012,27450.658827270654,29565.93829144543
2026-09-22,28567.869147916983,27485.3474548913,29637.544193748978
2026-09-23,28564.893628569534,27479.70492887888,29580.452599281358
2026-09-24,28581.008973704655,27496.959727043206,29633.80600191587
2026-09-25,28576.469073488446,27485.674566880385,29653.1959500252
2026-09-26,28685.221288390545,27619.057150530243,29748.92542691307
2026-09-27,28309.50707741267,27256.208944327704,29364.554221512266
2026-09-28,28589.353545528367,27581.301561541735,29641.1442968484
2026-09-29,28595.60131194213,27517.81678899976,29701.778311681963
2026-09-30,28588.21276362649,27578.639770744263,29654.435108385715
2026-10-01,28600.607714097903,27547.920897709446,29669.0541022365
2026-10-02,28593.10440388696,27536.28584930345,29632.333874099957
2026-10-03,28699.696025444195,27647.078120011,29826.212835913324
2026-10-04,28322.650200257107,27239.31729097118,29409.67575541316
2026-10-05,28601.999890384992,27508.573148791525,29656.091935535685
2026-10-06,28608.571166074922,27567.772213138513,29711.280099655472
2026-10-07,28602.291899356023,27525.29624549408,29632.08632339044
2026-10-08,28616.528394059027,27594.08966946604,29723.03753725307
2026-10-09,28611.52786451559,27577.318498854125,29692.43010883447
2026-10-10,28721.196907303798,27556.367384514837,29769.98307141228
2026-10-11,28347.703342356777,27309.343627982587,29467.496708969677
2026-10-12,28630.969842384093,27574.11673395216,29751.342924475404
2026-10-13,28641.704698997535,27553.593493483404,29662.88702311066
2026-10-14,28639.713714104128,27583.05590834896,29706.1440656061
2026-10-15,28658.240139886297,27414.868091538803,29781.34401622607
2026-10-16,28657.410489093392,27570.093239993465,29705.397638360246
2026-10-17,28771.016268631483,27671.601610874237,29830.95548380709
2026-10-18,28401.11892302324,27355.50400509993,29525.136117113234
2026-10-19,28687.546321191152,27605.695571680786,29780.7922129911
2026-10-20,28700.92605599213,27604.60920608542,29839.58700506666
2026-10-21,28700.999474985256,27482.361510762617,29829.999650304224
2026-10-22,28720.963306428082,27571.981576083297,29834.070307607206
2026-10-23,28720.91665545745,27721.791530258753,29814.015641787253
2026-10-24,28834.643390445704,27703.659228912187,29936.93000627464
2026-10-25,28464.21718796891,27344.62841688527,29570.721793021017
2026-10-26,28749.497566979917,27616.060566619268,29915.276905137423
2026-10-27,28761.162194260345,27560.394022243614,29841.181620068808
2026-10-28,28759.019407337648,27673.33203946576,29842.55038887891
2026-10-29,28776.347861013444,27569.18845272911,29885.341386397602
2026-10-30,28773.34112772998,27637.295618087628,29830.189318320434
2026-10-31,28883.887338836757,27838.044976984438,30006.280106508962
2026-11-01,28510.171211973713,27340.28145880132,29618.42383543292
2026-11-02,28792.166879706157,27688.468707552132,30040.33582223409
2026-11-03,28800.666891290202,27618.384448168268,30009.160889748768
2026-11-04,28795.591426391256,27663.79584017687,29958.272053826855
2026-11-05,28810.324719705917,27646.143001862903,29899.463482831692
2026-11-06,28805.156617160832,27637.5418457066,29990.469762539728
2026-11-07,28914.05943617236,27646.57113186958,30028.670507317376
2026-11-08,28539.287553329945,27394.59395737366,29696.23495172063
2026-11-09,28820.86820315366,27650.377053115222,30003.368369977554
2026-11-10,28829.628916872553,27698.971867435594,29968.683157379437
2026-11-11,28825.505683994128,27642.84162860467,29954.992808967167
2026-11-12,28841.878865194893,27741.995873185813,30012.6264177639
2026-11-13,28839.014791642836,27684.405013670937,30011.428353955853
2026-11-14,28950.843222004984,27818.972630735214,30076.48845461125
2026-11-15,28579.558063776658,27417.239187407315,29759.53270684854
2026-11-16,28865.10981067836,27750.446515445743,30100.93665779183
2026-11-17,28878.23507901355,27748.772020604665,30043.671208606364
2026-11-18,28878.7672667281,27756.720661142437,30173.002706459243
2026-11-19,28899.97529349079,27780.084242028828,30122.419501255175
2026-11-20,28902.008277323406,27790.27457693871,30096.138329683396
2026-11-21,29018.67623253375,27790.333411537486,30220.179362482948
2026-11-22,28652.0541043515,27461.168771214263,29812.518503725893
2026-11-23,28941.97749889738,27766.30188525716,30123.73627355805
2026-11-24,28959.075398728983,27768.1676538977,30127.434616583952
2026-11-25,28963.08379837563,27844.16210567418,30161.226954469526
2026-11-26,28987.187134492426,27810.62430499367,30185.157771195984
2026-11-27,28991.465290630582,27678.111213713586,30200.94210895405
2026-11-28,29109.67619599974,27950.131525366418,30282.866307633274
2026-11-29,28743.861280350233,27562.339612762134,29938.123003160104
2026-11-30,29033.842103840216,27848.931136571424,30232.28834187457
2026-12-01,29050.253427074025,27865.054995047583,30274.459419557414
2026-12-02,29052.856645988868,27860.233865396556,30312.73911327283
2026-12-03,29074.88047217381,27907.11065068678,30302.56318388336
2026-12-04,29076.466659979636,27895.476475382944,30391.462344483818
2026-12-05,29191.450836043317,28003.28154931185,30352.58332152955
2026-12-06,28821.965743410987,27608.417474684986,29985.178484034055
2026-12-07,29107.935281571667,27922.64845250645,30367.522860543082
2026-12-08,29120.104680693483,27948.17727239291,30373.319755796605
2026-12-09,29118.350816388025,27902.43520342501,30349.330656450984
2026-12-10,29136.01963351724,27924.887525606835,30349.48089112935
2026-12-11,29133.368572106894,27930.066659932923,30339.96492978515
2026-12-12,29244.344143877257,27992.21278590905,30544.336813627313
2026-12-13,28871.182063076198,27642.15219273508,30068.904451767634
2026-12-14,29153.898400404996,28056.09212451928,30383.42926125132
2026-12-15,29163.317179371235,27978.265674831848,30429.20693408758
2026-12-16,29159.378493703083,27970.824729798922,30400.69949376798
2026-12-17,29175.474175905176,28004.80767833643,30404.67200509581
2026-12-18,29171.888959121992,27864.885441015555,30358.721365851718
2026-12-19,29282.577316058352,28045.884884815147,30516.64837368836
2026-12-20,28909.763399109437,27680.776516724174,30179.385369426647
2026-12-21,29193.432555542655,27947.965498844063,30368.555905806425
2026-12-22,29204.359826658307,27933.4548952237,30443.2795999453
2026-12-23,29202.41948395902,28039.223511673383,30421.329634250465
2026-12-24,29220.922592360843,27886.462752750285,30560.995155198314
2026-12-25,29220.060489236097,28010.66121526621,30446.07806368249
2026-12-26,29333.684297941865,28089.130739425942,30507.60684799638
2026-12-27,28963.90782483927,27734.603424652876,30289.362093083917
2026-12-28,29250.602230762513,28019.398832536972,30511.99529759668
2026-12-29,29264.427797424818,27968.634520858024,30572.518343820244
2026-12-30,29265.14675036427,27990.949664357053,30552.29824912922
2026-12-31,29285.96403654601,28060.591992651458,30589.39525142821
2027-01-01,29286.97385565665,28102.532351598664,30566.08063417911
2027-01-02,29401.941978552837,28094.93321149906,30658.35014625248
2027-01-03,29032.911123703707,27820.82036098015,30221.37188343466
2027-01-04,29319.69771352395,28016.00672500648,30631.471187001796
2027-01-05,29332.92527312338,28118.540197637496,30600.99801300554
2027-01-06,29332.338387706666,28080.85969224582,30536.388785663752
2027-01-07,29351.144085293105,28107.711035634748,30493.0888122778
2027-01-08,29349.45842702448,28119.01874392161,30688.659077430675
2027-01-09,29461.088336913264,28209.22702608603,30750.763178009493
2027-01-10,29088.135955422094,27856.74555916671,30355.373703427973
2027-01-11,29370.49386703672,28054.379700520472,30730.5194053216
2027-01-12,29378.876506532764,28152.575813612646,30758.725950664397
2027-01-13,29373.131715067335,28120.667377750313,30686.66565465626
2027-01-14,29386.579378748862,28054.860749045627,30660.49969513415
2027-01-15,29379.455007277906,28088.75783782154,30712.446193237574
2027-01-16,29485.688366954877,28119.000514951404,30773.535722422534
2027-01-17,29107.50453976782,27872.884134689695,30428.030341272864
2027-01-18,29384.915848514276,28127.724818130093,30662.404615507174
2027-01-19,29388.75004235914,28097.36313455564,30686.13635243586
2027-01-20,29378.958801212586,28018.13178887552,30702.583167241188
2027-01-21,29388.953573888164,28175.714186937617,30715.023736304036
2027-01-22,29379.04668287693,28115.949604940324,30669.86698086886
2027-01-23,29483.227876052377,28173.43271342115,30836.97501671629
2027-01-24,29103.763752194573,27882.433587176587,30367.830655204027
2027-01-25,29380.68854303696,28112.942527731597,30634.715886214253
2027-01-26,29384.831675587637,28097.032605449764,30735.381510010364
2027-01-27,29376.12618820111,28026.22661195613,30738.178204247863
2027-01-28,29387.94501606518,27999.3233294404,30723.926241480098
2027-01-29,29380.54306505053,28035.651436593344,30673.110159169828
2027-01-30,29487.83522658979,28189.27939519882,30807.643115833307
2027-01-31,29111.99771957949,27809.65584824786,30396.586601238592
2027-02-01,29392.96118932591,28149.608832796726,30842.860394049374
2027-02-02,29401.44092418408,28191.964402586917,30827.194032678122
2027-02-03,29397.248191764564,28048.957628089585,30761.983717535597
2027-02-04,29413.629632177843,27984.941499929344,30888.10563266863
2027-02-05,29410.71254474201,28110.855571976204,30763.222566213964
2027-02-06,29522.286136188508,28152.09955932584,30821.85208982025
2027-02-07,29150.40603196324,27785.902266150406,30616.821933146606
2027-02-08,29434.8903987532,28100.257081284868,30767.57271549933
2027-02-09,29446.35296167344,28159.432612566885,30810.920568323974
2027-02-10,29444.516847517327,28141.005763538342,30890.018101085676
2027-02-11,29462.556129576595,28093.9684579609,30804.521785736473
2027-02-12,29460.542858667817,28089.074702413425,30811.118928704072
2027-02-13,29572.22960791069,28256.473527215665,30937.91931647698
2027-02-14,29199.65480477213,27847.438125917302,30589.00604361575
2027-02-15,29482.639183237916,28047.642509971312,30974.15326785633
2027-02-16,29491.81863751633,28091.847239106653,30864.344191808137
2027-02-17,29486.95741951474,28106.035990626515,30891.113371553085
2027-02-18,29501.288579044787,28081.386876461907,30946.120386752846
2027-02-19,29494.959466402684,28157.077326802315,30954.13424195182
2027-02-20,29601.81237048161,28237.097316912186,30924.2051590029
2027-02-21,29223.987620553427,27801.606375224983,30559.493267886453
2027-02-22,29501.41754676616,28084.259486653173,30914.658886718564
2027-02-23,29504.85664848691,28126.80262332336,30962.379201700613
2027-02-24,29494.191984252935,28058.0270064148,30909.84487587388
2027-02-25,29502.780755385676,28144.4650092614,30946.947034641824
2027-02-26,29490.892975788738,28170.92942618858,30876.9984794161
2027-02-27,29592.48937157564,28152.151814421602,30972.254443836002
2027-02-28,29209.821905032324,27831.112804654982,30663.91258902962
2027-03-01,29482.9253784282,28076.06620494994,30841.336463746946
2027-03-02,29482.645519896076,28122.482271421708,30934.072508472476
2027-03-03,29468.947609545303,28009.6756933,30875.80390108902
2027-03-04,29475.252652673786,28066.37956513239,30912.97937491779
2027-03-05,29461.879016988692,28106.299561386688,30968.67407137364
2027-03-06,29562.81969115699,28067.527959342813,31097.592646272027
2027-03-07,29180.342562063997,27807.95649666309,30607.646728441792
2027-03-08,29454.482158530365,27986.647089996895,30921.34299392753
2027-03-09,29456.06824594706,28058.568391142548,30970.37742352789
2027-03-10,29445.03530296945,27953.68460678551,30943.05368468942
2027-03-11,29454.759851884366,28043.630999408277,30876.84447804044
2027-03-12,29445.503517430127,28062.624751721443,30993.34264482009
2027-03-13,29551.191923748927,28094.8832349381,31102.5974257394
2027-03-14,29174.01677520418,27654.68078936364,30595.29121925932
2027-03-15,29453.929514947522,28059.11853499168,30938.003172971865
2027-03-16,29461.671890998205,28063.12422803227,30831.727193665043
2027-03-17,29457.087407327985,27981.761001754698,30922.732492416486
2027-03-18,29473.46058033668,28083.307491415428,31020.506069698993
2027-03-19,29470.961828132786,28048.404361206158,31009.767542121153
2027-03-20,29583.428060082228,28159.895487458714,31063.58413154949
2027-03-21,29212.96627637775,27780.53264939278,30763.163331264168
2027-03-22,29499.448542461192,28063.48715122117,31003.94598520756
2027-03-23,29513.54364675419,28065.530166757762,31075.214395113577
2027-03-24,29515.029405718004,28023.119218155975,31023.243599018213
2027-03-25,29537.132531251427,28126.785316987636,30977.134192402034
2027-03-26,29539.97389024346,28068.416024136397,31089.760894249488
2027-03-27,29657.349233616264,28122.069085105424,31202.94277881795
2027-03-28,29291.332721138908,27796.07167114735,30789.977176831755
2027-03-29,29581.77162934958,28155.031344695453,31138.5238899334
2027-03-30,29599.31757833379,28208.33311739882,31155.35825286915
2027-03-31,29603.738272454088,28070.116773633014,31151.848917158895
2027-04-01,29628.25670350458,28157.831919312168,31250.619722702122
2027-04-02,29632.99568085218,28175.484108264915,31189.437658570543
2027-04-03,29751.757800421943,28221.167767088107,31294.682523082898
2027-04-04,29386.628212055526,27913.302453582597,30949.12130031468
2027-04-05,29677.468603266294,28279.797208036172,31236.686598921577
2027-04-06,29694.94776224232,28281.560813373806,31211.311290886137
2027-04-07,29698.852737829307,28215.006894927395,31308.255147736178
2027-04-08,29722.427562421697,28299.93779034269,31232.31059530434
2027-04-09,29725.817414074918,28254.178433105048,31251.289098587866
2027-04-10,29842.848335449315,28252.084954812097,31341.677681548106
2027-04-11,29475.629868850792,27914.64768881306,30992.89415424133
2027-04-12,29764.04901916088,28280.899632079523,31346.008874547097
2027-04-13,29778.800895820037,28248.62659860754,31401.51457097305
2027-04-14,29779.700034912643,28220.997299033035,31283.057145189985
2027-04-15,29800.019346466528,28284.281281414533,31382.301714570836
2027-04-16,29799.934539103695,28249.913574538477,31381.291408427795
2027-04-17,29913.304113349604,28465.499180000268,31459.828213130448
2027-04-18,29542.27225529139,27972.389755409113,31106.577933764835
2027-04-19,29826.76301497454,28326.193081910926,31501.321058104375
2027-04-20,29837.511094394977,28336.246323399708,31445.242715214205
2027-04-21,29834.373222180533,28234.0222820838,31417.20238189896
2027-04-22,29850.667039473465,28332.647294950617,31517.295685865363
2027-04-23,29846.615332894668,28284.430443646634,31428.6688313176
2027-04-24,29956.125694609178,28415.633194729933,31512.04319936509
2027-04-25,29581.39293574969,28012.696104815932,31164.74604730179
2027-04-26,29862.39263809648,28239.83485544999,31494.51302477889
2027-04-27,29869.91117576268,28171.46521574761,31575.987912638506
2027-04-28,29863.856197104506,28240.76614226106,31531.923240970238
2027-04-29,29877.59451050311,28244.30625928453,31527.448921136307
2027-04-30,29871.39523450873,28238.3831137207,31501.280255202593
2027-05-01,29979.208321899798,28405.70229912808,31817.752038005652
2027-05-02,29603.265817312633,28054.587267917894,31303.897010933342
2027-05-03,29883.574269711757,28300.49874749232,31535.765255022983
2027-05-04,29890.94366960884,28257.23239273454,31573.23620941994
2027-05-05,29885.296939846306,28321.277297997553,31560.368495215786
2027-05-06,29900.00696145956,28301.589723012872,31625.640333205734
2027-05-07,29895.339030837873,28315.47767763972,31606.58175641079
2027-05-08,30005.228890076083,28424.19716050117,31737.08915694232
2027-05-09,29631.88371790765,28119.70825630698,31253.729567829978
2027-05-10,29915.274524599554,28320.933065103294,31609.07050631975
2027-05-11,29926.16533612004,28383.9569608996,31590.558419117788
2027-05-12,29924.423204581097,28363.38708719288,31495.669302486916
2027-05-13,29943.356026634694,28327.05949278991,31688.11464447185
2027-05-14,29943.156058172484,28258.982104784867,31665.878049923856
2027-05-15,30057.67925103389,28469.20819230676,31696.22958458168
2027-05-16,29689.047775044983,28052.64093947774,31295.645412989143
2027-05-17,29977.14413706745,28351.26732486571,31713.299678332907
2027-05-18,29992.64224398246,28378.007112524334,31780.858142138233
2027-05-19,29995.3194022539,28360.323599645304,31669.028062111276
2027-05-20,30018.396186805687,28422.404637583782,31724.864433269846
2027-05-21,30021.982015078236,28339.527602332975,31772.610253803527
2027-05-22,30139.856497697387,28563.9218718608,31788.31544144604
2027-05-23,29774.073874244925,28096.35636864979,31505.98473822537
2027-05-24,30064.45889227416,28427.66163477856,31886.24854191771
2027-05-25,30081.639425674122,28454.888979308926,31723.927615288445
2027-05-26,30085.359778520266,28483.148086897265,31801.65347930709
2027-05-27,30108.821566346494,28332.637095254653,31798.097837449648
2027-05-28,30112.129977038734,28496.18699699332,31786.18462687138
2027-05-29,30229.075457134928,28481.42695770283,31968.57049688818
2027-05-30,29861.73811556381,28110.41178775588,31645.799684968973
2027-05-31,30149.98319612454,28445.150459728753,31854.845871955975
2027-06-01,30164.492918075197,28519.341160392916,31920.614293952225
2027-06-02,30165.078644414352,28431.774933567045,31794.839175114907
2027-06-03,30185.02029320739,28443.370610194328,31976.209780214656
2027-06-04,30184.510827031827,28602.081651217693,32025.61786946574
2027-06-05,30297.435907939012,28623.67315322202,32155.185661149648
2027-06-06,29925.97605922222,28139.949526417204,31716.212101055768
2027-06-07,30210.099740960955,28484.76372641692,31922.94530849556
2027-06-08,30220.59269931874,28481.25758047033,31859.7831657816
2027-06-09,30217.367613092734,28470.069750976596,32002.47589043091
2027-06-10,30233.80101833602,28498.142373568473,32077.83740056416
2027-06-11,30230.175411351545,28568.690815291393,31910.043711802628
2027-06-12,30340.456680665382,28606.644958052122,32164.895832816637
2027-06-13,29966.89426855574,28379.93809359216,31798.868071464054
2027-06-14,30249.512522985227,28348.22444660702,32090.70427966781
2027-06-15,30259.138646606378,28512.77338264995,31990.189545241803
2027-06-16,30255.71130470257,28547.55219416874,32007.17017272789
2027-06-17,30272.61690163719,28434.643917343707,32080.302043479885
2027-06-18,30270.131444513856,28500.116420004855,32237.544583204355
2027-06-19,30382.198151949444,28605.1454868794,32200.066945198334
2027-06-20,30011.028204741586,28148.40409556804,31844.23810213949
2027-06-21,30296.593084099462,28572.919219604555,32303.7087451329
2027-06-22,30309.653878247405,28673.90679656841,32201.269660763668
2027-06-23,30310.071583138917,28566.735323654277,32181.845220658623
2027-06-24,30331.145361621297,28518.587508852885,32195.13590067528
2027-06-25,30333.05662648259,28484.64900225892,32209.05811422512
2027-06-26,30449.64904569512,28720.259518673203,32214.88699682027
2027-06-27,30083.031802026802,28300.81634373717,31870.870974498936
2027-06-28,30373.074485264857,28509.335377129053,32121.827027431827
2027-06-29,30390.43892914611,28645.63475612029,32241.1254024441
2027-06-30,30394.89195094968,28482.366454928702,32218.62958808204
2027-07-01,30419.645892946002,28589.76292168274,32282.25542265872
2027-07-02,30424.80477060849,28595.42159752534,32367.523702722327
2027-07-03,30544.14607155462,28689.363473884867,32406.980837297033
2027-07-04,30179.725490943918,28300.76622407421,32068.212031098705
2027-07-05,30471.372944118037,28617.512153880987,32349.75322927719
2027-07-06,30489.725141387775,28704.901436815133,32361.457960085736
2027-07-07,30494.538666545937,28577.414809397327,32333.6813294636
2027-07-08,30519.030453304447,28784.849334790786,32368.55299578376
2027-07-09,30523.323471044718,28546.599131603736,32419.34879649895
2027-07-10,30641.22768153593,28838.744418917453,32588.73549943521
2027-07-11,30274.843580759556,28452.166097316313,32253.193494222494
2027-07-12,30564.05670485577,28774.20903529668,32506.661737554812
2027-07-13,30579.568432021322,28712.420725723397,32521.40379491343
2027-07-14,30581.207076167706,28665.94238787621,32389.79589896932
2027-07-15,30602.26622648492,28771.266114359405,32480.651905096976
2027-07-16,30602.94820809174,28702.35516975942,32556.24275029773
2027-07-17,30717.142791364007,28806.979305351055,32651.265878393588
2027-07-18,30347.028529956668,28529.78308246205,32301.322853579288
2027-07-19,30632.56517072013,28840.462178447026,32654.6705418644
2027-07-20,30644.522527636498,28725.161909288014,32562.94611719691
2027-07-21,30642.789870454293,28711.14231236588,32552.65611643459
2027-07-22,30660.71282982492,28816.538560403707,32635.5383730845
2027-07-23,30658.535733364093,28816.273476062805,32571.051530803517
2027-07-24,30770.179529631947,28787.36142662965,32697.52199172828
2027-07-25,30397.84269912895,28372.560899950287,32244.84394448404
2027-07-26,30681.493603329865,28877.53309150807,32650.879672043404
2027-07-27,30691.899660581497,28730.748574752466,32632.484280243032
2027-07-28,30688.937385012585,28792.804977588785,32630.545881480753
2027-07-29,30705.930265132032,28855.351034808926,32602.761714893928
2027-07-30,30703.092361431285,28867.486236909655,32559.30205238698
2027-07-31,30814.307736198705,28985.733976324373,32949.516096803265
2027-08-01,30441.73306329451,28522.470211772215,32526.569740797964
2027-08-02,30725.291811782783,28906.411685393534,32595.41060049374
2027-08-03,30735.705330969213,28828.851283663706,32735.799582764634
2027-08-04,30732.804809495276,28711.357656538752,32633.185397396315
2027-08-05,30749.87102142784,28824.556938744056,32847.98185083148
2027-08-06,30747.0796766091,28825.928172339325,32726.84211184582
2027-08-07,30858.28243006352,28820.891916099998,32812.81365259314
2027-08-08,30485.61084524556,28621.761090907865,32506.253471845423
2027-08-09,30768.9716591842,28797.796028331137,32775.98670184277
2027-08-10,30779.078639750765,28910.404040303114,32803.887571645544
2027-08-11,30775.7649801888,28862.433576339256,32781.02626224569
2027-08-12,30792.323126930376,28874.413522558396,32816.76460786927
2027-08-13,30788.94985233432,28832.358143023503,32898.30338278976
2027-08-14,30899.526632927234,29017.704603300223,32915.7144323982
2027-08-15,30526.222645185513,28549.49832993904,32594.12302291604
2027-08-16,30808.98875495563,28863.27179911903,32973.21867888055
2027-08-17,30818.587829047716,28870.19940165445,32839.65370723215
2027-08-18,30814.905361356527,28846.081640374105,32816.597457764256
2027-08-19,30831.28736447863,28807.94447557378,32949.03749765895
2027-08-20,30827.98339934394,28868.033771013863,33011.862083219195
2027-08-21,30938.92486861741,28948.83400020907,32907.902803751684
2027-08-22,30566.325953170246,28578.905448386566,32542.369225203325
2027-08-23,30850.175635320058,28720.61319792071,33051.02175041069
2027-08-24,30861.2662029362,28793.45148819037,32972.62584052442
2027-08-25,30859.50228853894,28925.33914014646,32888.334994226236
2027-08-26,30878.23745014822,29028.48364426586,32846.31368374264
2027-08-27,30877.716214700522,28762.05700395263,32904.46585616082
2027-08-28,30991.85174876787,28990.939319823814,33020.12617975086
2027-08-29,30622.82656449407,28727.62998967986,32741.822970968362
2027-08-30,30910.58472146407,28894.30693076972,33097.494172142564
2027-08-31,30925.860923596723,28937.590675980002,32969.50566363716
2027-09-01,30928.490557576846,28824.703030145025,32975.64931709048
2027-09-02,30951.74765975212,28884.232630988543,33154.249596230446
2027-09-03,30955.788700348712,28905.188302063034,33017.863926421946
2027-09-04,31074.43230672169,28888.19938124275,33180.22967806634
2027-09-05,30709.762280435614,28657.39816944965,32678.062281530172
2027-09-06,31001.622307174726,28931.253844218103,33184.58253374854
2027-09-07,31020.64768995472,29005.16066558476,33189.85632915162
2027-09-08,31026.578078605777,28992.54492972965,33265.36347006186
2027-09-09,31052.598105938985,29011.68536373192,33206.228662627276
2027-09-10,31058.783742367625,29026.291336598122,33291.928676558164
2027-09-11,31178.8844151369,28978.832168970363,33310.39101292376
2027-09-12,30814.92817516988,28736.15563595339,32978.78704451329
2027-09-13,31106.718244741773,28949.238450953944,33241.31078727803
2027-09-14,31124.866218499043,28941.81576379996,33320.90787548677
2027-09-15,31129.105842573033,29022.717814706484,33328.4976763574
2027-09-16,31152.63424516196,29081.892043070693,33297.90879759856
2027-09-17,31155.55840573514,29052.52254586033,33316.4181047439
2027-09-18,31271.676897569676,29097.973119699975,33573.79442902028
2027-09-19,30903.08418903823,28785.439490189896,33098.62611791325
2027-09-20,31189.665852952534,29170.84120346414,33382.20459375515
2027-09-21,31202.129986206743,29085.671216356637,33332.44695350337
2027-09-22,31200.3188069074,28955.132718023488,33412.658548213665
2027-09-23,31217.547356628427,29128.934969242982,33438.87183557188
2027-09-24,31214.047159413512,28844.924237655203,33422.24774645674
2027-09-25,31323.74494545067,29123.759604199524,33536.614739374876
2027-09-26,30948.86380448778,28820.77001171748,33111.09798887031
2027-09-27,31229.415202515083,29074.521783278542,33555.61229747674
2027-09-28,31236.22725010619,28953.607503664625,33445.25553631192
2027-09-29,31229.253275572526,29108.683796887955,33581.71004058415
2027-09-30,31241.907713630404,29180.78681013595,33511.997857722985
2027-10-01,31234.50723929492,29035.41890808474,33481.45626248961
2027-10-02,31341.047325531963,29076.782281422966,33461.12933922184
2027-10-03,30963.80165106481,28785.47945949215,33162.175031803345
2027-10-04,31242.812841938183,29024.623557606632,33541.19811115642
2027-10-05,31248.91997271209,29094.78258441258,33398.81266785162
2027-10-06,31242.066904067015,29068.107483587948,33496.972294543695
2027-10-07,31255.63847666771,29024.38228176807,33459.49811689225
2027-10-08,31249.902485201463,29060.654145378187,33561.28926058029
2027-10-09,31358.787590566888,29204.670434756645,33572.9262300611
2027-10-10,30984.484561708523,28614.374345219407,33242.13826755932
2027-10-11,31266.93928237714,29086.12003761198,33592.00948988068
2027-10-12,31276.88288825052,28980.99300861734,33556.446254689894
2027-10-13,31274.143040229694,29076.794729083686,33665.86065913157
2027-10-14,31291.983274275473,29052.916759874526,33514.66672233394
2027-10-15,31290.54826574871,29053.191729172817,33677.446258346914
2027-10-16,31403.64507637421,29201.683295994622,33713.07309338569
2027-10-17,31033.347683868546,28715.38400588496,33427.62332322166
2027-10-18,31319.493139151673,29069.29275685937,33769.30020409516
2027-10-19,31332.71462976846,29085.958701034677,33693.00311908483
2027-10-20,31332.75537455377,29130.470760679807,33634.665313425314
2027-10-21,31352.81021733771,28976.92949042144,33811.677428425115
2027-10-22,31352.972695567067,29147.20119966065,33695.37116984727
2027-10-23,31467.017601827778,29227.76657969108,33698.94115475514
2027-10-24,31097.00630181174,28901.405992435884,33498.9583395448
2027-10-25,31382.78313173063,29025.753882637062,33838.78239090927
2027-10-26,31395.008147075096,29177.87204344082,33591.597709082016
2027-10-27,31393.470156526273,29146.061959588656,33559.19953756623
2027-10-28,31411.426932880542,29032.839500361184,33826.58292284332
2027-10-29,31409.050415385387,28987.00227531513,33855.30328183887
2027-10-30,31520.20697369634,29162.481704956575,33830.071327355225
2027-10-31,31147.060061214746,28723.921894272815,33556.66427127507
2027-11-01,31429.56365537296,29153.611739381868,33813.36413677159
2027-11-02,31438.491839589155,29023.519618559632,33922.348603714854
2027-11-03,31433.748549428088,28978.794748050685,33817.59497341244
2027-11-04,31448.704466938892,29114.343531943505,33919.414302714955
2027-11-05,31443.638970668744,29038.58138405299,33839.8468586028
2027-11-06,31552.517302757937,29222.748843293983,33993.633485931474
2027-11-07,31177.590367832952,28819.89559827315,33619.4703613057
2027-11-08,31458.885641436904,29110.239394996475,33809.05372346681
2027-11-09,31467.234613817665,29140.899163320846,33961.10607376433
2027-11-10,31462.58085171996,28886.609175396803,33986.161529306555
2027-11-11,31478.315709515842,29085.82729752152,33812.76802223305
2027-11-12,31474.71963043292,29086.96517628163,34054.20982845858
2027-11-13,31585.73921754745,29333.212864751076,34080.45762120279
2027-11-14,31213.58749199993,28815.343750869393,33683.5467243252
2027-11-15,31498.235803243097,29059.820333460088,33999.2303765435
2027-11-16,31510.442789022014,29091.922021524664,33859.236103620875
2027-11-17,31510.064425041885,29163.866912211215,34078.90495881377
2027-11-18,31530.39213981346,29067.006675057313,34047.80864735973
2027-11-19,31531.59686775194,29138.066601053833,33971.26868840071
2027-11-20,31647.509142848143,29257.409391241155,33952.28892238785
2027-11-21,31280.22256530343,28833.634430087932,33673.174305064196
2027-11-22,31569.58901570071,29132.94565466512,34157.547561297026
2027-11-23,31586.250921471947,29187.97549934527,33949.83704973864
2027-11-24,31589.954522676548,29043.48208560241,34202.79922378021
2027-11-25,31613.891022075673,29108.062633816644,34145.37153405576
2027-11-26,31618.14340737008,29104.805906864673,34080.42495853253
2027-11-27,31736.46897004058,29355.1502042528,34294.60216855096
2027-11-28,31370.904785137976,28980.23847122846,33912.38810595935
2027-11-29,31661.26447012182,29289.50920415389,34183.92203295495
2027-11-30,31678.171484264705,29221.99542131599,34179.07346030204
2027-12-01,31681.372886770092,29342.379137508473,34215.624760359104
2027-12-02,31704.080425063406,29303.919120242594,34223.42799083818
2027-12-03,31706.41674306716,29264.977862877087,34348.96594478124
2027-12-04,31822.196751511696,29380.864682673426,34429.78153277515
2027-12-05,31453.531457208603,28899.084247242914,33996.6834129831
2027-12-06,31740.322616110883,29012.199068086476,34270.92806371539
2027-12-07,31753.293531177525,29174.23022694938,34354.6172016167
2027-12-08,31752.299983830624,29237.410453084314,34445.78741943137
2027-12-09,31770.668250160477,29193.914049434807,34409.65337655633
2027-12-10,31768.638078291373,29337.21276644436,34318.294336330284
2027-12-11,31880.140759963662,29359.672370488173,34551.99660132379
2027-12-12,31507.399686082572,28867.519265451436,33913.1733997729
2027-12-13,31790.421843161872,29332.28236824184,34410.46641062906
2027-12-14,31800.02566039861,29279.469221775158,34352.460260023094
2027-12-15,31796.149279031844,29265.505448140895,34317.68799094333
2027-12-16,31812.186269832993,29360.416186112834,34572.31459493238
2027-12-17,31808.426739599734,29201.60049552812,34459.26878533615
2027-12-18,31918.834011998242,29264.18062077098,34415.484880452634
2027-12-19,31545.64431140144,28943.648762081066,34252.83103305572
2027-12-20,31828.85793081382,29320.78784524554,34576.222474412956
2027-12-21,31839.267302587356,29285.716507405672,34551.201947593305
2027-12-22,31836.76603701287,29276.451479432857,34458.126905618876
2027-12-23,31854.685932801294,29268.344582638445,34462.126562417594
2027-12-24,31853.239863734416,29325.136661633238,34576.0411950541
2027-12-25,31966.30067675896,29382.80598769131,34752.16121579105
2027-12-26,31596.003467749426,28969.1775872311,34139.81682322241
2027-12-27,31882.239643253895,29166.47236561608,34518.200079633636
2027-12-28,31895.688105773646,29404.457073632708,34601.220896024526
2027-12-29,31896.127540356287,29304.846446154956,34618.857182940104
2027-12-30,31916.776715600052,29316.3503086709,34530.666933510685
2027-12-31,31917.740611353143,29393.40479983698,34409.39851407148
2028-01-01,32032.79241779116,29321.85747415754,34582.91345784307
2028-01-02,31663.978685571878,28897.17456185489,34542.43257922947
2028-01-03,31951.11595525136,29378.21432804865,34743.34138933051
2028-01-04,31964.824131953952,29436.585722488166,34544.110590267264
2028-01-05,31964.840522219056,29370.891225276242,34642.21201206948
2028-01-06,31984.361397435612,29367.34694187814,34575.692891083956
2028-01-07,31983.48886115254,29466.12235722556,34758.83230782034
2028-01-08,32096.013044432704,29512.219431550144,34853.76145141498
2028-01-09,31724.01690356413,29072.64457687249,34556.225617757766
2028-01-10,32007.371958066175,29369.731242337235,34838.83355415098
2028-01-11,32016.770259642086,29335.297269719096,34733.90635457572
2028-01-12,32012.03654779785,29222.19570041514,34584.187187968
2028-01-13,32026.46750839912,29438.103397146962,34744.94143740961
2028-01-14,32020.275975801567,29245.416705680153,34730.96024266089
2028-01-15,32127.370175940567,29506.796995457476,34734.96404014136
2028-01-16,31749.95536552657,29052.74432916927,34440.3089353481
2028-01-17,32028.026291628583,29338.92488990443,34776.14937853814
2028-01-18,32032.395851716323,29228.311958784834,34714.483489230464
2028-01-19,32023.003999823213,29275.604662553935,34714.2627420132
2028-01-20,32033.25390317343,29276.448158328727,34798.80049288835
2028-01-21,32023.453273732262,29349.840265665847,34804.322978825774
2028-01-22,32127.59104919166,29414.69014138801,34832.77896159793
2028-01-23,31747.9368471028,29035.622948274344,34644.31542817575
2028-01-24,32024.531674455513,29206.965015224567,34676.38734469802
2028-01-25,32028.215318726696,29315.175489261324,34887.24112746397
2028-01-26,32018.934498853687,29224.533078215147,34897.69094337373
2028-01-27,32030.07879922643,29351.02789762573,34636.88304414344
2028-01-28,32021.92231535618,29407.75881103442,34873.90752299214
2028-01-29,32128.401175589097,29342.39103835611,35069.70692421599
2028-01-30,31751.714338223792,28877.104384544742,34477.925525954604
2028-01-31,32031.816108658157,29403.787500085564,34906.1163205772
2028-02-01,32039.44575274651,29247.31288835999,34920.485001314155
2028-02-02,32034.438224162946,29333.979231902234,34783.31731493509
2028-02-03,32050.062959165232,29332.672233392426,34883.226475428106
2028-02-04,32046.46859073191,29195.17452188397,34942.18035308059
2028-02-05,32157.46366475195,29378.63376477861,35235.94645730471
2028-02-06,31785.120673299316,28943.838381294994,34721.34585698463
2028-02-07,32069.271764991492,29314.599071199376,35159.14768332042
2028-02-08,32080.541425831707,29416.699027711173,34961.05703053734
2028-02-09,32078.660069776066,29293.572968275043,34935.54730663805
2028-02-10,32096.80542009242,29233.2873015904,34832.59609815647
2028-02-11,32095.049469225345,29119.510243165187,35080.541095883826
2028-02-12,32207.141045357235,29409.448305734375,35249.31400555912
2028-02-13,31835.111257339693,28934.972114977925,34818.0828997902
2028-02-14,32118.770146674146,29245.03900812185,35082.015749123406
2028-02-15,32128.73982149472,29213.86926413661,35015.78607011872
2028-02-16,32124.768006410883,29315.574575117167,35094.92687569718
2028-02-17,32140.068896949924,29227.532237129224,34869.58131113675
2028-02-18,32134.769126657655,29294.956635501112,34924.192603516414
2028-02-19,32242.688907306936,29416.938170133566,34956.64667339314
2028-02-20,31865.945656901375,28898.029183840306,34855.959268493534
2028-02-21,32144.448496747886,29205.182489055514,35092.20035155389
2028-02-22,32148.928952938295,29290.26713311786,34999.7074622954
2028-02-23,32139.251862673984,29298.69325226619,35028.48886849304
2028-02-24,32148.75344488107,29253.18398377118,35043.37832564602
2028-02-25,32137.684416130705,29248.563909740507,35137.426712542365
2028-02-26,32239.988285366846,29267.1101062766,35172.603230812296
2028-02-27,31857.902213443816,28930.64905685396,34827.5117273301
2028-02-28,32131.448886275914,29309.353667782627,35151.91436976465
2028-02-29,32131.46479907905,28996.470973842686,35081.923727389934
2028-03-01,32117.909007128797,29176.769144313243,35138.59043182502
2028-03-02,32124.19934925484,29257.96460682625,34917.92609356809
2028-03-03,32110.654062287616,29421.106603158845,35172.51758158773
2028-03-04,32211.268947038458,29281.83118942593,35231.419224297446
2028-03-05,31828.317488211556,28967.148526054236,34758.7808411075
2028-03-06,32101.842382567116,29136.240565792672,35124.09492494665
2028-03-07,32102.68386769627,29059.78712721175,35241.22695032524
2028-03-08,32090.788891530632,29166.30929375553,35087.31244207009
2028-03-09,32099.548103944675,29078.149358143397,35129.956084819634
2028-03-10,32089.238555416327,29233.02605534776,35170.159646372085
2028-03-11,32193.80222279807,29246.823536028154,35153.1947887519
2028-03-12,31815.447718110012,28876.516256474373,34806.64814995137
2028-03-13,32094.143583989233,29095.362400719503,35091.678102249185
2028-03-14,32100.648514603938,29127.001564976465,35147.24907658411
2028-03-15,32094.822487552683,29184.928907568246,35018.27654377381
2028-03-16,32109.965734049423,29106.249827520816,35119.46696646134
2028-03-17,32106.26338038704,29127.217538454013,35248.80218728171
2028-03-18,32217.565832233173,29064.14721150164,35237.22707237254
2028-03-19,31845.992214148508,28765.593502419415,34916.719368613994
2028-03-20,32131.425230232264,29071.83960195906,35173.63414783031
2028-03-21,32144.54275393557,29235.797835068475,35295.62276417559
2028-03-22,32145.13010923406,29126.036600239928,35432.15483908209
2028-03-23,32166.419955026464,29032.285945373416,35194.60250821333
2028-03-24,32168.53759834665,29232.17356523287,35258.77868090096
2028-03-25,32285.281808467666,29244.982048631795,35378.26666776864
2028-03-26,31918.728452292395,28879.022813981195,35083.22622420124
2028-03-27,32208.725331920203,29165.644347354013,35266.165616540915
2028-03-28,32225.923553501594,29141.947692461345,35256.367643027574
2028-03-29,32230.089415789655,29139.083669562882,35435.10584476571
2028-03-30,32254.443760480957,29158.87478999871,35396.59352007995
2028-03-31,32259.106642941413,29190.721006434138,35267.187200248016
2028-04-01,32377.87742991815,29454.432439149616,35627.41117401734
2028-04-02,32012.83767934251,28838.4556063044,35176.17509324756
2028-04-03,32303.845216805865,29123.96269295228,35403.23389682415
2028-04-04,32321.564769221666,29124.29657388063,35424.557649664166
2028-04-05,32325.779172191276,29223.105755037548,35620.066425053126
2028-04-06,32349.728116995753,29285.301189932226,35567.705090878815
2028-04-07,32353.552314606022,29282.82646608035,35512.23928020632
2028-04-08,32471.073196520454,29391.686834556866,35666.15741502803
2028-04-09,32104.39551484328,29051.25527691515,35421.404493767615
2028-04-10,32393.401257344085,29462.342258988483,35610.87971388529
2028-04-11,32408.78023332293,29473.227339351357,35600.80849227337
2028-04-12,32410.341336383128,29326.960264926787,35688.751116500425
2028-04-13,32431.35143455618,29333.39282707853,35784.2768979145
2028-04-14,32431.979745282166,29221.53400094037,35698.46254331742
2028-04-15,32546.077791675907,29409.245910813646,35620.49073343622
2028-04-16,32175.78227654125,29024.328661936604,35421.92229253102
2028-04-17,32461.009262603344,29178.146898887426,35673.70102523712
2028-04-18,32472.48498714662,29369.632037646843,35807.54269057944
2028-04-19,32470.057290525372,29415.598853976553,35829.01734366029
2028-04-20,32487.034584301902,29190.821708196512,35673.085563802466
2028-04-21,32483.63019504331,29246.943865670506,35786.89390481022
2028-04-22,32593.74216270821,29565.453793311495,36211.23689829117
2028-04-23,32219.555817571898,29164.37611926464,35396.51808766449
2028-04-24,32501.03751715804,29290.840225262666,35917.956441877264
2028-04-25,32508.964870380853,29453.691969088464,35973.60558638488
2028-04-26,32503.237433650225,29177.415086263394,35830.488859465164
2028-04-27,32517.214816305634,29320.50123054502,35749.713777529454
2028-04-28,32511.16004902542,29260.463688582502,35851.42076927172
2028-04-29,32619.01831749114,29536.558196421403,36072.27509585932
2028-04-30,32243.0184136132,28881.87519234629,35562.56697991225
2028-05-01,32523.165318281306,29438.30753568234,35870.89013853657
2028-05-02,32530.269278640688,29204.46896763934,35920.13263497559
2028-05-03,32524.255402421633,29183.23194926061,35853.89415254576
2028-05-04,32538.50074530084,29221.582767573178,35957.96759921192
2028-05-05,32533.276783139314,29264.1596926153,35848.12694744181
2028-05-06,32642.527407749752,29174.89622805604,36075.91580011988
2028-05-07,32268.46983177507,28867.746118364394,35543.340183260545
2028-05-08,32551.086845710546,29288.757191620953,36078.13515578144
2028-05-09,32561.15581358105,29230.163427113697,35950.17559540424
2028-05-10,32558.558447033993,29171.67090532882,35833.06243736677
2028-05-11,32576.618343849103,29271.575971840615,35860.106851126075
2028-05-12,32575.544184914692,29274.32438068836,36001.60261086776
2028-05-13,32689.208722463078,29361.46112502848,35997.39828348591
2028-05-14,32319.750931084734,29109.464479971397,35652.1596693691
2028-05-15,32607.069742317508,29228.81236034832,36022.679891494234
2028-05-16,32621.85471959425,29370.707041424124,36163.40548231421
2028-05-17,32623.897676416793,29240.673418592585,36077.26207454395
2028-05-18,32646.432180851316,29146.164605704325,36076.36021778629
2028-05-19,32649.57879243494,29430.540973994273,36137.13028183509
2028-05-20,32767.126112616006,29430.85923950873,36183.67569233038
2028-05-21,32401.134966198162,29174.552018122846,35860.26056471352
2028-05-22,32691.434079837083,29355.027954070458,35977.24646188074
2028-05-23,32708.652560279843,29446.091507903202,36217.87778028535
2028-05-24,32712.533123629455,29353.884925133923,36258.36106220554
2028-05-25,32736.272970958653,29336.580786027982,36271.69495572405
2028-05-26,32739.97011405673,29444.353150800023,36179.85980933617
2028-05-27,32857.40519682051,29420.14329991169,36317.10402505594
2028-05-28,32490.646102045128,29080.819385119157,35941.0768526404
2028-05-29,32779.54369083675,29241.28348312824,36212.52883553978
2028-05-30,32794.763968029445,29465.10203284751,36365.589518989036
2028-05-31,32796.10062562317,29394.392875523412,36259.63669431776
2028-06-01,32816.81487046228,29401.342879677068,36359.652260786446
2028-06-02,32817.08036091049,29499.787669338944,36285.31826376543
2028-06-03,32930.763328584,29606.32879634081,36444.42627875661
2028-06-04,32560.02521445505,29059.07557323467,36143.813501822915
2028-06-05,32844.81621394213,29484.478290389925,36411.65761296081
2028-06-06,32855.905078628224,29307.222439704583,36402.43998347546
2028-06-07,32853.189186095435,29476.461656397983,36525.07956211341
2028-06-08,32870.03184738749,29517.162411249356,36419.9346956482
2028-06-09,32866.7047420491,29434.45419957793,36538.902473237955
2028-06-10,32977.16562233704,29488.115630779204,36554.1585472012
2028-06-11,32603.658679695753,29029.298088723,36151.66590745489
2028-06-12,32886.206028656154,29442.268984533574,36671.234270081455
2028-06-13,32895.635711090734,29581.67933035238,36535.61617383544
2028-06-14,32891.89028098719,29324.477727128775,36546.042433385366
2028-06-15,32908.362979784906,29379.973066197508,36604.45887123577
2028-06-16,32905.33942351168,29291.362221432682,36518.103450855626
2028-06-17,33016.77496429497,29582.247193470885,36763.72053818519
2028-06-18,32644.89512955368,29092.0353244201,36255.130883172125
2028-06-19,32929.687592917355,29449.631128806705,36485.826407200984
2028-06-20,32941.931067511345,29418.19288310216,36449.516916010056
2028-06-21,32941.50515849977,29550.21079251667,36550.53229428954
2028-06-22,32961.7281513172,29353.578783290435,36476.986420469555
2028-06-23,32962.80061371502,29384.706075907285,36681.32967516068
2028-06-24,33078.584922885915,29491.57442888485,36572.19642214833
2028-06-25,32711.20806273024,29236.404395518526,36351.43219792545
2028-06-26,33000.55608184494,29402.488384632583,36597.817621738155
2028-06-27,33017.30553596608,29453.885644466434,36693.739299172696
2028-06-28,33021.23588318047,29426.743659321106,36651.74829408775
2028-06-29,33045.56974013461,29481.50737746144,36622.36222496896
2028-06-30,33050.418811409996,29491.08240328948,36813.079241496416
2028-07-01,33169.56554144568,29456.860034691217,36978.390214859355
2028-07-02,32805.06777805906,29280.14411261285,36430.29590769429
2028-07-03,33096.75478958404,29537.25722197158,36837.2546002294
2028-07-04,33115.2599195364,29716.914717804157,36782.542475790375
2028-07-05,33120.333817296356,29449.929798160018,36782.49960602977
2028-07-06,33145.18513387358,29513.379103652056,36957.23001858263
2028-07-07,33149.92648710915,29505.551579711406,36872.266002770055
2028-07-08,33268.355749259914,29529.41997292363,37110.457080024134
2028-07-09,32902.55996099109,29279.266868807495,36631.195134168396
2028-07-10,33192.41023955175,29596.7792376372,36782.02824612818
2028-07-11,33208.593000949906,29548.17015920291,36882.96261441098
2028-07-12,33210.92147945981,29476.37388740456,36988.20523761331
2028-07-13,33232.6744861212,29632.36459921627,36965.67963638422
2028-07-14,33234.04026917959,29524.549751218605,36950.67830655841
2028-07-15,33348.89559252636,29897.664967995413,37239.65663305105
2028-07-16,32979.40740163763,29255.699033403253,36694.18707158935
2028-07-17,33265.525510950094,29594.123002498538,37052.648135610405
2028-07-18,33278.01169721647,29617.285997800907,37050.186376361795
2028-07-19,33276.74924366575,29649.199109826164,37234.58659230333
2028-07-20,33295.07993293876,29747.425357535896,36956.21273686144
2028-07-21,33293.24640146054,29599.83035311108,37152.635398517246
2028-07-22,33405.17001264,29759.15795679328,37220.3594009044
2028-07-23,33033.051650470974,29248.968102287883,36797.62091252293
2028-07-24,33316.86388910851,29538.63444373635,37180.72272639973
2028-07-25,33327.37993368978,29697.88864120424,37092.27281000984
2028-07-26,33324.48337665976,29585.035232782775,37114.25583274847
2028-07-27,33341.50575587714,29674.435358077386,37179.354654329356
2028-07-28,33338.66980455023,29556.47612146101,37210.87875275771
2028-07-29,33449.86851775591,29815.01507399084,37395.77102227456
2028-07-30,33077.267395341354,29392.08572062534,36974.41081809864
2028-07-31,33360.79826720361,29478.059115730317,37117.423729378905
2028-08-01,33371.190040366884,29637.31673851987,37169.968687651606
2028-08-02,33368.28035171224,29703.960145659916,37374.74238595269
2028-08-03,33385.35504950808,29531.132739318637,37142.78549275294
2028-08-04,33382.59332992114,29522.814667656723,37376.05689562367
2028-08-05,33493.848590631125,29785.185009327175,37337.136789734606
2028-08-06,33121.25230180566,29383.15461708947,36895.68289127978
2028-08-07,33404.70924600349,29826.04326709418,37282.961150282856
2028-08-08,33414.929418589905,29681.89945962418,37364.62675320894
2028-08-09,33411.74053301318,29477.858720927874,37231.43016921823
2028-08-10,33428.42802396556,29535.726842213528,37504.82984610081
2028-08-11,33425.18035504787,29505.43807469173,37413.53627065795
2028-08-12,33535.86968447833,29458.889513269205,37437.82169910131
2028-08-13,33162.65519214934,29388.184183897545,37146.0591417703
2028-08-14,33445.47743389266,29645.07261896069,37268.7377736146
2028-08-15,33455.08904005077,29780.32002152069,37329.54724514946
2028-08-16,33451.3657384489,29545.558568213215,37419.06313153985
2028-08-17,33467.64463997613,29479.54558851151,37483.66258498079
2028-08-18,33464.16764646295,29709.374106943607,37491.166593924936
2028-08-19,33574.86009406804,29809.605076851094,37692.348112431646
2028-08-20,33201.93199964183,29327.603072656955,36919.53965483409
2028-08-21,33485.370342962466,29740.97160660116,37221.89557335467
2028-08-22,33495.96776956441,29658.369926821648,37447.372552514236
2028-08-23,33493.63176058999,29664.38692044895,37426.01310366231
2028-08-24,33511.72127072092,29662.08214346857,37504.83628247825
2028-08-25,33510.48875139395,29542.72484604803,37511.23854130983
2028-08-26,33623.85772277613,29694.30933559002,37778.07278086014
2028-08-27,33254.02330346833,29360.83046618444,37318.67135875962
2028-08-28,33540.94416209078,29670.215497008183,37551.147051720196
2028-08-29,33555.371295519646,29528.800750049457,37572.31921358174
2028-08-30,33557.15768819783,29558.32235592894,37624.807070623494
2028-08-31,33579.59584915266,29633.6002762326,37507.59104299129
2028-09-01,33582.86112711425,29691.96033427803,37548.146095712094
2028-09-02,33700.79093821273,29756.8737429975,37860.074390853064
2028-09-03,33335.487274897285,29543.89595020365,37452.249957518994
2028-09-04,33626.81090948703,29661.65006866396,37690.086697688974
2028-09-05,33645.412637417605,29582.86044015194,37870.867236109996
2028-09-06,33651.045547538095,29651.8669822379,37722.01644218271
2028-09-07,33676.90524359636,29678.965546165065,37784.86471664201
2028-09-08,33683.07584129953,29808.410191805415,37793.06311829416
2028-09-09,33803.31179834327,29953.38116566891,37999.19438348502
2028-09-10,33439.64286980126,29675.592869494743,37464.61074550516
2028-09-11,33731.87052944631,29636.0240297532,37621.42012429424
2028-09-12,33750.601134539495,29787.921276690424,37878.93184164472
2028-09-13,33755.5597613368,29783.81845915264,37928.242005487584
2028-09-14,33779.93158468569,29580.421670955955,38190.188156390504
2028-09-15,33783.80858613484,29651.445368933244,38009.61426702628
2028-09-16,33900.971620068194,29966.887398380975,38001.06013581979
2028-09-17,33533.495115570746,29546.496026578854,37698.196170302144
2028-09-18,33821.2427534182,29616.510017754033,37984.691723341544
2028-09-19,33834.89940846086,29705.233226598466,38134.874862929966
2028-09-20,33834.28331102682,29720.70794897454,37940.97326286433
2028-09-21,33852.68534004505,29744.292056658873,38126.07027489183
2028-09-22,33850.31328371683,29749.587562090084,38046.645516105615
2028-09-23,33961.07115939341,29724.63834572505,38113.12561418717
2028-09-24,33587.16094146941,29540.67255520214,37739.00143229846
2028-09-25,33868.57511501003,29769.013156165616,38113.362284396535
2028-09-26,33876.12542862035,29773.073240271162,38044.7293960807
2028-09-27,33869.75188610811,29749.247863729765,38026.68568621001
2028-09-28,33882.85897584449,29840.26746553444,38073.86129146108
2028-09-29,33875.75705771065,29584.060285775533,38184.9578466087
2028-09-30,33982.43907878893,29893.857188120663,38143.56799136891
2028-10-01,33605.18003932177,29466.56597032475,37903.58895685874
2028-10-02,33884.027690463154,29649.867353834976,38222.07099140117
2028-10-03,33889.82989037974,30038.104734017797,37997.101901630296
2028-10-04,33882.542698999816,29567.260790047363,38076.18946121617
2028-10-05,33895.56623749409,29724.797913041537,38178.53400199149
2028-10-06,33889.18624519453,29724.362959525235,38077.751685950345
2028-10-07,33997.35150303668,29762.20911637291,38162.43490024206
2028-10-08,33622.274528199,29527.13015600382,38045.65225569374
2028-10-09,33903.923990017356,29912.267800705016,38129.57099747711
2028-10-10,33913.05422871948,29758.00135404166,38188.51638307255
2028-10-11,33909.51589968321,29778.09007441449,38173.812397432754
2028-10-12,33926.59470083741,29705.569646913475,38235.67328880985
2028-10-13,33924.45603830013,29792.03379599764,38241.83373805795
2028-10-14,34036.92571488446,29846.39580592105,38432.9296741283
2028-10-15,33666.093956925724,29516.488828241614,37940.02969809289
2028-10-16,33951.81113830659,29910.46762763264,38484.71132753619
2028-10-17,33964.720492290726,29690.5903337092,38271.713247799
2028-10-18,33964.571745982095,29699.04434615317,38378.443640219055
2028-10-19,33984.56255245757,29625.130400582668,38333.964555650084
2028-10-20,33984.785500950245,29501.771753113655,38403.66983030655
2028-10-21,34099.010724700194,29989.333941357385,38488.63864723302
2028-10-22,33729.291368758684,29442.492767033535,38065.22981020742
2028-10-23,34015.46023654178,29843.084848220726,38328.433441088404
2028-10-24,34028.162880135416,29799.85919728088,38246.68902440923
2028-10-25,34027.17105857484,29872.60348247429,38343.23381508998
2028-10-26,34045.723444111885,29762.616637484432,38479.65807093316
2028-10-27,34043.97137703224,29934.40552949778,38539.475345156745
2028-10-28,34155.75972372774,29789.11717419547,38678.39134714558
2028-10-29,33783.230149175426,29451.894188094986,38082.793958736074
2028-10-30,34066.31518400441,29750.203827266218,38418.5227237251
2028-10-31,34075.76842331726,29753.466024083224,38543.58231424434
2028-11-01,34071.4748624679,29696.047525114944,38380.32237269489
2028-11-02,34086.78833724385,29786.357795799682,38425.779551055566
2028-11-03,34081.97396058647,29858.892094332055,38367.50962097866
2028-11-04,34190.985703611994,30114.817241130964,38655.98104196358
2028-11-05,33816.0665239861,29479.793995836724,38230.29768635583
2028-11-06,34097.23951013585,29741.18466120286,38419.32032907309
2028-11-07,34105.335460503375,29690.005693681946,38556.01212440368
2028-11-08,34100.30097663918,29656.965814517418,38517.86584487895
2028-11-09,34115.53410060291,29702.677957390373,38697.38909292124
2028-11-10,34111.325439511835,29546.696193605356,38529.54714775095
2028-11-11,34221.634961831456,29814.432571979214,38804.57547146105
2028-11-12,33848.69189063735,29377.728498748605,38249.360315098376
2028-11-13,34132.48616887897,29877.22946219632,38695.80878626004
2028-11-14,34143.796906889096,29656.843072891646,38728.02855280332
2028-11-15,34142.50186651818,29890.313507353443,38610.6929806848
2028-11-16,34161.91497325277,29536.283131543692,38713.02161070835
2028-11-17,34162.22974640273,29464.853621625603,38741.83248654986
2028-11-18,34277.29876716319,29893.57023302042,38964.48802628696
2028-11-19,33909.236534545016,29462.443674544684,38395.02095352966
2028-11-20,34197.91410093638,29815.507409560163,38767.54208408225
2028-11-21,34213.990808298084,29784.858769980317,38769.04373116506
2028-11-22,34217.22708691955,29871.897272641923,38691.16919358682
2028-11-23,34240.82521484218,29745.27414566682,38851.35610536747
2028-11-24,34244.87583676159,29768.965579709227,38790.5128296837
2028-11-25,34363.140275357255,29771.299253300742,38991.192322498115
2028-11-26,33997.65590519054,29420.781988273968,38589.43176087394
2028-11-27,34288.23291019825,29601.502211524177,38805.6714777308
2028-11-28,34305.48768628103,29923.53446962103,38868.75778868407
2028-11-29,34309.15680419726,29836.74241130784,38990.96469883086
2028-11-30,34332.43839837098,29777.60852816834,38936.56676858684
2028-12-01,34335.43876295392,29734.678683108672,39028.81518102105
2028-12-02,34451.95418619135,30212.130888143205,39179.7791649428
2028-12-03,34084.07530696071,29688.676170041646,38623.6720754921
2028-12-04,34371.68234339015,29711.77742631764,39001.44086851917
2028-12-05,34385.476498375676,29792.052415395985,39023.65213428334
2028-12-06,34385.29151366413,29929.669027884203,39064.71098573694
2028-12-07,34404.43230612301,29822.657449738224,39080.53527972247
2028-12-08,34403.11854517702,29894.255175646882,39194.62279435239
2028-12-09,34515.26328758251,29732.94435441903,39220.47412023789
2028-12-10,34143.0740435004,29703.961530078635,38963.90984960511
2028-12-11,34426.54471643811,29712.179468985305,39189.551825791736
2028-12-12,34436.48381438136,29828.02742022241,39191.49622646283
2028-12-13,34432.82299359706,29952.373233610368,39095.608121477424
2028-12-14,34448.95295325485,29840.693593533044,39037.81285572788
2028-12-15,34445.164616851005,29900.775075278103,39085.8980196034
2028-12-16,34555.42578372127,29960.161731219556,39261.23053620652
2028-12-17,34181.98068016503,29503.37911393729,38691.968464651516
2028-12-18,34464.840895063644,29695.873153264376,39131.59324539212
2028-12-19,34474.81312525147,29867.49132397117,39143.42113596668
2028-12-20,34471.80780491399,29804.280051610163,39194.431524212945
2028-12-21,34489.175634533545,29824.088124789145,39198.52079622235
2028-12-22,34487.149927199964,29894.234342467058,39406.806982409
2028-12-23,34599.624922705974,29825.437446729095,39242.52591749383
2028-12-24,34228.757452032194,29630.736208768605,39079.74933029788
2028-12-25,34514.460377666706,29859.455243885244,39368.66611662584
2028-12-26,34527.433164658054,29820.972264519256,39360.814117132926
2028-12-27,34527.47357737013,29837.73793001502,39330.483519366106
2028-12-28,34547.817431487354,29853.117594403713,39215.41527590756
2028-12-29,34548.58422885975,29968.35878726307,39387.77589406895
2028-12-30,34663.55873359294,30042.36169852707,39431.53695241699
2028-12-31,34294.79578084905,29399.394595999427,39014.18592500308
2029-01-01,34582.11665602106,29762.830497726085,39393.19076255538
2029-01-02,34596.14231719396,29817.187914147282,39455.60296336924
2029-01-03,34596.60738203274,29995.968658574824,39379.661695033465
2029-01-04,34616.70174487905,29863.656013414646,39420.226758124554
2029-01-05,34616.5175998238,29981.535533688046,39275.33742429676
2029-01-06,34729.831889608475,29893.5423992898,39638.52922420639
2029-01-07,34358.71144764949,29559.7986752942,39342.82570290447
2029-01-08,34643.009161604605,29771.89679308387,39349.42759497266
2029-01-09,34653.39643744682,29876.98747658653,39467.53245298472
2029-01-10,34649.6759060905,29760.24862528985,39615.85624468912
2029-01-11,34665.12127378868,29842.7892206266,39362.26126924463
2029-01-12,34659.9221406909,29862.94719101727,39500.46169508088
2029-01-13,34767.96386816155,29877.2033188609,39629.04152565471
2029-01-14,34391.42983296573,29798.528688922193,39212.2506386651
2029-01-15,34670.29447597871,30055.210997515227,39472.30795155066
2029-01-16,34675.35250949753,30092.659866324753,39640.82808328072
2029-01-17,34666.52831414469,29742.827151714046,39431.69864855945
2029-01-18,34677.212516543485,29971.774513309054,39638.42354012807
2029-01-19,34667.70366103365,29949.07312388161,39567.64024166572
2029-01-20,34771.98514101382,29911.336705718128,39562.79581453358
2029-01-21,34392.32480712406,29543.91429680384,39322.54513085644
2029-01-22,34668.765730750776,29902.219220216288,39713.08198143817
2029-01-23,34672.15354776871,29951.593649857026,39610.86132067431
2029-01-24,34662.4444625781,29830.848971753923,39652.690023750874
2029-01-25,34673.04093984927,29883.064917304102,39734.863189628064
2029-01-26,34664.233019472915,29746.576397157627,39723.99224376083
2029-01-27,34769.97542823925,29927.278472579583,39651.379609707896
2029-01-28,34392.487898841835,29566.26220951224,39376.120955920116
2029-01-29,34671.747153812285,29656.40365171759,39705.278680729694
2029-01-30,34678.51594491758,29844.168057849267,39563.10614399256
2029-01-31,34672.65318111411,29729.676858994222,39675.17638861399
2029-02-01,34687.45211436194,29644.426403473903,39884.08867222211
2029-02-02,34683.08445121509,29958.296040252873,39808.12789054837
2029-02-03,34793.38048854871,29900.47833010186,39864.85612263543
2029-02-04,34420.43260335955,29555.079315503495,39566.28741983503
2029-02-05,34704.09047042275,29747.830917466676,39984.48702162837
2029-02-06,34714.993313491366,29709.088883045064,39858.142535087216
2029-02-07,34712.88313974218,29776.46282218048,39788.12878333006
2029-02-08,34730.9458469187,29830.109386799144,39790.72352244277
2029-02-09,34729.257997045286,29751.136252046792,39644.16215331801
2029-02-10,34841.56928859469,29944.415631072607,39763.6178686923
2029-02-11,34469.908000042116,29536.476508593732,39605.48795925093
2029-02-12,34754.07773226517,29953.835289443694,39586.16157990107
2029-02-13,34764.69072111955,29669.466444103386,39893.346550390925
2029-02-14,34761.48164815709,29731.016288718238,39770.82428243609
2029-02-15,34777.64883030803,29928.192943605238,39911.62258987574
2029-02-16,34773.3005867833,29898.652964043875,39926.762497184034
2029-02-17,34882.23683239146,29995.039917480928,39893.64495844472
2029-02-18,34506.55319948819,29382.861888541134,39608.95683957001
2029-02-19,34786.13605651006,29669.856035739445,39670.871096213436
2029-02-20,34791.693744753415,29883.78381978418,40142.58620739961
2029-02-21,34783.06801996317,29638.170302934257,40001.411959721925
2029-02-22,34793.57264473649,29679.669275466993,39872.24029526222
2029-02-23,34783.43699990983,29670.224906810883,39927.93601599239
2029-02-24,34886.58483663565,29835.691976127884,39980.15245214537
2029-02-25,34505.23554464241,29520.41548110318,39785.46021138848
2029-02-26,34779.39637654629,29889.4770478031,40114.92961081146
2029-02-27,34779.89101850338,29742.97081511244,39908.47768447209
2029-02-28,34766.66855742406,29858.934819544822,39923.48159755428
2029-03-01,34773.13984767354,29799.151607519532,39887.04731175247
2029-03-02,34759.61919434241,29579.159310850235,39861.649190370146
2029-03-03,34860.101514492875,29782.61490684977,39995.006109822134
2029-03-04,34476.86238153864,29293.405946253613,39752.933819608945
2029-03-05,34749.94941170343,29726.587139047308,40052.93272967508
2029-03-06,34750.210391093155,29449.734699808538,39920.04085975843
2029-03-07,34737.60219111743,29624.42837044761,40022.15228457773
2029-03-08,34745.52746235767,29842.003807219855,39949.75683694094
2029-03-09,34734.277001408256,29467.769379990998,39988.25541262925
2029-03-10,34837.807920864885,29781.285056507022,40071.29769440643
2029-03-11,34458.34498873425,29338.66768074913,39759.49744463047
2029-03-12,34735.87355112217,29524.849801730412,39730.48209024483
2029-03-13,34741.16938692914,29642.49607930638,39960.44682109005
2029-03-14,34734.109489307375,29709.70930679723,40077.79636862664
2029-03-15,34748.01070945588,29485.549532525965,40071.52574309763
2029-03-16,34743.07410300387,29444.555792908213,40101.7144583641
2029-03-17,34853.16505642271,29762.604732670014,40184.05404856475
2029-03-18,34480.41651034315,29364.357729550204,39840.78443436669
2029-03-19,34764.7236486966,29748.82157462744,39943.3840257052
2029-03-20,34776.77536315799,29639.89944173675,40074.20097079513
2029-03-21,34776.366455052106,29628.924110491207,39977.23088910092
2029-03-22,34796.737485109974,29724.367185376155,40088.65767395197
2029-03-23,34798.02009381481,29496.404596064167,40110.41633053438
2029-03-24,34914.017860454725,29895.99134508777,40271.72503955288
2029-03-25,34546.81001625209,29367.643114469145,39895.05300645752
2029-03-26,34836.24638672274,29663.49040318746,40282.195973755726
2029-03-27,34852.978886023455,29633.945756440848,40165.32621008584
2029-03-28,34856.77354510028,29655.47777806441,40129.75449475621
2029-03-29,34880.850009030386,29692.639860996198,40424.10198177735
2029-03-30,34885.32635566912,29667.41253239025,40288.008588062
2029-03-31,35003.99933612468,29921.74068908734,40293.38786425894
2029-04-01,34638.94738670069,29518.202640691892,39996.24928675298
2029-04-02,34930.02482225131,29529.476862159183,40548.53099305438
2029-04-03,34947.89256775332,29961.98276148117,40275.133424977175
2029-04-04,34952.32944201082,29580.494047465134,40266.972924504706
2029-04-05,34976.57095789276,29669.073045493686,40425.53925721071
2029-04-06,34980.753516210054,29720.240760576755,40495.54475480045
2029-04-07,35098.69411383366,29820.518665001593,40511.556525490465
2029-04-08,34732.49293040503,29359.175056094184,40146.70572236875
2029-04-09,35022.02721230794,29607.271771186814,40465.312900998666
2029-04-10,35037.98181348468,29818.098777552925,40399.2064014812
2029-04-11,35040.16040367924,29723.845309828284,40613.56017471014
2029-04-12,35061.824299563385,29834.49491018765,40642.5111416994
2029-04-13,35063.13678150176,29782.845065656144,40689.478711847114
2029-04-14,35177.942997770406,29852.97472402222,40627.184371010335
2029-04-15,34808.372797917946,29558.389621873608,40189.8144573214
2029-04-16,35094.334888586534,29671.97512629453,40554.02468449785
2029-04-17,35106.54764426835,29593.45565084333,40605.44571264318
2029-04-18,35104.85055600011,29805.238674533168,40630.75009627306
2029-04-19,35122.543246370056,29664.54834558022,40831.382550085735
2029-04-20,35119.8298884066,29650.38905534703,40740.96473121104
2029-04-21,35230.59910771188,29775.643172167293,40833.53106349444
2029-04-22,34857.02669099984,29557.876093217008,40448.42394634883
2029-04-23,35139.06948050922,29737.83113397327,40668.12346668428
2029-04-24,35147.49577835342,29751.534359161327,40820.94159534861
2029-04-25,35142.19624125437,29733.834005522007,40721.779566366866
2029-04-26,35156.522197799684,29826.17228372712,40755.70945332761
2029-04-27,35150.72923576042,29917.289321701013,40924.866053062375
2029-04-28,35258.75615504226,29798.497266779457,40819.984587391045
2029-04-29,34882.82663136105,29626.183859685734,40506.05645581479
2029-04-30,35162.94199729313,29603.644696726384,40725.186417601835
2029-05-01,35169.91049632087,29776.85368266514,40732.76053337312
2029-05-02,35163.65702539747,29890.548534508605,40664.894403000115
2029-05-03,35177.56033553144,29750.361765871756,40650.59905590582
2029-05-04,35171.89557649237,29792.203518268412,40917.63785707127
2029-05-05,35280.61231961825,29808.15256515942,41076.89776376727
2029-05-06,34905.93544075166,29457.651956947928,40534.58239508523
2029-05-07,35187.857304154604,29786.908976861938,41028.011693499655
2029-05-08,35197.16663323277,29645.368892468647,40886.14659163045
2029-05-09,35193.75810858173,29831.103525804872,40871.62058480583
2029-05-10,35210.96968177282,29874.59953448152,40936.006219838964
2029-05-11,35209.02550284372,29650.15825905205,40852.75822126947
2029-05-12,35321.81459965803,29911.852365857852,41106.482952409184
2029-05-13,34951.492687400605,29543.37938101857,40662.26009621248
2029-05-14,35237.97553696285,29638.80772737058,40695.407365020874
2029-05-15,35251.96926788759,29812.019988826687,40926.700615639464
2029-05-16,35253.281578453054,29776.346704318017,41158.51469499101
2029-05-17,35275.16086614094,29697.922219826014,41109.44664493324
2029-05-18,35277.7410949484,29680.679057502395,41100.13013042962
2029-05-19,35394.82250092999,29788.931414847008,41106.72560901225
2029-05-20,35028.4754633114,29462.909649295678,40805.06816165833
2029-05-21,35318.53591639482,29865.645973461174,41056.90482704085
2029-05-22,35335.637613153915,29694.443542758923,41145.67839983152
2029-05-23,35339.52519873575,29882.683649385457,41106.79996534538
2029-05-24,35363.3949947142,29919.927430576634,41174.54488046417
2029-05-25,35367.341301721965,29792.342802126204,41133.9451604035
2029-05-26,35485.1382680226,30070.50148164104,41254.0582259537
2029-05-27,35118.844613970134,29722.99852110073,40992.361820994716
2029-05-28,35408.29955779151,29852.1126311955,41212.663342123924
2029-05-29,35424.15523246112,29866.972732012233,41478.610955732984
2029-05-30,35426.18954013615,29715.872891376534,41304.124355681604
2029-05-31,35447.64634321519,29923.370795771534,41358.13403350167
2029-06-01,35448.68080798638,29830.126089980302,41206.29506086123
2029-06-02,35563.13996690233,30020.73775937966,41496.939285271656
2029-06-03,35193.165817675384,29735.44216838849,41284.40051958351
2029-06-04,35478.689341953825,30124.650428193807,41229.64355516901
2029-06-05,35490.46077895125,29881.07376144744,41340.144194699475
2029-06-06,35488.360153128495,29903.654760452297,41469.55788096329
2029-06-07,35505.73501331829,29829.940329184905,41421.389151037736
2029-06-08,35502.843261726426,30178.045859908227,41379.78491111821
2029-06-09,35613.6312037864,29984.04561945732,41552.33922457072
2029-06-10,35240.334202598315,29732.46078354268,41063.33590778622
2029-06-11,35522.968385198365,29984.239509518375,41294.91672080623
2029-06-12,35532.35879745442,29675.974391571366,41441.08147842684
2029-06-13,35528.44806351424,29939.543850187743,41539.25116205104
2029-06-14,35544.63255761179,29646.79126869282,41392.91869875057
2029-06-15,35541.204009422625,30033.181573450962,41508.01009155602
2029-06-16,35652.12670755296,29999.758705120075,41564.591378082136
2029-06-17,35279.637708607916,29583.42673635707,41266.93536069353
2029-06-18,35563.738511973395,30115.231415556522,41449.73331231056
2029-06-19,35575.22359887879,29757.8579274925,41433.562665215686
2029-06-20,35573.98988212104,30078.732071431295,41494.049802636255
2029-06-21,35593.374053744315,29656.352428642273,41450.9128908023
2029-06-22,35593.59572066735,29816.034264251997,41508.62019654169
2029-06-23,35708.536452105785,30138.884962538585,41565.697153857465
2029-06-24,35340.342096796485,29699.80586854833,41174.69418508322
2029-06-25,35628.91677350131,30001.78906580975,41705.34423470992
2029-06-26,35644.95387107001,29984.295768304713,41672.59542035676
2029-06-27,35648.24803820285,30080.83037082873,41735.41284822084
2029-06-28,35672.03508184148,29910.997131151744,41627.826214061235
2029-06-29,35676.43759576651,30022.915921867443,41679.084021177
2029-06-30,35795.24637650607,29900.239447303557,41968.05926698997
2029-07-01,35430.524921478274,29737.871257219453,41502.570169155515
2029-07-02,35722.10535528151,29873.29647094175,41942.24802546198
2029-07-03,35740.62106975976,29966.11424906245,41867.649813466196
2029-07-04,35745.820015926234,29943.624166222897,41779.80871890593
2029-07-05,35770.9055342383,30194.116383675362,42034.37898531551
2029-07-06,35775.982522923834,29999.150715459346,41896.679453263176
2029-07-07,35894.83899073444,30104.7667190243,41999.424656226656
2029-07-08,35529.55028985326,29633.28007051155,41734.2380001156
2029-07-09,35819.97438692882,30115.62305269727,41955.74372091242
2029-07-10,35836.78348106294,30185.957492908023,41945.78454051676
2029-07-11,35839.77594024855,29884.10941909573,41995.459259792544
2029-07-12,35862.21548548992,30039.965087256343,41941.31842479403
2029-07-13,35864.27547308163,30069.986846880438,42172.710079031865
2029-07-14,35979.81837872825,30105.113232277574,42147.57675129858
2029-07-15,35610.99784130564,29853.01503454027,41836.00069300821
2029-07-16,35897.75168936916,30147.544815769852,42057.937912061585
2029-07-17,35910.83132536473,30003.26669702475,42210.415371517614
2029-07-18,35910.11150433654,30069.406411145424,42124.595930460426
2029-07-19,35928.92749880672,29942.653125371977,42260.54231790453
2029-07-20,35927.51755811991,30105.091975424824,42025.1266479157
2029-07-21,36039.80081738141,30215.714070075213,42306.65586547838
2029-07-22,35667.9780573866,29784.09631000243,41701.03490776082
2029-07-23,35952.02377311786,30056.263302886222,42043.44280574361
2029-07-24,35962.71495009251,29929.488583663344,42138.01213729267
2029-07-25,35959.940598805355,30106.47644070281,42032.62395810225
2029-07-26,35977.039041290125,30249.00748578826,42148.31961750761
2029-07-27,35974.24084907524,29821.100338091997,42203.77519489874
2029-07-28,36085.44756775982,30228.500670346188,42310.37731451496
2029-07-29,35712.83359942679,29725.783323389445,41989.35131636917
2029-07-30,35996.339660795675,30176.892491115457,42367.01918503646
2029-07-31,36006.703168687374,30132.174704743105,42162.43201699437
2029-08-01,36003.769548621465,30222.97203370166,42116.03941387429
2029-08-02,36020.831401072515,30010.33165843341,42412.39531884996
2029-08-03,36018.073362086136,29994.827584227773,42275.625032095646
2029-08-04,36129.35272961856,29962.288820483314,42615.59733503201
2029-08-05,35756.80316361799,29796.614922036035,41993.409823874434
2029-08-06,36040.329817362865,30078.37784787359,42303.22286894464
2029-08-07,36050.64119567701,30017.95810099622,42270.41361843118
2029-08-08,36047.56168623422,30424.359852125803,42408.682380961705
2029-08-09,36064.37165676889,30100.469694385738,42284.22775948395
2029-08-10,36061.25292232285,29881.284871010314,42265.84390502825
2029-08-11,36172.069631579725,30064.105842298835,42502.91406292837
2029-08-12,35798.971868997614,29746.218594207283,42316.66536390917
2029-08-13,36081.89033031568,30112.582676683756,42338.39506416299
2029-08-14,36091.56737860004,30125.393736857506,42318.673828508574
2029-08-15,36087.8684497867,30116.73201216626,42361.447781747156
2029-08-16,36104.12073382629,30047.473666334918,42521.55592345577
2029-08-17,36100.55697846038,29977.62495257773,42636.98467006879
2029-08-18,36211.094515970864,30287.237548464454,42533.59471751043
2029-08-19,35837.936867745615,29536.890043225885,42274.51276030136
2029-08-20,36121.06634747585,30025.74938467997,42564.61431221811
2029-08-21,36131.27303665686,30121.04858432548,42711.45885743348
2029-08-22,36128.464169016836,30216.19254888962,42442.004698756384
2029-08-23,36146.00091681508,30347.82314928466,42675.406137105536
2029-08-24,36144.14048997308,30039.58379065259,42484.634429680606
2029-08-25,36256.81370738992,30118.642057139197,42775.42449129382
2029-08-26,35886.22544752069,29750.50363158122,42259.49502348401
2029-08-27,36172.34644288014,30004.615765528495,42655.85921956015
2029-08-28,36185.94182605713,30268.239575878993,42437.7928612383
2029-08-29,36186.88048680719,29874.20666044758,42519.27780342966
2029-08-30,36208.472244214776,30115.98690819297,42650.988076998874
2029-08-31,36210.91074361526,30283.262009847047,42621.48495596651
2029-09-01,36328.05222384073,30429.003863650905,42939.72421945239
2029-09-02,35962.017535941435,29954.584132186323,42423.022203414585
2029-09-03,36252.68584038219,29982.652876315475,42788.9323186243
2029-09-04,36270.72534212217,30097.550270999214,42774.743921765774
2029-09-05,36275.90506547277,30097.789311043613,43000.98487159279
2029-09-06,36301.434607394476,30140.658989540087,42908.16696909609
2029-09-07,36307.40970750693,29983.1644850267,42802.37285646223
2029-09-08,36427.59370516856,30229.950511539533,42846.299509412835
2029-09-09,36064.02218761751,29973.678944863415,42564.96269851398
2029-09-10,36356.49917962896,30115.02988489654,43129.928301951884
2029-09-11,36375.63016010037,30059.4890052491,42964.74687700423
2029-09-12,36381.13583847551,30150.81577924812,42959.112584054536
2029-09-13,36406.19356747296,30334.677016659727,42900.701767191866
2029-09-14,36410.884177201144,30352.188855180808,43031.711354561434
2029-09-15,36528.974258126065,30384.17697308847,43233.7079974867
2029-09-16,36162.52116597848,29984.981603839744,42565.04818744581
2029-09-17,36451.369080936485,30328.77686254669,42816.02424617033
2029-09-18,36466.18140192477,30101.163616364043,43138.12461660416
2029-09-19,36466.75341820624,30313.704391938612,43201.145328152146
2029-09-20,36486.35215774399,30101.207068780255,42953.15306005123
2029-09-21,36485.161233552724,30312.907104886846,43076.56752408214
2029-09-22,36597.06076404919,30278.17819743293,43392.7172461694
2029-09-23,36224.22970006266,30016.626787376223,42835.59941094435
2029-09-24,36506.63895986338,30456.739194921593,43118.83856054655
2029-09-25,36515.08072981114,30145.351943137288,43173.60403229427
2029-09-26,36509.47795497305,30360.42924965217,43134.21336370666
2029-09-27,36523.22100468847,30210.354865719153,43247.093302411544
2029-09-28,36516.60942065915,30269.339503296804,43183.07572706144
2029-09-29,36623.62890840255,30435.761880504826,43478.52401975087
2029-09-30,36246.550985550784,29697.41999755165,43021.868728438145
2029-10-01,36525.42376304321,30329.582979079132,43101.8409790616
2029-10-02,36531.09928294152,30366.39496607776,43318.883292626466
2029-10-03,36523.54149319017,29970.565890711146,43247.843666736604
2029-10-04,36536.16188820461,30251.82365392513,43127.787117571585
2029-10-05,36529.26075355509,30110.188716343644,43348.77572012606
2029-10-06,36636.804192017786,30029.41583871343,43279.822584058726
2029-10-07,36261.024346217215,29944.51668289827,42899.1090774509
2029-10-08,36541.91128062793,30073.85279920187,43449.48053595972
2029-10-09,36550.24191890754,30314.228709182156,43315.58011873877
2029-10-10,36545.890075093776,30118.9287710753,43270.628792922435
2029-10-11,36562.16455301522,30220.32638813891,43256.79811386703
2029-10-12,36559.25318623032,30017.659759374186,43146.67355020216
2029-10-13,36671.00292031233,29979.005531138504,43553.92531055298
2029-10-14,36299.523269664685,29706.35975642726,43093.471624263664
2029-10-15,36584.68152345995,30092.247570737454,43369.838793145114
2029-10-16,36597.13500567303,30068.180453654404,43346.590012779765
2029-10-17,36596.6443365411,30448.97631374017,43556.56430240226
2029-10-18,36616.41458087471,30505.802275868376,43154.725100095544
2029-10-19,36616.54207146734,30234.768306681566,43370.22553958615
2029-10-20,36730.79693246129,30310.961132629473,43615.776429518475
2029-10-21,36361.228567289654,29973.92822918883,43339.68645381949
2029-10-22,36647.66242947615,30242.18355310881,43486.69097764416
2029-10-23,36660.733337793026,30104.32810506884,43684.734030181025
2029-10-24,36660.19925379363,30216.146099944894,43583.55718635643
2029-10-25,36679.28239275073,30144.323769168866,43670.20392302928
2029-10-26,36678.1154573162,30139.78631047481,43191.55851805322
2029-10-27,36790.52303517447,30260.631007776938,43486.213905858865
2029-10-28,36418.625456754125,29965.0711988734,43117.4469864963
2029-10-29,36702.333476788895,30093.316957869458,43624.72531795462
2029-10-30,36712.37909965541,30102.014964850317,43331.654244561025
2029-10-31,36708.62653613427,30063.62283754726,43579.51539942792
2029-11-01,36724.41024162345,30165.173476149106,43644.670079049225
2029-11-02,36719.977911127826,30063.39871417625,43333.77359684325
2029-11-03,36829.268563130856,30088.3524077723,43774.52060805494
2029-11-04,36454.51310126339,29916.298536674385,43415.87082023029
2029-11-05,36735.725810073345,29928.563874983844,43546.619881676146
2029-11-06,36743.73219422457,30313.409354269603,43619.379798077425
2029-11-07,36738.47723259032,30384.205049453954,43655.97511543193
2029-11-08,36753.3610732048,30364.286632218915,43770.86784061098
2029-11-09,36748.68011025906,30467.697630018567,43774.68907206368
2029-11-10,36858.403629092965,30063.621994424484,43818.111095109045
2029-11-11,36484.77344864155,29735.203294104216,43455.63019882577
2029-11-12,36767.7950434425,30117.980270001088,43632.46905511577
2029-11-13,36778.265565075555,29977.482454170608,43628.789643501674
2029-11-14,36776.08282941576,30186.972846753695,43830.79345964862
2029-11-15,36794.58227503796,30267.17055360623,43764.508314092825
2029-11-16,36793.979798428896,30301.203127809906,43834.65588438119
2029-11-17,36908.15060254695,30286.868890695194,43990.30287803206
2029-11-18,36539.231426163526,30001.470103637377,43530.48583089775
2029-11-19,36827.11456335801,30077.197630202016,43862.81480706157
2029-11-20,36842.47901151903,30195.93276257175,43593.89467142525
2029-11-21,36845.10272627341,30140.869412396918,43744.106277439605
2029-11-22,36868.20289678223,30152.523191179207,43964.866227894214
2029-11-23,36871.88205376976,29874.25520604654,44007.52870632037
2029-11-24,36989.91005480072,30503.961230930374,43922.095342272754
2029-11-25,36624.329226053575,29957.39244175367,43793.16376142487
2029-11-26,36914.9509881322,30323.28275223224,44071.7739832738
2029-11-27,36932.389231050634,30296.79661985909,44007.56842458146
2029-11-28,36936.374354354484,30408.787726379436,44012.443367922104
2029-11-29,36960.094835727454,30118.0288625853,44268.47400814923
2029-11-30,36963.644104346364,30300.740376902417,44020.00331284148
2029-12-01,37080.80274214211,30223.62775365507,44121.059807369704
2029-12-02,36713.643286483784,30098.304538365872,43723.35404736482
2029-12-03,37002.025971584175,30301.391090921763,44200.741994352145
2029-12-04,37016.63069898833,30069.163279979777,44171.96564644486
2029-12-05,37017.26919285421,30369.650817244717,44423.13297969816
2029-12-06,37037.22425674791,30390.62448917934,44173.95386511367
2029-12-07,37036.693973422494,30121.791997045497,43968.862290255944
2029-12-08,37149.57094628529,30403.39474097715,44305.13479876407
2029-12-09,36778.04393940766,29878.99205792161,43832.09353759402
2029-12-10,37062.090342568146,30237.298528785268,44246.60773560324
2029-12-11,37072.50484388711,30335.015170862058,44378.40477893502
2029-12-12,37069.20835858981,30326.069623098643,43924.74376704951
2029-12-13,37085.58422130065,30409.453722672148,44258.84246581218
2029-12-14,37081.91956949463,30243.443631870094,44189.20159739072
2029-12-15,37192.182095802564,30102.852512049518,44430.71153384482
2029-12-16,36818.61959589926,30058.95730587425,43871.50092538229
2029-12-17,37101.25079700553,30074.050418914645,44070.549931995185
2029-12-18,37110.892895348086,30313.36827799412,44305.44784485475
2029-12-19,37107.46988271231,30388.18075551042,44247.75788970237
2029-12-20,37124.34868615565,30308.96461159292,44341.37664555551
2029-12-21,37121.78104968022,30346.013086932104,44122.43930743012
2029-12-22,37233.6813213166,30485.340107036955,44495.471091796615
2029-12-23,36862.22754303618,29821.15434697852,44071.07752166171
2029-12-24,37147.354285030706,30508.26779803906,44268.17513761193
2029-12-25,37159.782596239056,30323.199388983114,44440.991746109714
2029-12-26,37159.33108345958,30263.65814389253,44294.111240853206
2029-12-27,37179.25506583871,30207.692626438788,44504.13493734222
2029-12-28,37179.691649013046,30266.40093017446,44484.25569177275
2029-12-29,37294.44079296556,30353.700569455385,44362.18936986234
2029-12-30,36925.569679175365,30328.568522344056,44201.2711616936
2029-12-31,37212.90872705602,30341.024831641214,44467.874906379395
2030-01-01,37227.08454263875,30534.436559884707,44558.19819516308
2030-01-02,37227.83372824073,30271.558256701912,44451.934075854515
2030-01-03,37248.34442380048,30289.52080478573,44589.909162800504
2030-01-04,37248.703357740524,30562.119205751653,44631.70795885823
2030-01-05,37362.67842639471,30480.667052942874,44752.06741414318
2030-01-06,36992.32406569585,30418.57331914221,44475.573633616485
2030-01-07,37277.47773716118,30429.77391723189,44459.98079016602
2030-01-08,37288.79279822847,30441.693974401573,44605.95229528878
2030-01-09,37286.05168782828,30413.00423886063,44469.157972838795
2030-01-10,37302.50631517581,30441.150515943107,44645.18881992818
2030-01-11,37298.323461452565,30513.53111292471,44921.13860585594
2030-01-12,37407.36525895715,30539.783643050632,44783.26818102825
2030-01-13,37031.79206916559,30073.554243891518,44269.870386833885
2030-01-14,37311.55615033444,30192.008026379302,44750.66567494389
2030-01-15,37317.43146192407,30406.542171162742,44649.09779373534
2030-01-16,37309.32362067491,30366.161615779358,44914.09021702901
2030-01-17,37320.606984458616,30187.40367805016,44727.75217653414
2030-01-18,37311.56676358907,30251.396580994486,44698.21587598787
2030-01-19,37416.17631348471,30466.05826126162,44709.42182810159
2030-01-20,37036.697016371,30219.332714914046,44651.18995639024
2030-01-21,37313.16922336954,30399.329895537776,44910.04421544313
2030-01-22,37316.439677412025,30108.438482483798,44791.14330760128
2030-01-23,37306.46949523447,30230.74715869207,44741.5247279727
2030-01-24,37316.669736785865,30194.12315754554,44639.28834735596
2030-01-25,37307.342501225765,30343.10958480062,44628.30278587061
2030-01-26,37412.45772921764,30397.243767340267,44911.55427308629
2030-01-27,37034.25313075407,30018.002629645965,44471.02676610494
2030-01-28,37312.7257068492,30214.36662076259,44896.740527759976
2030-01-29,37318.66026819029,30164.763122367505,44857.153493900485
2030-01-30,37311.93899791902,30292.538278880354,44791.77090283658
2030-01-31,37325.87904292891,29994.93777289132,44714.3484029365
2030-02-01,37320.67601738071,30328.35246460546,44758.27324651441
2030-02-02,37430.183532800474,30348.84365223907,45019.93861753372
2030-02-03,37056.51610045695,29984.826264720392,44562.231296460486
2030-02-04,37339.54379496186,30152.893522775794,44697.00081409219
2030-02-05,37349.92399885209,30368.163869944234,44819.442930819925
2030-02-06,37347.41419057976,30212.791176724506,44641.38469245973
2030-02-07,37365.21267626591,30194.936627839354,44729.688586471755
2030-02-08,37363.40506807176,29992.119022523442,45081.41684014831
2030-02-09,37475.74654774861,30398.049264510002,44964.33782181846
2030-02-10,37104.26719264575,30141.90795102581,44600.05133936982
2030-02-11,37388.768693496575,30130.012248757546,44962.705102349755
2030-02-12,37399.8577347123,30350.067359938548,44906.57052580431
2030-02-13,37397.2599621144,30000.862381696177,45125.95833645424
2030-02-14,37414.16141359227,30084.632948653627,44959.86104529882
2030-02-15,37410.655203505405,30118.120827675884,45155.04627991549
2030-02-16,37520.523500660296,30261.431293647853,45085.70794250035
2030-02-17,37145.842091170416,29869.61472539027,44660.23835673879
2030-02-18,37426.4758819477,30186.61192058449,44854.395940115726
2030-02-19,37433.11065334657,30380.875954596504,45296.42665506334
2030-02-20,37425.565033880484,30060.036126531304,45132.58356497005
2030-02-21,37437.129629186435,30118.698702004454,44981.819350965925
2030-02-22,37428.01115979953,30315.009607265765,45264.072173285625
2030-02-23,37532.11171643434,30294.896815688917,45139.10570467629
2030-02-24,37151.63049615744,29896.359836006537,44852.769147705105
2030-02-25,37426.556448488984,30308.79316602498,45056.78242924146
2030-02-26,37427.69721234259,30073.31516704115,45078.607652844956
2030-02-27,37414.98838641565,30223.12360326595,45081.05888356319
2030-02-28,37421.83013020646,30149.21978254608,45159.18013119181
2030-03-01,37408.529009010475,30098.62159005123,45167.64403883501
2030-03-02,37509.07524257219,30278.131307915046,45411.87508579707
2030-03-03,37125.74276294057,29860.842630021034,44712.77014407486
2030-03-04,37398.58054272539,30220.556715073162,44865.24222060477
2030-03-05,37398.44059649697,29899.325364815784,45051.26528486935
2030-03-06,37385.28670883023,29821.33418278988,45048.892708767125
2030-03-07,37392.5308864101,30037.7246391586,45173.4248531998
2030-03-08,37380.4754371768,29829.621303618726,44937.18871481311
2030-03-09,37483.090816085365,30225.082079684296,45462.81034233034
2030-03-10,37102.61661375544,29772.894956506923,44721.967684093164
2030-03-11,37379.054112204234,30037.76523556915,45190.955124517546
2030-03-12,37383.19576668317,29793.198831270143,44989.15019263013
2030-03-13,37374.93561838269,30123.349898724806,45227.44904247499
2030-03-14,37387.60758301978,30088.7228394755,45200.21946534371
2030-03-15,37381.42946409769,30204.08907054204,45268.895328197796
2030-03-16,37490.282775806365,29963.98758657131,45204.66763313979
2030-03-17,37116.31569867273,29791.469646845293,45306.68675610576
2030-03-18,37399.437541742,29868.050579837476,45281.41230017398
2030-03-19,37410.35002414804,29992.713907268087,45045.72323900467
2030-03-20,37408.85934005901,29921.2647493486,45207.531274554305
2030-03-21,37428.21591772679,30137.717363228363,45064.89242191737
2030-03-22,37428.55969424848,30178.810566857337,45323.75126063601
2030-03-23,37543.70097163964,29969.557599857973,45521.09513740084
2030-03-24,37175.724165898784,29862.45788100538,44817.26012318481
2030-03-25,37464.4828194131,30170.933452925245,45419.17546157499
2030-03-26,37480.63119391239,29986.628064069675,45439.5915688207
2030-03-27,37483.93641955057,30130.66855444929,45545.28211917041
2030-03-28,37507.61812894704,30095.099481863348,45661.52057587061
2030-03-29,37511.79342159936,30155.812629242657,45332.46516511184
2030-03-30,37630.25725264513,30152.154520733715,45627.32936002544
2030-03-31,37265.08558939287,29579.10743958306,45154.03656929719
2030-04-01,37556.12973993861,29923.147229671507,45705.13930866988
2030-04-02,37574.04720582704,30102.676287963008,45591.75372997406
2030-04-03,37578.61306869346,30116.923640350204,45463.674104468526
2030-04-04,37603.05887241578,30259.54628344165,45489.709723434724
2030-04-05,37607.51687608809,30209.075834772822,45488.59777924185
2030-04-06,37725.79979781818,30257.312112403357,45888.502814060594
2030-04-07,37360.003414224346,29853.612104798478,45393.908066584336
2030-04-08,37650.00043597035,30074.907265623562,45613.318692913934
2030-04-09,37666.471021592086,30242.946529503093,45644.45743121588
2030-04-10,37669.21394379067,29958.289745826994,45691.573333163265
2030-04-11,37691.48536795329,29954.21110648725,45871.64189606591
2030-04-12,37693.443110536165,30058.116220185242,45850.52610681949
2030-04-13,37808.926484381795,30251.75573597039,46026.96734565982
2030-04-14,37440.05907798443,29942.949493897642,45584.34134680741
2030-04-15,37726.74286733719,29948.75783609903,45575.39474328153
2030-04-16,37739.688997787125,30268.79465321687,45655.54986710694
2030-04-17,37738.72922335565,30091.506719696084,45955.931729195
2030-04-18,37757.154935630315,30169.210191293416,45995.6875779709
2030-04-19,37755.161622657564,30083.482196174053,45834.52179080644
2030-04-20,37866.628839031,30355.666611494507,45853.391805041996
2030-04-21,37493.723011037204,29573.855251576366,45750.47879251033
2030-04-22,37776.39145585571,30151.59488995191,45785.89241813626
2030-04-23,37785.392937173565,30079.989884007922,45947.452789351184
2030-04-24,37780.60873480825,29825.097532457017,45781.95903814184
2030-04-25,37795.381156439085,30141.064275696845,46100.45236107193
2030-04-26,37789.95733399547,30095.575947312685,45826.74886801201
2030-04-27,37898.26839435177,30395.550089063367,46009.208024778134
2030-04-28,37522.531342852046,29693.199291960773,45699.728150374496
2030-04-29,37802.74205921544,29987.897497552243,46030.85199791074
2030-04-30,37809.704754106104,30074.826764898426,46027.53544779629
2030-05-01,37803.34189451949,29778.91428796156,45693.66662617395
2030-05-02,37817.03156038328,30219.726552592187,46206.38268672926
2030-05-03,37811.050111794815,30009.490967985574,46048.692719016886
2030-05-04,37919.35029497686,30113.618831038326,46034.71498973313
2030-05-05,37544.16216398973,29778.953017625205,45570.11014609761
2030-05-06,37825.485255207306,29991.28159329175,46074.15690049971
2030-05-07,37834.11739784898,29974.01706020166,45953.94520713146
2030-05-08,37829.96420002868,29949.101521302342,46281.38077921792
2030-05-09,37846.37619909219,30257.77635787708,45882.42909868619
2030-05-10,37843.5915762566,30228.026090566505,46305.51190310182
2030-05-11,37955.514577221365,30262.38911430765,46056.57859549933
2030-05-12,37584.31702204654,29758.878712451078,45912.62825088779
2030-05-13,37869.93133949403,30199.83596726006,46174.22780387332
2030-05-14,37883.08049912662,29981.18284398633,45977.567769923175
2030-05-15,37883.58886245722,29991.479670911132,46090.96382077741
2030-05-16,37904.720915917525,30058.819518348348,45981.5715846039
2030-05-17,37906.62575215099,29819.16501056197,46253.22741094075
2030-05-18,38023.117401382166,30184.351578668062,46478.55477303611
2030-05-19,37656.278350513414,29813.326721703193,45943.03314298333
2030-05-20,37945.95463516353,30100.880299712633,46218.643240357735
2030-05-21,37962.787824930114,30212.57530641537,46245.24501235592
2030-05-22,37966.527868549914,30244.573771184714,46230.04052403498
2030-05-23,37990.37370709528,30256.441676918635,46096.85197060844
2030-05-24,37994.419468718326,30247.873657871143,46468.62068867985
2030-05-25,38112.43629678241,30464.601226528826,46554.48413068416
2030-05-26,37746.477103833,29763.11796968076,46236.741078112274
2030-05-27,38036.37259752282,29893.24259611663,46451.992407355225
2030-05-28,38052.76386694279,30066.43291079911,46519.71640220825
2030-05-29,38055.41547269472,30276.725687387767,46603.330445540174
2030-05-30,38077.55593467153,30167.935752635483,46499.761774723556
2030-05-31,38079.32342675383,30162.75812582028,46547.58670539943
2030-06-01,38194.546736055076,30177.562759325563,46579.858415370974
2030-06-02,37825.348795166385,29743.944324360393,46157.73191226067
2030-06-03,38111.64115930731,30139.604356588752,46553.57235137889
2030-06-04,38124.154752033755,30001.39368710797,46361.51592838175
2030-06-05,38122.750866401584,30202.654555110526,46733.972830616185
2030-06-06,38140.75936661558,29972.562915313243,46522.66008458528
2030-06-07,38138.42195634825,30250.934887732114,46614.14736155958
2030-06-08,38249.670633011156,30414.771327091887,46861.02438727799
2030-06-09,37876.72870085964,29853.34727548774,46430.63529766821
2030-06-10,38159.602780436115,30167.31682819889,46503.118168038374
2030-06-11,38169.111202887565,30202.82432377756,46665.428326664885
2030-06-12,38165.19283846297,30145.320121092187,46575.81258327925
2030-06-13,38181.24336227317,30165.94921720009,46594.3827755914
2030-06-14,38177.55687575887,30121.7512612205,46799.26497538514
2030-06-15,38288.10304785284,30198.7927741245,46685.34338633599
2030-06-16,37915.12718477824,29831.148909762895,46307.74514643742
2030-06-17,38198.64169223445,30170.4842749248,46582.79054270139
2030-06-18,38209.45433415575,30182.35975411816,46714.11525997772
2030-06-19,38207.47734190127,30373.367337684344,46687.428483499854
2030-06-20,38226.06437028688,30066.82820631303,46806.97829464649
2030-06-21,38225.453201023585,30144.879119324294,46742.710550916774
2030-06-22,38339.5443290288,30293.735138903812,46727.27798721959
2030-06-23,37970.50280206101,29851.29895536851,46513.79070232558
2030-06-24,38258.25173005117,30425.16266580998,46805.57334724903
2030-06-25,38273.50281334431,30282.17348659983,47059.618335608
2030-06-26,38276.06788266354,30138.823327956667,46689.49053333875
2030-06-27,38299.19838176651,30246.715753026125,47058.4348724575
2030-06-28,38303.03062537956,30155.640742315118,46883.94220095436
2030-06-29,38421.36689927577,30023.969820491606,47022.00430118279
2030-06-30,38056.27970558797,29857.888811890272,46669.5027681087
2030-07-01,38347.607505608554,30355.693391084933,46981.292120899816
2030-07-02,38365.9872501382,30411.5848497159,47050.58486573797
2030-07-03,38371.16763769638,30448.346322821253,46849.60154393024
2030-07-04,38396.34998723504,30236.91169542889,47065.08028343957
2030-07-05,38401.63452301529,30163.09777175865,47262.30329885709
2030-07-06,38520.80211387413,30385.815052404527,47091.9775372091
2030-07-07,38155.91875650729,29969.612050833715,46981.00427368273
2030-07-08,38446.83115284424,30288.294241536383,46980.4809634324
2030-07-09,38464.19868089944,30290.745419058356,47151.13666460404
2030-07-10,38467.805719863965,30112.15821198465,47221.44770381383
2030-07-11,38490.90124702963,30266.117993299064,47332.61038132936
2030-07-12,38493.64354468325,30203.97613089604,47174.48233788099
2030-07-13,38609.8801081876,30466.632268653113,47367.143528700086
2030-07-14,38241.750100589656,30101.037611794636,47055.08678462943
2030-07-15,38529.17776496737,30191.219903306173,47294.552430717435
2030-07-16,38542.90215840324,30087.303478676135,47519.852016291465
2030-07-17,38542.787234429125,30243.527616898413,47329.98105240501
2030-07-18,38562.15925719919,30220.106433028708,47315.70123387978
2030-07-19,38561.24944890898,30301.19381224321,47320.361921963435
2030-07-20,38673.97202074835,30365.129915664027,47497.06949859198
2030-07-21,38302.524985979166,30086.28371459765,46931.383440505066
2030-07-22,38586.882212008175,30243.713847080897,47324.06581953277
2030-07-23,38597.82211219922,30147.139409190568,47294.04376151712
2030-07-24,38595.23703121962,30292.55557402654,47143.473631560366
2030-07-25,38612.47032340253,30373.10205036149,47470.22884032389
2030-07-26,38609.759030756795,30489.18619840464,47448.44682166069
2030-07-27,38721.01230474174,30466.816401971988,47462.24252733801
2030-07-28,38348.412953183724,29990.179274162212,47141.904869358455
2030-07-29,38631.910541476194,30181.478138337523,47361.19769034099
2030-07-30,38642.25141143977,30496.2836045797,47542.26470804437
2030-07-31,38639.28962579248,30187.47620584756,47341.5720168778
2030-08-01,38656.32578481086,30537.467468091127,47537.82696446828
2030-08-02,38653.551563425164,30255.76449841136,47405.08690603204
2030-08-03,38764.830050901575,30196.570894732704,47549.32367751142
2030-08-04,38392.29921070758,30081.248433941644,47226.32408526712
2030-08-05,38675.86682622299,30264.70740124346,47589.05379628461
2030-08-06,38686.24223435365,30106.880914982157,47681.432154786555
2030-08-07,38683.248797784894,30123.550650101402,47547.93700633509
2030-08-08,38700.16401109957,30308.966036453217,47496.28692765582
2030-08-09,38697.16504521469,30130.0617359539,47472.24070194318
2030-08-10,38808.109777260695,30342.109880566233,47924.710452094085
2030-08-11,38435.14059861299,30190.860718961107,47306.581075445414
2030-08-12,38718.17935258062,30023.644286005256,47850.39730571063
2030-08-13,38727.958701021,30260.9046520979,47629.73957531172
2030-08-14,38724.333879302525,30395.555841679306,47583.28763274572
2030-08-15,38740.62175485157,30255.306589948363,47712.867232352866
2030-08-16,38737.04502441262,30138.080385086916,47898.24699231277
2030-08-17,38847.5116378146,30272.19982822598,48043.66279357784
2030-08-18,38474.216790240505,29830.68521786242,47315.12768612618
2030-08-19,38757.13589107118,30185.71382607304,47805.18462087606
2030-08-20,38767.05387074405,30283.059489287047,47771.02883684303
2030-08-21,38763.87485089903,30007.35908019822,47617.30620104256
2030-08-22,38780.95916060619,30526.647258182755,47869.43215171693
2030-08-23,38778.565601081704,30352.138978113446,47739.0954913719
2030-08-24,38890.62911150575,30335.428771376286,47998.0881065742
2030-08-25,38519.36123834266,30184.370525953575,47556.29980432165
2030-08-26,38804.741870395505,30170.308090084876,47734.995306646575
2030-08-27,38817.54764704506,30361.24009449689,47923.32634644831
2030-08-28,38817.66110150804,30092.120799338893,47709.209920086716
2030-08-29,38838.40754768758,29937.107878653347,47756.88305589822
2030-08-30,38839.99762709017,30251.675888587284,47902.45010337688
2030-08-31,38956.30567023685,30479.19052314606,48212.91725321232
2030-09-01,38589.4712643727,29795.80276065944,47584.150391747346
2030-09-02,38879.392466670186,30320.639600549453,47861.98547797883
2030-09-03,38896.756035665174,30051.468450638356,48121.98047524344
2030-09-04,38901.348697044436,30230.002614809662,47985.79670328006
2030-09-05,38926.39639694412,30224.063732975577,47953.087200851995
2030-09-06,38932.00939563609,30297.74075120562,47882.37229527069
2030-09-07,39051.963286001504,30435.43522079598,48077.68647708858
2030-09-08,38688.303254057726,30199.78525084491,47874.835236222476
2030-09-09,38980.83994394269,30397.007982733965,48003.40001080942
2030-09-10,39000.18222311153,30318.93507466531,48105.63976385377
2030-09-11,39006.05078908398,30281.047687636485,48358.842879382006
2030-09-12,39031.619500403955,30262.230957007207,48187.59357545903
2030-09-13,39036.96222067854,30145.138222996007,48138.870360594075
2030-09-14,39155.835204422576,30431.01712854289,48251.344704882176
2030-09-15,38790.28229642493,30131.97978633439,47863.07595173992
2030-09-16,39080.13127298346,30448.424401882254,48313.79350374088
2030-09-17,39096.02659941559,30135.034326156394,48206.71480033537
2030-09-18,39097.74253711953,30388.28964603889,48099.51629933273
2030-09-19,39118.52348874351,30596.343566634518,48404.99904593749
2030-09-20,39118.52938983334,30312.043503979738,48201.98003655864
2030-09-21,39231.61620868453,30357.217929687766,48422.04592281604
2030-09-22,38859.93887163018,30389.040409997186,48092.71916499544
2030-09-23,39143.444999057356,30522.169344579415,48336.51932752753
2030-09-24,39152.90479340089,30568.607563574267,48547.056835510295
2030-09-25,39148.22108741399,30000.222324037393,48418.657620516584
2030-09-26,39162.76652225029,30297.725207528212,48235.35774095479
2030-09-27,39156.82574866981,30304.496191675982,48399.177348770645
2030-09-28,39264.372799452976,30546.71617937557,48598.76437425843
2030-09-29,38887.6710356561,30007.745192531424,48064.69473744287
2030-09-30,39166.76413411338,30270.093771582895,48427.40142040177
2030-10-01,39172.50353379347,30300.390433730412,48315.90382641282
2030-10-02,39164.85641781354,30380.426694192407,48238.13561581331
2030-10-03,39177.24125930326,30327.700752955552,48621.037806364526
2030-10-04,39169.968871515455,30202.974287389003,48478.99339421483
2030-10-05,39277.01914430992,30446.07595893033,48648.2226088637
2030-10-06,38900.64088978977,30006.049508326083,48030.728456899684
2030-10-07,39180.84326984288,30445.470846499542,48341.75658488588
2030-10-08,39188.42421375575,30343.258704341413,48333.29980673608
2030-10-09,39183.27987844172,30125.337130260803,48291.389464484775
2030-10-10,39198.742141162664,30021.684861576243,48600.06787556223
2030-10-11,39195.02201361433,30203.427375931875,48535.73897770922
2030-10-12,39305.989096307974,30327.57742831821,48761.80922221765
2030-10-13,38933.77442271111,29610.224461854497,48279.89114361489
2030-10-14,39218.26508459084,30091.711339306417,48561.633343357105
2030-10-15,39230.13595958179,30186.383146977663,48546.47084307345
2030-10-16,39229.16250301984,30099.243906749693,48358.18553308746
2030-10-17,39248.56150249085,30399.445888536557,48620.847373089644
2030-10-18,39248.437594281386,30456.192713077467,48721.78981691417
2030-10-19,39362.56557511617,30198.507059339037,48725.72641465172
2030-10-20,38992.9957797067,30012.452686066037,48447.25156945471
2030-10-21,39279.55084547195,30438.33855232519,48461.945257449326
2030-10-22,39292.85912612403,30377.107550385554,48846.81095097452
2030-10-23,39292.66866938287,30350.345967043526,48836.12039971725
2030-10-24,39312.18862430448,30367.343616129947,48705.75716679124
2030-10-25,39311.53585922673,30152.209494316165,48762.37747868616
2030-10-26,39424.51682090355,30341.57858153298,48931.67966862713
2030-10-27,39053.23191797351,30008.91238194922,48542.87108796988
2030-10-28,39337.57077782417,30138.318864600675,48576.89488239379
2030-10-29,39348.243680709405,30472.977292763895,48899.548730339
2030-10-30,39345.09314165676,30363.576144603616,48792.70965280958
2030-10-31,39361.432572697195,30147.143792034676,48567.3589338877
2030-11-01,39357.4898832321,30046.96367419463,48944.783490894326
2030-11-02,39467.18613363069,30373.981282787838,48836.18643437983
2030-11-03,39092.73661500424,30263.635628225045,48670.84276711335
2030-11-04,39374.14279687897,30290.52180036708,48861.1674010449
2030-11-05,39382.22053940216,30213.120805914303,48775.510301068745
2030-11-06,39376.908631086924,30205.836958107357,49069.086895841676
2030-11-07,39391.60467003178,30245.350225747916,49097.564197227875
2030-11-08,39386.60622458741,30442.15419882125,49174.71747640648
2030-11-09,39495.887457078585,30320.805791967963,48989.77348561672
2030-11-10,39121.69864058642,30263.44028435708,48794.785041832896
2030-11-11,39404.05705447971,30248.21282738073,49132.70925599358
2030-11-12,39413.77468489115,30301.30226526592,48800.24817149965
2030-11-13,39410.766805569496,30168.97989909263,49105.39343396256
2030-11-14,39428.38845586535,30588.231248444146,48961.741957722326
2030-11-15,39426.87673503548,30295.651672812295,48999.4923537264
2030-11-16,39540.12906460316,30524.22178921554,48991.41160051912
2030-11-17,39170.304802727864,30149.784667730422,48704.980363039685
2030-11-18,39457.31863721641,30411.377958840465,49022.6767701202
2030-11-19,39471.87111318679,30263.61561790441,48986.926763611205
2030-11-20,39473.76029124957,30346.00517690619,48871.10876500395
2030-11-21,39496.221466392904,30318.425021427327,49313.98607793764
2030-11-22,39499.372775609125,30202.655976214486,49172.36414178487
2030-11-23,39616.99675282283,30205.693732424264,49214.79406436664
2030-11-24,39251.14512244301,29985.981773075044,48786.00174333565
2030-11-25,39541.635168862216,30150.7411132264,48826.62815089885
2030-11-26,39559.08295418873,30257.11706880017,49204.877172296874
2030-11-27,39563.21730455767,30170.67946224565,49323.949563745184
2030-11-28,39587.22142985943,30285.154915514267,49468.176099499884
2030-11-29,39591.17995160895,30196.919134320004,49443.04062300376
2030-11-30,39708.86135776558,30272.347644174733,49356.474236669535
2030-12-01,39342.32315078823,29999.416273772043,49084.88735961813
2030-12-02,39631.40801647579,30435.214939401474,49087.83637221671
2030-12-03,39646.77629187006,30099.71434519839,49228.698404140574
2030-12-04,39648.2186739049,30111.748164486162,49547.75511525736
2030-12-05,39668.99606990261,30368.273451261597,49508.39691985007
2030-12-06,39669.284414669004,30032.744120525425,49429.34276018361
2030-12-07,39782.95453549717,30408.15309236351,49642.01769416446
2030-12-08,39412.174404406986,30044.547844256285,49416.844357582886
2030-12-09,39696.90218687446,30179.771371810035,49531.934914070865
2030-12-10,39707.91545321336,30267.72531957853,49694.510226888975
2030-12-11,39705.120586034056,30081.315426701345,49608.34169378744
2030-12-12,39721.88937773727,30148.553470526815,49556.3716539762
2030-12-13,39718.50073433353,30258.23486390528,49317.7758540663
2030-12-14,39828.91765433038,30250.677443186098,49774.897524439
2030-12-15,39455.38690308571,30073.463226972646,49239.78045087476
2030-12-16,39737.929864188576,30187.08038897566,49476.73580971512
2030-12-17,39747.369995602094,30416.62175172633,49673.80436261958
2030-12-18,39743.6409730487,30419.436080829055,49679.50110810848
2030-12-19,39760.12254991755,30230.904222546043,49806.84188123176
2030-12-20,39757.08207036761,30331.739208519673,49570.34426789171
2030-12-21,39868.45180946805,30700.788709982484,49674.00452468614
2030-12-22,39496.42955037165,29864.695895956458,49315.968757402516
2030-12-23,39780.97085444525,30079.219624541984,49839.72236403992
2030-12-24,39792.81841205687,30269.232572308352,49584.91690686652
2030-12-25,39791.81250316261,30368.776598852022,49706.09716641533
2030-12-26,39811.22953180271,30180.015669667802,49741.35490793772
2030-12-27,39811.226496096606,30142.152283303192,49820.780048578185
2030-12-28,39925.62148468654,30477.05552714457,49945.54967484757
2030-12-29,39556.49752113878,30134.401473404123,49277.67180597233
2030-12-30,39843.69812085114,30191.198157269406,49611.96815977128
2030-12-31,39857.85985624216,30207.178134878035,49739.36024229451
2031-01-01,39858.72586958369,30434.526256560915,49893.440736995646
2031-01-02,39879.48721241272,30287.84538841861,50061.146291560086
2031-01-03,39880.22979496125,30185.72763935427,49769.067184625266
2031-01-04,39994.71696744905,30384.159357225875,50021.47318395198
2031-01-05,39624.994996837166,29946.384624566934,49647.567172758245
2031-01-06,39910.889758193065,30364.153286253026,49806.980604345736
2031-01-07,39923.039904989746,30154.638427642814,50159.83512612203
2031-01-08,39921.210440950344,30283.389779992816,49895.90008587858
2031-01-09,39938.63357077254,30481.15705731842,49807.51424022603
2031-01-10,39935.45462667956,30087.747762507144,49972.260163824285
2031-01-11,40045.51312096026,30439.35598374977,50180.04729796893
2031-01-12,39670.94623024715,30055.951079717484,49766.703011061014
2031-01-13,39951.683085553705,30248.949692545415,49806.763883148764
2031-01-14,39958.47519844513,30134.631120907394,50159.514576902555
2031-01-15,39951.20702120457,30269.655267352515,49900.07073816845
2031-01-16,39963.23360081461,30487.95357370054,49959.57387328474
2031-01-17,39954.823211025374,30307.91006485676,49860.57588954142
2031-01-18,40059.93510243868,30248.087559202493,50169.547129863284
2031-01-19,39680.819766074295,29829.609026954357,49774.891899439026
2031-01-20,39957.51017169967,30328.29088117932,49977.62401974661
2031-01-21,39960.84939358441,30540.072486797882,49951.00813673356
2031-01-22,39950.798696803206,30147.2453486694,50087.40974686457
2031-01-23,39960.7731099112,30111.745298971662,50231.52067431682
2031-01-24,39951.08242345235,30318.427922841158,49907.69919448132
2031-01-25,40055.70779696179,30234.012426429228,50279.61222337967
2031-01-26,39676.90139930107,29852.95267463535,49565.689908452856
2031-01-27,39954.677558688076,30209.159668279175,50200.06445326434
2031-01-28,39959.84083576206,30057.54734563764,50039.04180357623
2031-01-29,39952.29507897634,30336.12878098795,50450.69032816883
2031-01-30,39965.38046044957,30313.44434074277,50130.90805850882
2031-01-31,39959.31639083813,29991.912126211777,50560.471183381625
2031-02-01,40067.9804432506,30699.461924614232,50300.22348514795
2031-02-02,39693.51064789776,29611.693313533382,49640.967944523516
2031-02-03,39975.79956225191,30308.252288932796,50111.12681276264
2031-02-04,39985.525451873895,30465.376525773587,50034.79523856794
2031-02-05,39982.46455866825,30123.468882858193,50296.386120216346
2031-02-06,39999.83137004723,30429.313026084037,50161.22658520067
2031-02-07,39997.7247032209,30019.12488314956,50241.18014715617
2031-02-08,40109.90965267732,30277.674661094232,50416.88054792249
2031-02-09,39738.42268538715,29875.91323758747,50172.91440565968
2031-02-10,40023.06821800367,30375.89836876526,50613.89787643742
2031-02-11,40034.45194927275,30176.310653697547,50258.28465223621
2031-02-12,40032.294872594255,30172.788891313256,50613.05616091144
2031-02-13,40049.77484177127,30061.63359185478,50150.956046914216
2031-02-14,40046.973476030944,29903.483494104483,50175.15498066542
2031-02-15,40157.65843716367,30380.541964685337,50755.227455234395
2031-02-16,39783.88836123081,29922.105713123856,50028.55810028863
2031-02-17,40065.50879000225,30046.986072661206,50387.378920322655
2031-02-18,40073.184398740355,29738.916967364137,50234.96021299625
2031-02-19,40066.711480328086,30074.887024081916,50549.51732156277
2031-02-20,40079.35760434115,30016.6376888993,50491.917223884935
2031-02-21,40071.30629181071,30091.443053512598,50107.9885705624
2031-02-22,40176.43680069062,29959.749929460002,50399.283472047435
2031-02-23,39796.9263722008,29857.072377552464,50058.02237358827
2031-02-24,40072.743354739505,30251.701869548877,50529.10076705912
2031-02-25,40074.67657508094,29840.155617140783,50790.098818157356
2031-02-26,40062.64498971627,29830.488500601063,50390.83751574602
2031-02-27,40070.03460543543,30096.908180196227,50604.785722232526
2031-02-28,40057.14057629071,29992.992603344483,50474.285822265985
2031-03-01,40157.9446323537,29978.87371089625,50367.86293198108
2031-03-02,39774.71524361087,29907.00401975505,50344.341947004956
2031-03-03,40047.49898003264,29926.326538464662,50325.495792342044
2031-03-04,40047.14847236997,29872.500126723047,50417.46544602761
2031-03-05,40033.63103091325,29960.53019708914,50398.1438978169
2031-03-06,40040.36492501667,30036.429062984647,50474.547008000176
2031-03-07,40027.661233321596,29834.919492979687,50625.014096127
2031-03-08,40129.50141245512,30104.353307440324,50667.05106180469
2031-03-09,39748.13796966082,29485.801441127973,50334.507337945084
2031-03-10,40023.58667345663,29915.176713840454,50669.82289858943
2031-03-11,40026.65567158044,29743.617748566005,50250.34048633292
2031-03-12,40017.25553135726,29948.29761926723,50542.973316418516
2031-03-13,40028.737157608084,29686.20149075616,50452.74533291056
2031-03-14,40021.33544646187,30021.896693450184,50228.951595195846
2031-03-15,40128.94876887233,29792.948648558242,50775.29741825346
2031-03-16,39753.74161471201,29430.580420239152,50567.07371731519
2031-03-17,40035.63877781559,29992.788170114844,50394.88124511274
2031-03-18,40045.356400032695,29814.259099594732,50643.64475786613
2031-03-19,40042.713842058154,29785.459696186026,50702.82685625152
2031-03-20,40060.97329394068,29820.834864772445,50755.582543502496
2031-03-21,40060.2849476355,29845.81517770042,50635.595759006676
2031-03-22,40174.46779638598,30138.88884153525,50785.24935360363
2031-03-23,39805.613370467574,29395.95438413531,49994.77574982785
2031-03-24,40093.58077620578,29529.272661988714,50829.23864052842
2031-03-25,40109.02835094811,29871.148758075164,50438.185028001964
2031-03-26,40111.72590416973,29841.882523881228,50526.95197677262
2031-03-27,40134.894467476515,29946.2458667655,50662.0911029147
2031-03-28,40138.6513923963,29840.570983825182,50735.904590720274
2031-03-29,40256.79088327424,29860.18081440046,51023.91508439295
2031-03-30,39891.38730204816,29368.419057199506,50294.89998176776
2031-03-31,40182.28964293984,29581.269516338027,50890.57993801053
2031-04-01,40200.15252320015,29913.039024719525,50848.13704857717
2031-04-02,40204.74769477977,29535.318657184154,51092.71790633606
2031-04-03,40229.30303428108,29857.489993191506,50909.77493687468
2031-04-04,40233.94688331318,29835.34794871252,51144.33556984556
2031-04-05,40352.48785719035,30243.05936036884,51001.77032263392
2031-04-06,39987.01748595596,29678.42969136725,50725.981197644265
2031-04-07,40277.40410831613,29953.13842459282,51133.0234876573
2031-04-08,40294.32338211885,29724.269552911155,51053.8137843592
2031-04-09,40297.56942800152,29667.26460060066,50880.06335756025
2031-04-10,40320.39356930857,29786.98942584723,50929.6156814749
2031-04-11,40322.94854010835,29681.42922813494,50891.09821624032
2031-04-12,40439.06827308585,30222.589030813517,51129.945975340626
2031-04-13,40070.87061953376,29696.33219310941,50778.79951703703
2031-04-14,40358.25140539943,29907.267059275087,51392.46443002533
2031-04-15,40371.915166162005,29836.742739486144,50881.11869029442
2031-04-16,40371.6865530309,29787.836361338785,51181.30087704302
2031-04-17,40390.84934720993,29714.02966576936,51114.31663865596
2031-04-18,40389.59092654918,29871.047873510277,51256.09884281882
2031-04-19,40501.782268900366,30117.440558049235,51223.30841569231
2031-04-20,40129.58081810906,29572.414535026048,50796.702481284425
2031-04-21,40412.924592666386,29815.34364767043,51197.1193802592
2031-04-22,40422.562859170204,29710.255973546027,51206.49165842022
2031-04-23,40418.36734682192,29909.02205472706,51281.65325642661
2031-04-24,40433.670928467596,30025.853370611938,51311.52157737202
2031-04-25,40428.71160700768,30039.013280101783,51331.34798344267
2031-04-26,40537.41189202116,29940.86952641479,51298.23558707311
2031-04-27,40161.980899475995,29389.91267127559,51180.17631625425
2031-04-28,40442.40756759112,29617.664644715896,51091.08590383996
2031-04-29,40449.49033019992,30001.71558707584,51335.156656617415
2031-04-30,40443.147248435474,29936.48343003599,51254.78116453347
2031-05-01,40456.75355576067,29748.608219914422,51414.13502371666
2031-05-02,40450.58448857043,29896.867398305356,51294.766384896684
2031-05-03,40558.59352363741,30064.613906475726,51222.16189664013
2031-05-04,40183.01339332306,29559.873741675845,51254.164489141345
2031-05-05,40463.848310333655,29657.65452628957,51558.771415339106
2031-05-06,40471.90278115516,29997.361755534846,51540.8196176871
2031-05-07,40467.091044764755,29994.15967746998,51604.945809488614
2031-05-08,40482.77412393516,29629.074457459774,51457.78053255294
2031-05-09,40479.202389165664,29776.288671953425,51318.00913801916
2031-05-10,40590.2937785231,29688.643269805067,51347.92400383467
2031-05-11,40218.235059833896,29529.265470888604,50920.89102980773
2031-05-12,40502.974575066735,29811.71842048139,51438.98086608867
2031-05-13,40515.25184633166,29922.5360509538,51456.093067308306
2031-05-14,40514.90807209937,29693.510039480618,51386.1707265995
2031-05-15,40535.224484893864,29773.945497224227,51296.16206078226
2031-05-16,40536.36644630375,29600.554223082265,51416.9702308791
2031-05-17,40652.163390992646,29891.19254074915,51413.13811010864
2031-05-18,40284.71196769613,29535.24424929353,51094.41998252388
2031-05-19,40573.870772741844,29741.855308815426,51774.51244612644
2031-05-20,40590.29200650121,29918.69334295464,51615.79406553953
2031-05-21,40593.734029003805,29780.921499777407,51505.81510389073
2031-05-22,40617.401731556994,30182.013796471685,51506.42929723603
2031-05-23,40621.39254550192,29669.164594950398,51496.22337146641
2031-05-24,40739.478146198344,30179.07462544417,51699.404040031826
2031-05-25,40373.70914938828,29636.145597498442,51390.87841532011
2031-05-26,40663.91114900648,29709.4575121747,51852.294232684
2031-05-27,40680.71738604201,30192.83240094895,51968.680602853674
2031-05-28,40683.881990966045,29849.410514402425,51671.1316927429
2031-05-29,40706.62069099482,30003.75016438137,51633.59803726098
2031-05-30,40709.05678682244,29820.028978753755,51942.1458576735
2031-05-31,40825.00245004945,29730.348584012994,51890.71341447267
2031-06-01,40456.5626417901,29430.139146589343,51410.30193045563
2031-06-02,40743.63001490133,29857.514698403804,51809.953634118334
2031-06-03,40756.91611290372,29849.581736631237,52309.41186497941
2031-06-04,40756.26284095677,29911.075965851476,51974.875426853774
2031-06-05,40774.981141797965,30100.401099737835,51932.63279807408
2031-06-06,40773.294730479756,30143.616036508392,51932.04874897095
2031-06-07,40885.11899488587,30180.331236375623,51903.58069659896
2031-06-08,40512.66242303236,29602.636434744483,51621.328828731275
2031-06-09,40795.918983580355,29671.09731413493,52004.30368142746
2031-06-10,40805.696838032665,29813.7549291324,51942.98515557389
2031-06-11,40801.92742527847,29985.285166784597,52048.06675618846
2031-06-12,40818.00191452456,29846.694115538885,51845.13840473058
2031-06-13,40814.21293981415,29825.547575398414,52213.49395924988
2031-06-14,40924.53177691099,29689.421652140725,51904.0973553634
2031-06-15,40551.20837032171,29798.890030678605,51818.57421329408
2031-06-16,40834.26267518937,29870.238253785607,52215.571242317645
2031-06-17,40844.51272133349,29956.99532834726,52221.634859965096
2031-06-18,40841.88345843924,29949.589454735444,52066.609300436285
2031-06-19,40859.74338580831,29832.32765659044,51906.09049451093
2031-06-20,40858.346875999545,29908.302471204013,51861.85029453127
2031-06-21,40971.61233802387,29956.528322829843,52304.69292781343
2031-06-22,40601.72360196064,29535.104896727244,51819.75469146015
2031-06-23,40888.622953626356,29938.82157415849,52378.564760085224
2031-06-24,40903.04118131843,29804.846749366545,52195.90322215655
2031-06-25,40904.808640409356,29748.61302969188,52452.35002265137
2031-06-26,40927.194279554395,29828.682738834537,52378.72323827354
2031-06-27,40930.35047328366,29974.351039481742,52272.12022202957
2031-06-28,41048.0937391897,29980.2821068086,52112.911659535195
2031-06-29,40682.5086528604,29503.24622778375,51978.1466103997
2031-06-30,40973.4433214375,29982.92063640423,52443.808513785516
2031-07-01,40991.541712641505,29815.68201774158,52333.59956483472
2031-07-02,40996.55678453423,29869.69278653137,52290.73984767893
2031-07-03,41021.691305414126,30129.3663213689,52414.6146462771
2031-07-04,41027.04416220149,30078.100197834363,52583.13332828096
2031-07-05,41146.39219804249,29791.74370420494,52431.44932287632
2031-07-06,40781.79486510171,29671.99919041873,52068.662292460394
2031-07-07,41073.09003703277,29635.425771661176,52475.16758515614
2031-07-08,41090.92627300254,30065.585557279075,52365.27252304402
2031-07-09,41095.07548497134,29725.750111284575,52535.5661008695
2031-07-10,41118.77291539555,29708.20554855867,52700.78748342518
2031-07-11,41122.16225201733,30169.88225002505,52605.62765860456
2031-07-12,41239.07595878012,29881.5565637218,52404.54391404585
2031-07-13,40871.63815573504,29722.169731098642,52141.82889616949
2031-07-14,41159.75844665413,30090.591578550117,52527.50179249777
2031-07-15,41174.1620461802,29869.40546111767,52415.89420341359
2031-07-16,41174.7002220186,29819.99912188167,52438.690574892156
2031-07-17,41194.68802522322,30004.96601711511,52506.73978629231
2031-07-18,41194.347201214,30108.932442241286,52816.6304685926
2031-07-19,41307.58442464467,30152.547618152916,52731.41962839459
2031-07-20,40936.59225135056,29645.16944154868,52336.031177050085
2031-07-21,41221.34124094058,29845.772891899313,52795.499654432024
2031-07-22,41232.60864952157,29991.587812714257,52994.33746906648
2031-07-23,41230.28774729115,30160.36657967884,53030.17939442397
2031-07-24,41247.72476349149,29799.994071639772,52719.248434330846
2031-07-25,41245.16137038692,30368.52590095898,52586.93614740808
2031-07-26,41356.51285725473,29887.731868585262,53010.24975026887
2031-07-27,40983.969384295255,29607.936206249804,52583.69395667072
2031-07-28,41267.48875549839,30081.7959149055,52576.68799229071
2031-07-29,41277.826084828266,29927.979922690247,52857.92254142464
2031-07-30,41274.84437535725,29774.337320588853,52865.88524895789
2031-07-31,41291.85297005917,29731.159983396035,52957.274701137656
2031-08-01,41289.05173455249,29994.933164816248,52840.321639620735
2031-08-02,41400.31106570786,29888.17406189888,53154.766450785966
2031-08-03,41027.77505468275,29667.019238920933,52828.74681740318
2031-08-04,41311.35617998263,30105.51194587144,52771.08265415044
2031-08-05,41321.76684112358,29636.580682922235,53317.70325182491
2031-08-06,41318.83169053622,30033.79717396969,53171.43907788339
2031-08-07,41335.827663922566,29758.741653154004,52755.31217524202
2031-08-08,41332.929516503296,29984.986279288747,52867.53790828832
2031-08-09,41443.990913109126,29839.932747357398,53189.49525639687
2031-08-10,41071.14836346478,29607.48788881651,52627.55644284055
2031-08-11,41354.31635067444,29726.74892381725,53107.6156733451
2031-08-12,41364.2189466273,29769.69933490479,53237.84602351382
2031-08-13,41360.70186626095,29710.338695597133,52955.46288571141
2031-08-14,41377.071866787606,29779.440533413836,53128.199091687675
2031-08-15,41373.54131644393,30368.212912673946,53034.22398196731
2031-08-16,41484.008008881014,29843.56228342116,52874.698774222765
2031-08-17,41110.65755276154,29577.625547890464,52752.80006454103
2031-08-18,41393.45673184323,30034.205608001994,53081.95679167075
2031-08-19,41403.18318417425,30119.733588567055,53232.342595632035
2031-08-20,41399.735413270406,29903.960939197208,53123.1492342585
2031-08-21,41416.4701024773,30180.36748751529,53134.24892757486
2031-08-22,41413.64462442798,29899.697059989445,52959.77107239278
2031-08-23,41525.19488924364,30073.3356273668,53259.40444486451
2031-08-24,41153.33592665025,30074.056379226527,52891.534335592296
2031-08-25,41438.05365902561,30017.81149348381,53186.32215571207
2031-08-26,41450.133269844344,29802.706474870356,53207.3871620019
2031-08-27,41449.46822862803,29487.234193612345,53313.344927523845
2031-08-28,41469.39698262783,30019.30729576846,53398.9937635582
2031-08-29,41470.14523575189,29823.616794694048,53363.6947276065
2031-08-30,41585.603975389975,29881.862987118766,53372.44626023908
2031-08-31,41217.93064731096,29627.912175990805,52988.426768214194
2031-09-01,41507.04192806337,29860.46047777967,53199.96187856934
2031-09-02,41523.64347944838,29842.656213668055,53302.21644415494
2031-09-03,41527.54071427341,29936.30506952274,53532.24920718479
2031-09-04,41551.977540581036,29871.602232306475,53185.5560419234
2031-09-05,41557.08095169338,29722.14642505553,53347.2218574725
2031-09-06,41676.6415610998,30319.11233817556,53604.078141093
2031-09-07,41312.7174136685,29510.044342271096,53186.066002998035
2031-09-08,41605.12944909269,30185.633488868025,53626.556848761196
2031-09-09,41624.49392563524,30134.973460362417,53757.366686317124
2031-09-10,41630.53575629501,29968.26487781112,53507.47110883098
2031-09-11,41656.429648996884,29811.87092167549,53378.54750063566
2031-09-12,41662.24684642772,30138.635408697304,53387.27335086742
2031-09-13,41781.73749866697,30244.950210838986,53702.575901328564
2031-09-14,41416.93594221424,29804.911938187615,53301.5012536561
2031-09-15,41707.657213060265,29892.588114157163,53679.0794592942
2031-09-16,41724.530064858176,30003.080659664145,53750.97893835218
2031-09-17,41727.3104196607,29979.182293672962,53627.36328717729
2031-09-18,41749.22213142861,30180.75603207394,53641.09502351414
2031-09-19,41750.402860295864,30067.75188994027,53367.618158711106
2031-09-20,41864.68510687793,29785.07163633555,53771.56627888232
2031-09-21,41494.19970992026,29771.18167273943,53395.573332652064
2031-09-22,41778.87017739482,30148.796606234882,53738.55598081867
2031-09-23,41789.44317632583,30214.198238920293,53915.324782533375
2031-09-24,41785.79917334001,30379.6737526927,53728.36419182134
2031-09-25,41801.29017931031,29988.771663168114,53968.773164534745
2031-09-26,41796.182475746675,30110.62416525701,53957.05743146514
2031-09-27,41904.4344564393,30198.693222614183,53942.76665123838
2031-09-28,41528.296973821176,29734.66785085392,53662.858176902024
2031-09-29,41807.80464606001,29899.13946140948,53747.42255501913
2031-09-30,41813.803533326034,29941.07928904051,53758.44300427108
2031-10-01,41806.25925322115,30119.24315419097,53974.17515703342
2031-10-02,41818.59255939073,30031.121826013165,53980.83127468991
2031-10-03,41811.120322322335,29786.06872470538,53683.69837426447
2031-10-04,41917.8320958629,30077.8388701337,54263.147675135944
2031-10-05,41540.98969642587,29666.085753369935,53577.016462793144
2031-10-06,41820.618274554254,30168.17828402687,53700.95441431942
2031-10-07,41827.53429636575,29836.912194174947,53916.805865324386
2031-10-08,41821.65449912786,30210.53879902528,53907.101043156494
2031-10-09,41836.332824426325,29945.18451400237,53820.56990150448
2031-10-10,41831.803232965794,29788.368160436905,54072.7663380633
2031-10-11,41941.95853630247,30250.914607287345,54169.19815099101
2031-10-12,41568.95261196386,29999.71130747772,53683.61754066921
2031-10-13,41852.69441071733,29665.634446787237,53864.21277355392
2031-10-14,41863.87909397103,29859.850699638224,54212.58132026668
2031-10-15,41862.30027967405,29779.134710315033,53793.24330816329
2031-10-16,41881.19031023384,29772.51872704585,54031.588057236164
2031-10-17,41880.66635512609,29804.14366170109,53912.488432869955
2031-10-18,41994.51239307567,30237.048689032505,54122.059014024904
2031-10-19,41624.78435348242,29722.431263922423,53772.36407137765
2031-10-20,41911.3067450405,30100.563189249526,53960.018425212205
2031-10-21,41924.70603703482,30163.91262450595,53946.38881758074
2031-10-22,41924.72470949455,30181.81211396586,54451.033492462586
2031-10-23,41944.56283568636,29879.463926414814,54029.8073368033
2031-10-24,41944.32497306963,29798.48651502125,54225.91451935465
2031-10-25,42057.80238565569,30262.264903480267,54165.79847548549
2031-10-26,41687.07787078804,29499.820247467538,54084.75248607552
2031-10-27,41972.021527012526,29545.35788803092,54195.53574471221
2031-10-28,41983.322752576714,29815.87566348133,54210.78623172636
2031-10-29,41980.802429311116,29957.674062592716,54251.727920572426
2031-10-30,41997.75220755609,29908.913661369745,54331.07929349927
2031-10-31,41994.37873247259,30028.240686102283,54530.12470646954
2031-11-01,42104.582909297256,30041.13839322606,54418.66471023237
2031-11-02,41730.56156330297,29666.62147320851,53968.33738051393
2031-11-03,42012.2999199154,30044.48983879359,54389.061508955114
2031-11-04,42020.60028663493,30207.194488150955,54249.09028814991
2031-11-05,42015.39098459584,29817.48482755572,54295.673344263734
2031-11-06,42030.06253661714,30032.743149659484,54344.81464958674
2031-11-07,42024.909039090904,29795.122875275094,54101.629280855064
2031-11-08,42133.90489536125,29885.19652347454,54573.97824949878
2031-11-09,41759.30433753156,29741.55051897277,54160.64791874829
2031-11-10,42041.13222220524,29946.61556951846,54438.06665952541
2031-11-11,42050.21152921183,29628.43570249303,54704.89641245586
2031-11-12,42046.47164435923,29985.074928409314,54516.64307958001
2031-11-13,42063.28445140709,29897.806670721024,54435.665846728545
2031-11-14,42060.90616325791,29948.277795514,54566.355328357815
2031-11-15,42173.25505716867,29663.892663831826,54675.5239192102
2031-11-16,41802.51251273544,29472.894055951547,54366.944870001695
2031-11-17,42088.61579552979,29912.38005478954,54276.31509687029
2031-11-18,42102.28795951008,29831.559840186994,54806.71425223075
2031-11-19,42103.34888167819,30076.846978434303,54641.20050671935
2031-11-20,42125.05437670845,29996.27206551344,54275.67706262622
2031-11-21,42127.54123656111,29779.415849894827,54279.38515792883
2031-11-22,42244.60826962491,30001.327814153305,54694.28656734692
2031-11-23,41878.320645186424,29452.671856556786,54421.09838636786
2031-11-24,42168.505893162415,29784.930755512483,54622.418225434274
2031-11-25,42185.786841771245,29981.148184536916,54831.49706333052
2031-11-26,42189.89542129759,29544.498670546694,54688.85139023748
2031-11-27,42214.01420390014,30176.163700334302,54708.7559673984
2031-11-28,42218.22345639589,29844.045481686837,54710.78653068525
2031-11-29,42336.28372404713,29818.34315024229,54969.77247194943
2031-11-30,41970.24120797878,29941.40591582904,54582.25117496966
2031-12-01,42259.92425725706,29978.373183609634,54450.46258039218
2031-12-02,42275.976244759455,29766.183994596544,54744.65440760757
2031-12-03,42278.16875699371,29924.88567801417,54716.78074440861
2031-12-04,42299.74198537099,30035.99316722276,55026.598692246276
2031-12-05,42300.850128466445,29861.999098393324,54695.24829997324
2031-12-06,42415.341870035394,29930.7720263047,55091.49829979678
2031-12-07,42045.36325489134,29546.633494240195,54312.12675742381
2031-12-08,42330.851354317536,30134.10518627609,55096.7597348707
2031-12-09,42342.56406985596,29825.05620810698,54939.92257736618
2031-12-10,42340.39009221852,29902.540640265874,55309.412877928604
2031-12-11,42357.685993824096,29900.52456856206,55257.01166680545
2031-12-12,42354.71835734058,29855.871673290854,54850.73253710154
2031-12-13,42465.441097087256,30241.156329444017,55062.64014294094
2031-12-14,42092.095384113265,29635.410120288474,54607.2562563198
2031-12-15,42374.70064951784,29809.17985453033,55050.00482845331
2031-12-16,42384.08208952929,29866.462758158374,54862.58301914174
2031-12-17,42380.17875352584,29891.327019206008,55027.09470655573
2031-12-18,42396.379245856726,29754.722340735607,55122.08480718679
2031-12-19,42392.962982659286,30013.67091669073,55146.16214186974
2031-12-20,42503.87718473905,30200.250763534288,55181.3307676573
2031-12-21,42131.33702630075,29730.115487278916,54985.695661710364
2031-12-22,42415.31740750068,29694.181548272438,55281.00705549645
2031-12-23,42426.581752498096,30042.033542626545,55416.07892271207
2031-12-24,42424.991877661094,29813.543647280418,54879.647428337594
2031-12-25,42443.84591061989,30049.227567365055,55121.77605884645
2031-12-26,42443.32213900747,29919.726358364886,55398.047050324145
2031-12-27,42557.25889717913,30001.909340605118,55414.59310174665
2031-12-28,42187.75782948789,29566.984495637633,55301.93209144089
2031-12-29,42474.67891084378,29874.40459787967,55261.851823854
2031-12-30,42488.672535295605,29990.334733282492,55170.37053696089
2031-12-31,42489.49262527964,30203.812995106968,55614.83396629764
2032-01-01,42510.33765165028,30026.770462620545,55209.345252217536
2032-01-02,42511.29735682964,30037.49733605222,55268.90884591803
2032-01-03,42626.13520917622,30061.020890261814,55446.11025428626
2032-01-04,42256.893855667906,29478.015748799757,55013.80487528633
2032-01-05,42543.39189270549,29575.56519833264,55431.16065465521
2032-01-06,42556.25721713378,29737.854140783387,55351.286571236305
2032-01-07,42555.240875079355,29872.807338473052,55325.533742695574
2032-01-08,42573.55827829175,29885.088663123533,55585.70387695912
2032-01-09,42571.33557482312,30099.71564986854,55475.91965121225
2032-01-10,42682.39121199093,30137.40686741491,55530.236678668654
2032-01-11,42308.839983355836,29850.845685766024,55299.1332992697
2032-01-12,42590.58791828591,29866.68438982428,55267.16986928298
2032-01-13,42598.36332809459,29759.859617665763,55536.66138235966
2032-01-14,42592.02798972714,30062.531025023036,55583.85498557604
2032-01-15,42604.91540980021,30089.55390789332,55866.42768913287
2032-01-16,42597.274036783805,29820.404040691188,55480.57625180919
2032-01-17,42703.04554555354,29879.459000947045,55552.62769196991
2032-01-18,42324.46557543056,29643.386335812662,55172.45338762171
2032-01-19,42601.55537030989,29786.964373642335,55714.008354203055
2032-01-20,42605.14972287085,29838.241665156984,55684.477968438514
2032-01-21,42595.20528765948,29937.83187070768,55034.53215911925
2032-01-22,42605.13628305063,29685.671745411062,55812.447249771336
2032-01-23,42595.25551836042,29770.58229797331,55488.86846801936
2032-01-24,42699.55092837998,30075.711296805774,55513.81975458359
2032-01-25,42320.285042439755,29490.341772055715,55336.394644684464
2032-01-26,42597.4858693408,29422.531490034515,55567.847227233484
2032-01-27,42601.97461892271,30022.14930070114,55298.949042089014
2032-01-28,42593.674329281115,29394.422133039574,55585.00454816597
2032-01-29,42605.946409448086,29699.678324700646,55739.174620204
2032-01-30,42599.033009481594,29961.175854245146,55570.14723562908
2032-01-31,42706.8353625826,29803.675542767407,55489.97896139037
2032-02-01,42331.51547646021,29533.042144875242,55437.32532245881
2032-02-02,42612.989594650666,29899.200366507754,55695.239460485485
2032-02-03,42621.95877886188,30226.090446916623,55529.51361600149
2032-02-04,42618.22060465875,29797.614743626604,55685.36457971452
2032-02-05,42635.0088986112,29772.07974475104,55662.440338152366
2032-02-06,42632.439344556675,30083.21478572659,55339.11367525635
2032-02-07,42744.29101891684,29941.763886787012,55820.78837313854
2032-02-08,42372.611149545206,29306.74422439304,55391.38419252243
2032-02-09,42657.21144026088,29677.984574592512,55739.80622825598
2032-02-10,42668.70123978866,29407.167779682455,55931.5151246254
2032-02-11,42666.80148315143,29892.34424826027,55974.68854917936
2032-02-12,42684.68627921614,29762.843033986865,55951.020893722925
2032-02-13,42682.429928597885,29863.389151224877,55605.97313900482
2032-02-14,42793.7894005981,29927.33127923528,55898.61766228806
2032-02-15,42420.80954520804,29839.058036372466,55366.07131396178
2032-02-16,42703.31937689843,29456.04008882905,55806.84866874767
2032-02-17,42711.96471664706,30109.781928300617,55823.649672379615
2032-02-18,42706.52114058432,29720.443190177473,55863.268821416335
2032-02-19,42720.23414116628,29903.08715135372,55761.19272232652
2032-02-20,42713.26432815852,29815.847355935966,56021.50117450892
2032-02-21,42819.46775067227,30006.41694533026,56123.08269395371
2032-02-22,42440.99867665261,29636.336995743222,55319.12694982113
2032-02-23,42717.80323316032,29523.85001668214,55599.3849988529
2032-02-24,42720.64926457654,29816.07773662886,56025.55505278332
2032-02-25,42709.43643005718,29715.000593911427,56188.37689134806
2032-02-26,42717.53351922648,30092.2078912178,56094.50011763694
2032-02-27,42705.22088470167,29788.869041230155,55672.50106103497
2032-02-28,42806.4681402024,29571.271035217196,56135.400282085844
2032-02-29,42423.534522793045,29277.60972524754,55631.67301905715
2032-03-01,42696.46037761572,29566.426493712956,55976.04130288596
2032-03-02,42696.095168952976,29392.541693720366,56183.50474746209
2032-03-03,42682.40607621418,29858.76110929983,56166.69354493684
2032-03-04,42688.81418089814,29824.17530718909,56007.178811954305
2032-03-05,42675.63615946966,29691.232627131587,55824.54511390861
2032-03-06,42776.86163649103,29644.874009524316,56193.05322888506
2032-03-07,42394.75359141005,29392.82618307726,55859.60276090686
2032-03-08,42669.34026201722,29555.187816904643,56076.60096520259
2032-03-09,42671.44392363992,29538.75899343133,56139.414914361885
2032-03-10,42660.99056934313,29690.6047663869,55864.08519918189
2032-03-11,42671.347456657764,29415.28819989865,56011.25234141193
2032-03-12,42662.76638936759,29584.330858392907,55920.949702193575
2032-03-13,42769.16283791502,29772.699045978163,56157.94868972575
2032-03-14,42392.71823831863,29037.50741807722,55734.12994579936
2032-03-15,42673.37385803911,29485.679046559235,55967.03676106625
2032-03-16,42681.86155374567,29354.71448859515,56171.412080684546
2032-03-17,42678.01539431292,29566.93514150522,56172.10455171011
2032-03-18,42695.11106609279,29459.662108375214,55933.00344882851
2032-03-19,42693.31088540634,29641.970098779766,56234.547402426215
2032-03-20,42806.4444841567,29837.30202882622,56099.93410206252
2032-03-21,42436.612477649396,29315.62530738894,55840.661127641586
2032-03-22,42723.68147971999,29477.919220736432,56309.80101438886
2032-03-23,42738.315774722694,29472.764193987186,56212.5609544764
2032-03-24,42740.28961227256,29512.24108965573,56236.69823864492
2032-03-25,42762.827042328165,29707.122333857627,56258.07814169167
2032-03-26,42766.047123550656,29446.289257150205,56220.081988080674
2032-03-27,42883.74458584485,29822.633531330102,56141.924916747674
2032-03-28,42517.99327721572,29371.937067694776,55971.85636346521
2032-03-29,42808.640786277145,29219.699238391335,56457.30382173976
2032-03-30,42826.33958017631,29447.58055041325,56313.692821085846
2032-03-31,42830.85865686813,29169.163464080633,56250.81215713319
2032-04-01,42855.42266377727,29817.985341854674,56562.08719154078
2032-04-02,42860.15635059998,29634.76379606056,55971.49344985138
2032-04-03,42978.86447073134,29795.83551903571,56650.64389737594
2032-04-04,42613.63449293577,29323.20001333776,56089.95824983711
2032-04-05,42904.33054267814,29497.37395035034,56631.407418950694
2032-04-06,42921.62393669265,29307.90679540587,56511.20329268226
2032-04-07,42925.30432853261,29317.486577328862,56368.985527809666
2032-04-08,42948.61843038089,29443.73941974448,56593.386755641906
2032-04-09,42951.71418610195,29351.237888376636,56678.010693208154
2032-04-10,43068.42051126905,29487.043317434265,56388.177277548406
2032-04-11,42700.84995703681,29414.471788827123,55909.69193856631
2032-04-12,42988.89270686998,29674.457201228684,56568.46319435834
2032-04-13,43003.24725425177,29699.118981984127,56518.83039981195
2032-04-14,43003.73175920827,29757.73775077913,56809.80860903633
2032-04-15,43023.62302553589,29829.02858788556,56808.73677316945
2032-04-16,43023.10094779872,29585.068668569493,56614.247631995895
2032-04-17,43136.02851652768,29939.596017050677,56520.91336934571
2032-04-18,42764.55471086074,29153.69476977225,56303.93408499116
2032-04-19,43048.6086610125,29778.209348339948,56346.07692789888
2032-04-20,43058.9304039991,29350.631725847365,56643.97527533194
2032-04-21,43055.38220897074,29401.988627395407,56911.39632287991
2032-04-22,43071.28739656643,29514.068837043604,56677.88351842552
2032-04-23,43066.87448882994,29486.86603605079,56445.123619294216
2032-04-24,43176.05677108347,29708.451562209873,56845.233168099396
2032-04-25,42801.034594095174,29199.032454739372,56116.82320242375
2032-04-26,43081.78880413687,29564.893015274938,56493.621856118036
2032-04-27,43089.11063600185,29559.608615671095,57082.191402780605
2032-04-28,43082.912062950105,29643.365777544415,57055.17737867817
2032-04-29,43096.56355135052,29571.44069223382,56856.4582432328
2032-04-30,43090.337084871215,29673.178502539082,56892.372484421336
2032-05-01,43198.18457220598,30022.6425622338,57029.005532967596
2032-05-02,42822.33900235454,29461.977156634755,56570.05553502958
2032-05-03,43102.806772908574,29632.209265467925,56692.77022452047
2032-05-04,43110.39656499763,29649.96347739072,56625.63191027588
2032-05-05,43105.02879706665,29675.85273564764,56975.95975358593
2032-05-06,43120.07264160862,29842.002656118195,56686.15319904079
2032-05-07,43115.78850303236,29333.277438495214,56670.45208486012
2032-05-08,43226.10609963529,29838.560125486732,57061.27313552089
2032-05-09,42853.225537294406,29196.65949733512,56577.62934990495
2032-05-10,43137.109817521334,29410.559532683863,56980.11047485613
2032-05-11,43148.51416354526,29653.066683643556,56788.59992847392
2032-05-12,43147.296198840224,29509.88474587137,56977.610055139376
2032-05-13,43166.75395632207,29746.41038506537,57109.878342646574
2032-05-14,43167.06960234264,29742.589040674775,57188.89240167034
2032-05-15,43282.08899624244,29548.095883298156,57180.8733188025
2032-05-16,42913.924443307864,29333.4393197408,56620.79415723389
2032-05-17,43202.44904690434,29843.860125537256,57321.60472265239
2032-05-18,43218.328000548696,29366.233816196156,56904.61212254101
2032-05-19,43221.33080636137,29583.52673172963,57056.3478597831
2032-05-20,43244.67134647574,29607.472817848156,57269.03391217303
2032-05-21,43248.45363745547,29411.189431701165,57447.11819450319
2032-05-22,43366.453333760895,29659.303643692358,57306.76826696495
2032-05-23,43000.72228399364,29107.273519002112,56783.90032436213
2032-05-24,43291.084494114955,29575.692110048003,57602.06653018981
2032-05-25,43308.16879065426,29269.627084266504,57101.748341007966
2032-05-26,43311.72212798418,29616.479218997643,57307.52345638059
2032-05-27,43334.950430679324,29697.84323400823,57336.867321383914
2032-05-28,43337.96477330293,29675.26103518399,57194.776510286974
2032-05-29,43454.56294476095,29845.99102558816,57337.790383130094
2032-05-30,43086.83369174332,29205.189302675382,57190.883038703236
2032-05-31,43374.65199611051,29712.03971243236,57860.17468455197
2032-06-01,43388.710690160304,29648.444443724056,57419.76218749869
2032-06-02,43388.83237483683,29646.036795299893,57289.9581596062
2032-06-03,43408.30856244352,29681.912893930985,57559.13054318649
2032-06-04,43407.343885712544,29801.934779848834,57114.32414272346
2032-06-05,43519.83546786703,29606.337428150364,57800.465280099364
2032-06-06,43147.97480234162,29400.362054868456,57366.91915371261
2032-06-07,43431.74055658199,29425.09857767927,57387.587997696624
2032-06-08,43441.927667082986,29704.22586504827,57429.97347008756
2032-06-09,43438.45675597621,29594.171771274876,57523.356584890804
2032-06-10,43454.710856197074,29586.26396806512,57394.00514831738
2032-06-11,43450.97735095357,29862.78143505616,57606.11331366373
2032-06-12,43561.225282581334,29765.001738949835,57774.85489831511
2032-06-13,43187.70543480559,29672.58755782963,57356.172150315666
2032-06-14,43470.44165147402,29767.879829050235,57765.293199152926
2032-06-15,43480.258799481984,29813.171721499333,57600.75273618827
2032-06-16,43477.09143743909,29630.38205299602,57776.14215380935
2032-06-17,43494.32019815365,29703.248545189774,57766.17737961663
2032-06-18,43492.21380081181,29590.909134113313,57738.92051198252
2032-06-19,43604.70684684198,29933.38831604638,57620.57233832979
2032-06-20,43234.00079122433,28928.857727022238,57580.857935186876
2032-06-21,43520.05652898616,29366.36754748991,57801.89613706696
2032-06-22,43533.62397101333,29782.00182623028,57677.72973168186
2032-06-23,43534.55262764073,29648.911209444963,57843.96878828516
2032-06-24,43556.13015674647,29651.664767438182,57929.631103799926
2032-06-25,43558.52673398837,29853.793153827653,57967.26504850608
2032-06-26,43675.57533577075,29676.119575618508,57927.05475175185
2032-06-27,43309.3752596805,29247.078525671517,57753.384943561745
2032-06-28,43599.78725366788,29691.10908541868,57928.16063566099
2032-06-29,43617.46555983024,29641.795572101928,57557.64315988035
2032-06-30,43622.17082533666,29694.0649375222,57872.23561338353
2032-07-01,43647.11077530496,29817.513293429423,57568.5297937473
2032-07-02,43652.386449316706,29897.20452422882,57719.81043311495
2032-07-03,43771.77404350798,29868.540705035633,57826.651323612714
2032-07-04,43407.32964325038,29562.1879572816,57477.27412648658
2032-07-05,43698.88518778176,29690.481593315675,58234.78675679291
2032-07-06,43717.08095356953,29726.316968458723,57801.60227437596
2032-07-07,43721.678501035436,29794.25701381912,57894.06600609581
2032-07-08,43745.90098311957,29565.321803865063,58190.1073514964
2032-07-09,43749.87863224935,29825.00580821799,58304.957737224526
2032-07-10,43867.42949347686,30047.23923841074,58230.181367224206
2032-07-11,43500.662724663816,29551.678624604818,57705.199380767015
2032-07-12,43789.47284994783,29534.85616933521,57954.283712830744
2032-07-13,43804.57030581673,29845.830705714576,58132.45764040045
2032-07-14,43805.792283105395,29559.156200338122,58128.910135596576
2032-07-15,43826.44082638673,29711.236434217328,57849.568494239094
2032-07-16,43826.726072895035,29512.844966806533,58272.3561028307
2032-07-17,43940.54476487508,29927.43275413792,58132.01892235628
2032-07-18,43570.08142093099,29680.160639160076,57995.345952540214
2032-07-19,43855.30061415209,29556.02430419931,58344.48394889543
2032-07-20,43866.97575263428,29360.847118713442,58179.385181103215
2032-07-21,43864.99841538799,29625.407459832044,58322.5821600677
2032-07-22,43882.71524649963,29371.495213194226,58227.00571208912
2032-07-23,43880.37032172913,29928.654301976585,58016.7727908499
2032-07-24,43991.88314303335,29834.50772955369,58178.8245350703
2032-07-25,43619.449657403966,29526.040570922614,58284.310191794895
2032-07-26,43903.03474714682,29497.037122333662,58470.18599160403
2032-07-27,43913.40157557316,29678.642157335344,58210.26628025009
2032-07-28,43910.42181847559,29988.063139252234,58158.7842196627
2032-07-29,43927.41375161528,29869.13325120556,59008.78777404846
2032-07-30,43924.58606659905,29756.051925283995,58470.01650057416
2032-07-31,44035.81752112891,29945.23141813352,58515.3093740114
2032-08-01,43663.25976408076,29225.337208214623,57796.03745293449
2032-08-02,43946.83172219961,29421.124227730674,58573.15501831126
2032-08-03,43957.25086920406,29917.990704641823,58573.80317808224
2032-08-04,43954.34534384825,29719.233079980426,58304.541381586976
2032-08-05,43971.39382449038,29807.92653074836,58672.927212506496
2032-08-06,43968.57097306396,29666.77887124318,58384.115110837745
2032-08-07,44079.72849992843,29986.013741874547,58841.27262221743
2032-08-08,43706.99914230465,29523.393462004304,58070.47518603935
2032-08-09,43990.29190349928,29758.70858645799,58906.099808730425
2032-08-10,44000.323843661856,29829.043167661053,58417.41156631723
2032-08-11,43996.93236897392,29872.837025150657,58552.53854882911
2032-08-12,44013.4149183369,30190.793957291888,58449.903659764845
2032-08-13,44009.97386340744,29606.132380030027,58359.132235564415
2032-08-14,44120.496687817475,29819.420204398994,59139.68447611154
2032-08-15,43747.15876376423,29367.83752555031,58291.59414157995
2032-08-16,44029.91710893687,29753.711101252018,58723.26061101246
2032-08-17,44039.54045967329,29596.22027050188,58626.23969361434
2032-08-18,44035.91966038958,30011.385035926072,58463.88223233328
2032-08-19,44052.40532792703,29948.445388281918,58606.97304195838
2032-08-20,44049.250670898866,29779.942848533155,58389.5756330661
2032-08-21,44160.38959688726,29990.896921484185,58966.51664352076
2032-08-22,43788.03749327822,29198.268094092837,58736.44815494814
2032-08-23,44072.1831310776,29626.340191057407,58885.81281797939
2032-08-24,44083.617090416476,29696.985674410244,58662.506241831456
2032-08-25,44082.24076532041,29796.40771000992,58890.27705688601
2032-08-26,44101.402956635335,29881.08689394598,58604.599449219284
2032-08-27,44101.34197472635,29883.90443301768,58830.98273917363
2032-08-28,44215.963416015205,29633.368304645704,58982.145765349305
2032-08-29,43847.44101923368,29439.64238668256,58873.0001942257
2032-08-30,44135.70905868441,29773.95265041832,58358.48072656619
2032-08-31,44151.49166885082,30054.553863836554,59202.317195717565
2032-09-01,44154.61314104105,29570.86612782412,58753.606586404836
2032-09-02,44178.33617207185,29477.731312475848,58758.41041402342
2032-09-03,44182.805946154724,29807.169839738843,58960.66406072721
2032-09-04,44301.83016341134,29996.665243764906,59190.2551017189
2032-09-05,43937.48236113089,29727.581583456795,59021.77487228948
2032-09-06,44229.5969180246,30075.030082632045,59038.76096835318
2032-09-07,44248.80106329181,29846.07964271611,58935.36477953351
2032-09-08,44254.82785522684,29920.482104187693,59183.29296302734
2032-09-09,44280.857032204054,30158.936719542344,59006.52393609917
2032-09-10,44286.96154105879,29722.773266095373,59087.8130868799
2032-09-11,44406.88978337291,30064.638133962464,59221.277592187915
2032-09-12,44042.67085825382,29519.736297471456,58787.852421238305
2032-09-13,44334.11113182365,29695.449371281164,59201.864148086206
2032-09-14,44351.82740438306,29757.040762143904,59119.988689848135
2032-09-15,44355.56060006203,30020.678865595182,59187.28923333165
2032-09-16,44378.51685392725,29601.919049191256,59353.75053889785
2032-09-17,44380.813786828585,29934.427852644174,59432.24943182764
2032-09-18,44496.26200734226,30082.884056591298,59542.579382726995
2032-09-19,44126.969132173996,29577.99615191642,58883.44830659756
2032-09-20,44412.8346815124,29844.1660351751,59412.67730532121
2032-09-21,44424.58115974132,30235.516400357563,59693.31052882163
2032-09-22,44422.065297643494,29988.78602943151,59485.24182145027
2032-09-23,44438.61639325429,29789.904747830922,59251.9984049412
2032-09-24,44434.479612727475,29727.56293189065,59444.88316200417
2032-09-25,44543.59436893528,29856.552013852564,59498.020113026396
2032-09-26,44168.19515233469,29544.950864005157,59051.62123282833
2032-09-27,44448.303256595966,29946.26357685599,59497.03893216299
2032-09-28,44454.754795540735,29614.346318259268,59787.421598776666
2032-09-29,44447.50907163747,29310.334732600804,59256.39319562743
2032-09-30,44459.98431264827,29849.252385217715,59451.2339045505
2032-10-01,44452.49871057941,30030.340907544258,59485.77383839671
2032-10-02,44559.04694438804,29903.168677593443,59453.23138058169
2032-10-03,44181.8996140933,29527.67776873592,59133.47088746276
2032-10-04,44461.094069484796,29790.473844741093,59554.08779710006
2032-10-05,44467.4620571903,30148.745853548764,59683.7929413872
2032-10-06,44460.93825912056,30033.328181659745,59396.04832535267
2032-10-07,44474.89673689678,29601.855011068263,59638.71643672185
2032-10-08,44469.59319945747,29495.561806352496,59540.288336811034
2032-10-09,44578.94324394208,29760.012886696655,59654.49280433634
2032-10-10,44205.123952433554,29158.217718104093,59138.29605968798
2032-10-11,44488.06727017089,29752.135497540614,59503.572952040966
2032-10-12,44498.49052053375,29674.071902254473,59785.41996464938
2032-10-13,44496.2080522264,29662.637562659424,59690.61448192321
2032-10-14,44514.470948743874,29960.518636349614,59537.3655761255
2032-10-15,44513.41262818258,29734.363739266064,59688.31093633575
2032-10-16,44626.83039223054,29894.873669259177,59659.1906467624
2032-10-17,44256.790216005116,29347.919839527538,59765.29394832415
2032-10-18,44543.12311646852,29931.640449277085,59375.11255340511
2032-10-19,44556.45837215302,29430.898182443172,59642.21826214405
2032-10-20,44556.53751487668,29902.91477127232,59761.53307262972
2032-10-21,44576.55595855983,29738.44456338739,59696.77702581239
2032-10-22,44576.6100400168,29919.594700154703,59808.574332306074
2032-10-23,44690.47949046782,29514.256469462875,60039.2810868164
2032-10-24,44320.23260384988,29541.981286297912,59582.34924504136
2032-10-25,44605.722429061876,29863.033374102954,60008.10072654195
2032-10-26,44617.61926380886,29894.077250947706,60017.24586744105
2032-10-27,44615.723390957646,29723.634498161395,59720.33172430444
2032-10-28,44633.3049575875,29820.56812271375,60083.69993072056
2032-10-29,44630.548820433316,29268.969269417194,59685.8496308874
2032-10-30,44741.33443792912,29608.95656762803,59808.79716771562
2032-10-31,44367.838147031114,29546.5803628669,59609.05149143155
2032-11-01,44650.02623295491,29436.990589958557,59985.22504838778
2032-11-02,44658.68415693905,29693.952112967734,59826.85963462101
2032-11-03,44653.72597451323,29652.609316316262,60487.23900093994
2032-11-04,44668.530937471725,29700.671333100152,59830.95763379906
2032-11-05,44663.38519524396,29482.089728282717,59959.05830380907
2032-11-06,44772.25876406116,29458.715564393326,60076.872745282875
2032-11-07,44397.40518421815,29528.062943617446,60195.18816448737
2032-11-08,44678.85234712572,29613.28593319994,60057.33282591196
2032-11-09,44687.429920299146,29496.011735055286,60011.59381893536
2032-11-10,44683.07745343765,29862.12518943045,59916.48162337997
2032-11-11,44699.180195691144,29604.185843625255,60279.56887141139
2032-11-12,44696.010561895426,29769.11361981933,59766.21570241229
2032-11-13,44807.50542280397,29693.745035639247,60375.51734395462
2032-11-14,44435.866630602955,29211.95037573928,59962.80865965178
2032-11-15,44721.05323700535,29416.05035449995,60291.52079790306
2032-11-16,44733.810792949494,29708.18547290979,60118.69623594083
2032-11-17,44733.981760328614,29468.068633897492,60380.01094811714
2032-11-18,44754.84400102255,29709.31593527703,60336.431688864686
2032-11-19,44756.555205803554,29866.720411465354,60541.864281234
2032-11-20,44872.93335486058,29460.8891071603,60630.35020689867
2032-11-21,44506.06053201229,29507.931077016638,59999.827956136425
2032-11-22,44795.77845740713,29853.28469806137,60055.93658512833
2032-11-23,44812.721034537535,29809.290169953492,60633.569380446934
2032-11-24,44816.62785068825,29807.078345309656,60309.24022994993
2032-11-25,44840.68550921645,29647.647888571977,60266.39239460742
2032-11-26,44844.97457644826,29568.87226182338,60612.97583143341
2032-11-27,44963.25216412332,29774.76789828058,60336.95274460616
2032-11-28,44597.55740999518,29043.481557437535,60051.67547487685
2032-11-29,44887.70817468425,29840.353579712282,60460.817049722114
2032-11-30,44904.33421806902,29964.278785856244,60550.826031440985
2032-12-01,44907.19077688046,29652.990749959543,60604.432993664566
2032-12-02,44929.499420050844,29989.67613890058,60594.177001428056
2032-12-03,44931.39397821811,29376.35637247786,60912.02667674688
2032-12-04,45046.70159731463,30216.558544022057,60466.03069545611
2032-12-05,44677.546222089266,29307.628536804055,60403.87184240095
2032-12-06,44963.84288414986,29500.613825029268,60709.77681183917
2032-12-07,44976.3281258186,29615.912530584297,60950.13658660438
2032-12-08,44974.870559103045,29720.311455875682,60788.226825793055
2032-12-09,44992.80852144255,29998.44310264086,60629.90115132568
2032-12-10,44990.39271475811,29444.76311702072,60737.75373873561
2032-12-11,45101.56397036201,29799.783024620923,60716.61385909818
2032-12-12,44728.55353809551,29257.84066211194,60319.734032446504
2032-12-13,45011.37436408433,30185.423278123464,60650.056411048776
2032-12-14,45020.84877295198,29855.084105679718,60421.65712467453
2032-12-15,45016.91663077838,29799.370981301934,60729.889013918226
2032-12-16,45032.97101757953,29277.55739891403,60800.626433640326
2032-12-17,45029.29935142259,29583.161254815812,60631.68401343388
2032-12-18,45139.86014898861,29652.5321350463,61219.35331909104
2032-12-19,44766.882848964626,29553.9874270268,60330.24793466943
2032-12-20,45050.35917539951,29502.277990133574,61052.47946907791
2032-12-21,45061.07145422976,29768.925420668522,60889.5066349858
2032-12-22,45058.90194112637,29425.219596697298,60912.13809300325
2032-12-23,45077.17015656725,29340.9130364579,61043.46077568284
2032-12-24,45076.07612329043,29488.56709823598,60788.081697933536
2032-12-25,45189.4796315926,29809.579905425337,61112.36110092869
2032-12-26,44819.50288837198,29351.238405926586,60787.57837367868
2032-12-27,45106.024947857215,29367.954920677,61063.12633734281
2032-12-28,45119.713251184075,29569.723206435774,60846.898543919015
2032-12-29,45120.33624278703,29670.24297238872,61217.32718361196
2032-12-30,45141.10396745186,29472.042143270293,61198.47000345168
2032-12-31,45142.1144521066,29627.24865459964,60679.84391085656
2033-01-01,45257.13590994535,29722.652117656748,60884.14853953589
2033-01-02,44888.21204090743,29455.212830255707,60591.056279629855
2033-01-03,45175.15875251808,29827.287018084804,61064.464313025936
2033-01-04,45188.597564575204,29699.368972323402,61401.25823163486
2033-01-05,45188.269613750555,29813.10516881996,61234.40206386436
2033-01-06,45207.37712346935,29603.388821357654,61184.541352080625
2033-01-07,45206.030118907656,30138.8028796942,61056.53380450389
2033-01-08,45318.02841553079,29863.79256849881,61557.79552051332
2033-01-09,44945.4661611609,29125.36034412229,61248.47188993545
2033-01-10,45228.22727657819,29425.801418372765,61403.81461006089
2033-01-11,45237.01709348421,29623.740975108874,61233.4103353404
2033-01-12,45231.67415461728,29461.31497304033,61134.30355300872
2033-01-13,45245.509102021315,29673.45165170873,61064.313234013905
2033-01-14,45238.748504223346,29512.41142481666,61018.55005265175
2033-01-15,45345.31372990206,29499.478875736186,61247.542978160505
2033-01-16,44967.422233211386,29278.658064092826,61216.72813958622
2033-01-17,45245.07968463034,29656.903741969458,61406.71176732297
2033-01-18,45249.108336239064,29409.51474594618,61281.82556185807
2033-01-19,45239.45567496105,29953.22247432223,61393.54583419712
2033-01-20,45249.53037487311,29389.710349949317,61334.717845782034
2033-01-21,45239.643478382095,29790.720094837656,61664.170245831796
2033-01-22,45343.784984676684,29527.07441998205,61707.186038403175
2033-01-23,44964.223271483075,29256.55880304349,60988.48566336055
2033-01-24,45240.995833065586,29776.26538998605,61623.15153130202
2033-01-25,45244.93675954618,29776.145878382133,61471.185465669645
2033-01-26,45235.985033398545,29085.954424613872,61782.57906832586
2033-01-27,45247.52066209881,29481.945784080057,61381.51253839738
2033-01-28,45239.80657009891,29621.202628884203,61482.097250569044
2033-01-29,45346.76640773671,29329.549413361416,61625.34046157428
2033-01-30,44970.58566863106,29137.369687122817,61105.309335220016
2033-01-31,45251.20455160078,29468.98112710462,61713.47541614383
2033-02-01,45259.34793405743,29107.548373519854,61835.64107332746
2033-02-02,45254.83646514213,29620.386712659296,61848.824960326114
2033-02-03,45270.925722408865,29272.273325553175,61525.26969070497
2033-02-04,45267.751274617614,29466.74582094696,61834.865325920524
2033-02-05,45379.10972434748,29299.545949206542,61693.10316332424
2033-02-06,45007.063037206266,28995.6182210504,61094.156244859645
2033-02-07,45291.434510229155,29244.3563861331,61884.96857607144
2033-02-08,45302.84166661575,29307.226625809522,61301.50842140739
2033-02-09,45301.01001097154,29150.222056016137,61522.72923567689
2033-02-10,45319.11452245341,29559.375453782573,62037.098807178685
2033-02-11,45317.22667130014,29362.655575338224,61718.36098235979
2033-02-12,45429.09698619035,29568.833539239597,61884.40634618975
2033-02-13,45056.76044483262,29248.552443631495,60981.38999960781
2033-02-14,45340.03301864469,29462.49351340698,61602.378909055384
2033-02-15,45349.54465000415,29701.857036459853,62105.61090902652
2033-02-16,45345.05260070895,29343.315480506804,61569.82570476105
2033-02-17,45359.78206625212,29490.192757849403,62007.13462313227
2033-02-18,45353.87187074656,29549.687220896445,61608.67607249694
2033-02-19,45461.155310435446,29438.511434325934,61902.711935791565
2033-02-20,45083.76346846794,29287.062885559804,61472.57859081392
2033-02-21,45361.619390450745,29550.366884983978,61714.738305576444
2033-02-22,45365.46846443207,29303.058007414562,61545.43096556076
2033-02-23,45355.189013836534,29454.120834215,61888.64716363652
2033-02-24,45364.130070495004,29305.297844286397,61794.114495375565
2033-02-25,45352.55421590031,29142.97456344371,61733.31854851905
2033-02-26,45454.4156304708,29627.70813954267,61832.06842338924
2033-02-27,45071.96074221741,29086.95412578391,61226.12047861348
2033-02-28,45345.21992791069,29106.53189820557,61850.62962987235
2033-03-01,45345.03566737074,29370.677715532333,61897.22488729414
2033-03-02,45331.371208268625,29141.62296341091,61808.980452430726
2033-03-03,45337.6467483516,29397.651934545847,61859.436633347585
2033-03-04,45324.18105279713,29287.707116333728,61722.084180062506
2033-03-05,45424.968665628076,29428.658665431758,62029.58811769844
2033-03-06,45042.28011480718,29052.485477390845,61646.96417513129
2033-03-07,45316.15356160558,29484.42740942607,61745.743920788205
2033-03-08,45317.42328205318,29000.71174286489,61961.08602473502
2033-03-09,45306.02901533406,29071.011825820253,61613.00797346779
2033-03-10,45315.353154725315,29214.41108849778,61916.89175901722
2033-03-11,45305.66365999193,29173.597688438625,61918.77370735868
2033-03-12,45410.89280504676,29127.87806241337,62254.07257512265
2033-03-13,45033.239110643735,28582.053128728094,61917.57619782363
2033-03-14,45312.66085979384,29002.75580635158,62198.74989372525
2033-03-15,45319.906529152606,28936.882791121643,62142.77067160604
2033-03-16,45314.826116931275,29096.063778134012,62155.102277309
2033-03-17,45330.71029028137,29321.971188173007,61833.831419184666
2033-03-18,45327.73518160081,29114.42854197338,62098.214341196384
2033-03-19,45439.742902621016,29187.069600588842,62010.767022486616
2033-03-20,45068.84508687104,28921.718437909378,62170.45213748974
2033-03-21,45354.9178255373,28937.6120939648,62340.31646503452
2033-03-22,45368.633304805975,29120.794656087586,62024.025790555614
2033-03-23,45369.772107741686,29178.03556307866,62018.30657556877
2033-03-24,45391.56309431417,29145.25190574242,62195.296362466936
2033-03-25,45394.128687510034,29182.1914146191,62119.93468836739
2033-03-26,45511.26564064759,29271.570351071234,62096.9233957974
2033-03-27,45145.04860973741,28880.12754115353,62139.607556361385
2033-03-28,45435.32491558779,29153.990904670834,61998.20216103329
2033-03-29,45452.74582872631,29263.07280840876,62083.07094338412
2033-03-30,45457.07836959619,29033.969008053056,62081.680403038146
2033-03-31,45481.54456998401,29286.79719513358,62062.75877721005
2033-04-01,45486.266057958215,28620.17067025254,62455.47751741688
2033-04-02,45605.04407617579,29581.005562414626,62332.986098434405
2033-04-03,45239.96229146705,28873.564521682274,62236.57742365095
2033-04-04,45530.880812495365,29035.92261675438,62351.62368053798
2033-04-05,45548.46677758905,29185.170260217095,62768.782388658896
2033-04-06,45552.50553013681,28928.7423186672,62395.2893569557
2033-04-07,45576.2393476941,29152.461369224922,62382.81991232758
2033-04-08,45579.81160166341,29053.32926230614,62176.84749274098
2033-04-09,45697.04646623353,28933.782630733484,62650.690272997366
2033-04-10,45330.051537198226,28922.930336685084,62314.40054929363
2033-04-11,45618.71177416735,28914.112050952597,62697.079542726715
2033-04-12,45633.72011926053,28942.581518930205,62613.5160707864
2033-04-13,45634.88879542835,29127.761217959353,62734.42421102593
2033-04-14,45655.48823162944,29400.830583497394,62709.15955824485
2033-04-15,45655.69146917524,28795.74392186549,62684.988009158835
2033-04-16,45769.35414251087,29251.37012070705,62798.18067491693
2033-04-17,45398.617367982246,28682.656612944906,62520.99032644619
2033-04-18,45683.401926485705,29223.47822194835,62718.57563626668
2033-04-19,45694.43906606556,28851.488159657056,62766.9985921197
2033-04-20,45691.581902333746,28958.00728644662,62747.68516666377
2033-04-21,45708.14434157225,29166.66060760651,63122.936212229004
2033-04-22,45704.34536225808,29015.06194275089,62584.861999662564
2033-04-23,45814.088734435325,29499.68298536942,62615.99731810147
2033-04-24,45439.565502068035,28706.685100304345,62422.50969800628
2033-04-25,45720.74761174107,29117.775060152235,62623.21303666674
2033-04-26,45728.41801749597,29024.35972046279,63026.87067262441
2033-04-27,45722.48124968715,29230.48460606617,63122.651177727515
2033-04-28,45736.301388901426,29156.639613446376,62868.51987728054
2033-04-29,45730.14530261876,28807.811013819053,63054.37090555072
2033-04-30,45837.96125121697,29124.31487604267,62596.86706124524
2033-05-01,45461.980220034224,28807.510590186663,62678.19464373259
2033-05-02,45742.20839588415,29213.386677535385,63023.36692356594
2033-05-03,45749.45615522686,29152.545104129462,62781.070899461214
2033-05-04,45743.64759041959,29129.147514345143,62558.65345000511
2033-05-05,45758.15755347916,29059.654237147126,62782.36487938192
2033-05-06,45753.25411200942,29119.399928549596,63026.44392885362
2033-05-07,45862.876558080774,29113.94824908547,63143.58411511064
2033-05-08,45489.2363569478,28861.200013027672,62619.5596710686
2033-05-09,45772.309479068674,29230.77788937976,62935.31314183764
2033-05-10,45782.86550146978,29065.87464548891,62544.95476583038
2033-05-11,45780.77751676975,28936.48140280106,62955.08842882747
2033-05-12,45799.35983351713,29097.641800150057,63146.72784576566
2033-05-13,45798.81135865835,28999.70462191602,63227.8883996963
2033-05-14,45912.99479088644,29186.040921351785,63268.83955376789
2033-05-15,45544.038991600835,28945.73344120435,62918.010866566765
2033-05-16,45831.832948938725,28873.18024555213,63235.5322215791
2033-05-17,45847.0566858372,28653.48269273723,63510.21608761641
2033-05-18,45849.493108875,29182.74687450751,63283.34495952113
2033-05-19,45872.36773479092,28927.453558855235,63348.339807434546
2033-05-20,45875.7941345697,29016.3518019669,63327.556456806844
2033-05-21,45993.555170319625,28962.014139066912,63583.79589819315
2033-05-22,45627.70733686825,28715.72587622064,63023.43575232263
2033-05-23,45918.07656922374,28883.251333385335,63285.50492095636
2033-05-24,45935.2908144104,28696.73244934301,63461.94692392568
2033-05-25,45939.09331564884,29042.412773104974,63553.143925044904
2033-05-26,45962.68350188199,29249.881090118844,63239.721655296686
2033-05-27,45966.16328522723,28698.425693288576,63647.64145835527
2033-05-28,46083.31881171692,29175.158671049678,63165.076163377445
2033-05-29,45716.22495617478,29016.25202193439,63460.187103103766
2033-05-30,46004.74091062231,29008.32767791247,63394.87151857745
2033-05-31,46019.542162911384,28962.54535461982,63751.32010130436
2033-06-01,46020.43282191235,28823.74179517516,63566.93013326882
2033-06-02,46040.6852007625,28841.36586216558,63277.93751694502
2033-06-03,46040.48448893409,28965.92509710839,63842.85120302362
2033-06-04,46153.70859587813,29068.223888764478,63599.09744439342
2033-06-05,45782.530502665366,28873.5693853131,63280.63339068804
2033-06-06,46066.911523616305,29112.9013081524,63625.342730919874
2033-06-07,46077.63083301459,29475.485439661632,63452.12494792866
2033-06-08,46074.59527565267,29030.507826016834,63788.31294899003
2033-06-09,46091.176437645845,29085.61792205195,63845.97334503036
2033-06-10,46087.65287385543,28985.471703643212,63806.62480782683
2033-06-11,46197.98763912309,29164.22876948613,63791.33569759831
2033-06-12,45824.4285211689,28903.682473055294,63180.29176033002
2033-06-13,46106.99943400112,28824.962595674555,63828.56828000846
2033-06-14,46116.52837730846,29092.618236225866,63696.3340672844
2033-06-15,46112.956023349,28937.26533620956,63886.87193736733
2033-06-16,46129.67194141168,29073.176092758888,63757.21672390089
2033-06-17,46126.9563798655,29165.742168280103,63586.56711074377
2033-06-18,46238.757765899005,28633.879378118065,63868.47816233412
2033-06-19,45867.29332259211,28688.089538852415,63205.58378077472
2033-06-20,46152.541252608244,29187.9741635213,63484.45044482026
2033-06-21,46165.269873441255,28973.770548308483,63556.58636850874
2033-06-22,46165.347734592724,28737.43153614493,63944.13494220764
2033-06-23,46186.08168596559,29077.276034885923,63970.139353850034
2033-06-24,46187.66076805466,28938.04734603367,64213.71262104613
2033-06-25,46303.93602742553,29061.60545400806,64272.97003512138
2033-06-26,45937.02359478395,28540.07848936117,63692.01765461231
2033-06-27,46226.799408689985,28766.313113964206,64136.52282082357
2033-06-28,46243.9309015372,29040.386425703102,63884.126888807434
2033-06-29,46248.1896096932,28788.74572320603,64158.67851728062
2033-06-30,46272.79161036465,29002.51433208052,64119.96397636072
2033-07-01,46277.843592735575,28969.885888272784,64027.89599745718
2033-07-02,46397.124609206425,28894.54105174173,64059.731025569
2033-07-03,46032.69079347339,28850.890887953305,63717.496357912234
2033-07-04,46324.371386411236,29095.432212657663,63856.35028581972
2033-07-05,46342.80135393451,29020.124823409154,64252.28022161425
2033-07-06,46347.734536850374,29090.945524705116,64331.34930655711
2033-07-07,46372.384224594185,28994.745611976246,64418.88209184049
2033-07-08,46376.86896111163,28702.568714606467,64212.10142712497
2033-07-09,46494.99364085333,29150.032711766456,64454.60985113085
2033-07-10,46128.853204776904,29216.380669924674,64000.33124914263
2033-07-11,46418.32731073585,28934.220940739437,64073.16538709292
2033-07-12,46434.11130518661,29162.672704188168,64763.706454189196
2033-07-13,46436.027487007435,29036.362286115953,64401.0635237006
2033-07-14,46457.36361258768,29239.18629652543,64646.24625106982
2033-07-15,46458.31651256312,28990.867641555258,64531.27913499831
2033-07-16,46572.77094329292,29378.312956168073,64747.65667140565
2033-07-17,46202.901049078464,28789.562441643982,64036.47711008328
2033-07-18,46488.66287482181,28947.081417111753,64578.7102883687
2033-07-19,46500.82331850204,29259.038195422865,64290.61778431635
2033-07-20,46499.26957204757,29071.83870963258,64708.96026893372
2033-07-21,46517.346051241024,28837.11445211627,64566.51360726956
2033-07-22,46515.296728644564,29023.727820416938,64371.47625775041
2033-07-23,46627.04302704416,28886.404786190087,64736.51884517441
2033-07-24,46254.78467380674,28486.766187383357,64567.349199102784
2033-07-25,46538.49196929246,28775.88754721433,64512.724211883266
2033-07-26,46548.934860988156,28693.143355563563,64582.789454682264
2033-07-27,46545.992863001724,28653.221667779562,64488.46533470136
2033-07-28,46562.992801619395,28726.758218029914,64789.95767347632
2033-07-29,46560.15227068445,29187.139983038014,64743.09524893035
2033-07-30,46671.35891471973,29096.06386079577,64848.42314974965
2033-07-31,46298.77289240102,28418.8844135158,64699.21613152956
2033-08-01,46582.32091910734,28736.257207992596,64532.28893537582
2033-08-02,46592.727220768065,28874.198629383856,64851.19461586708
2033-08-03,46589.82537601341,29111.714672713973,64909.73273544375
2033-08-04,46606.897963479045,28791.20372039404,65043.30621766359
2033-08-05,46604.12183487598,28985.452490696996,64815.73669219427
2033-08-06,46715.349071288416,28941.975707651807,65235.35089402981
2033-08-07,46342.710919391924,28555.12405037689,64473.57639850813
2033-08-08,46626.1130567216,28943.165322389243,65207.69817270952
2033-08-09,46636.26747646494,29057.79066868761,65115.936482784295
2033-08-10,46633.00493625017,28897.053030899722,65096.26161156528
2033-08-11,46649.61486543808,29050.576439363234,64823.27272928698
2033-08-12,46646.29054025543,29000.08923226608,64642.24430012084
2033-08-13,46756.909584240224,29061.581417887846,65037.991719199286
2033-08-14,46383.63710231328,28398.5987475654,64659.08187488078
2033-08-15,46666.41982027238,29149.920904150713,65103.999416824154
2033-08-16,46676.01655352249,29052.69480907325,65101.359929504295
2033-08-17,46672.30899238677,28734.13296304431,64768.26836112472
2033-08-18,46688.63974983222,29031.386890628906,65368.97310076033
2033-08-19,46685.255539004145,29140.605601409537,65316.47191964526
2033-08-20,46796.085601401275,29239.613841830953,65303.12474837145
2033-08-21,46423.342760371524,28442.4193624543,64817.33998505731
2033-08-22,46707.01553950404,28521.465855266688,65493.46148489742
2033-08-23,46717.896736510695,28934.36610626699,65296.97568621402
2033-08-24,46715.89250389997,29117.92264735526,65320.294936476195
2033-08-25,46734.358941248924,28652.735471413882,65214.54607279936
2033-08-26,46733.54411877787,28847.25485175288,65412.55239726177
2033-08-27,46847.36569680401,28606.69202074156,65511.40193818125
2033-08-28,46478.011549770665,28653.9643158225,65120.142920243
2033-08-29,46765.43185729268,28740.72270064152,65027.54789201568
2033-08-30,46780.368063910915,28714.271548614895,65651.93762997842
2033-08-31,46782.66275754195,28886.696396345986,65113.15267440267
2033-09-01,46805.59745770164,28666.108202744228,65350.819211035836
2033-09-02,46809.336207199856,28943.842037810984,65592.44101689594
2033-09-03,46927.70509430794,28790.758892926675,65624.64263471468
2033-09-04,46562.795065836275,28463.982121172536,65345.642218180416
2033-09-05,46854.45643596058,28597.91208047838,65816.00963171474
2033-09-06,46873.330427090004,28795.166647999165,65551.07109325744
2033-09-07,46879.16172143291,28970.599552909043,65504.84026813112
2033-09-08,46905.13893902841,28701.372981692093,65483.99475811961
2033-09-09,46911.34085887486,28684.98411257853,65570.70324250213
2033-09-10,47031.51843355388,28887.76169297775,66012.39090468803
2033-09-11,46667.69988381435,28685.688410675863,65242.97979113835
2033-09-12,46959.68720896114,28883.768290984182,65722.35856926613
2033-09-13,46978.089387169726,28924.57414274921,65627.04491231774
2033-09-14,46982.63619112852,29117.663166994702,65600.8301861805
2033-09-15,47006.51949198441,28911.802192989922,65463.83625361672
2033-09-16,47009.839837236796,29093.77532111606,65326.869323951934
2033-09-17,47126.388334861964,29150.083488109194,65993.0252411876
2033-09-18,46758.25112563918,28517.156870455554,65694.3762195171
2033-09-19,47045.304788693866,28867.704413289248,65668.41312151431
2033-09-20,47058.24797744085,28810.480945501626,65861.58104058747
2033-09-21,47056.9132474783,28640.795055708375,65995.24240298376
2033-09-22,47074.605997908846,28751.04038306943,65700.39393084799
2033-09-23,47071.54837132,28995.539414911174,65886.74122374339
2033-09-24,47181.658213788614,29203.518439287665,65775.71237460907
2033-09-25,46807.1504535247,28564.594880542845,65856.12637911882
2033-09-26,47088.02932546017,28826.103723175318,66071.21153513993
2033-09-27,47095.11682438448,28936.98765080596,66027.24987261952
2033-09-28,47088.361434586135,28808.91570084602,66029.82147742446
2033-09-29,47101.1741422615,28673.81968287916,65987.94514052928
2033-09-30,47093.86965680839,28886.33147241128,66379.42647179807
2033-10-01,47200.44301696751,28898.35105492693,65813.12531524646
2033-10-02,46823.169006655255,28372.083620866026,65758.56262698371
2033-10-03,47102.092863677266,28743.8780976017,65683.20342020912
2033-10-04,47108.05770790163,29178.35427155392,65894.17091990271
2033-10-05,47101.012767481305,29062.108904870023,66089.95181705742
2033-10-06,47114.34942587654,29053.122056014152,66248.61368958009
2033-10-07,47108.34301747549,28919.966455002166,65874.36852752771
2033-10-08,47216.93053455269,29053.220557155008,66124.51914266941
2033-10-09,46842.311642620676,28673.238380168375,65762.73985312444
2033-10-10,47124.441445581484,28733.90588664482,65573.93946295655
2033-10-11,47134.060372711865,28586.319784620933,66148.92694185638
2033-10-12,47131.00520015591,28618.81104367857,66026.08150869505
2033-10-13,47148.54815417181,28998.176118302817,66252.43787861096
2033-10-14,47146.84194092202,28915.427975076745,66338.10820977292
2033-10-15,47259.700777384896,29178.40546260103,66589.0917422893
2033-10-16,46889.20472938707,28272.419322036607,65727.74857661544
2033-10-17,47175.19570702712,28583.954670922136,66415.28597468305
2033-10-18,47188.31040057027,28422.22828176563,65987.29889115364
2033-10-19,47188.29408539473,28853.87804553484,66207.84527833741
2033-10-20,47208.342166320705,28720.87054662043,66404.61444994109
2033-10-21,47208.547238547835,28666.699049579758,66546.32945524302
2033-10-22,47322.68168340016,28671.281559523268,66197.35437206773
2033-10-23,46952.80306150715,28399.529449350983,66213.49801172844
2033-10-24,47238.75062428039,28800.760011853537,66510.87619832082
2033-10-25,47251.17821244784,28868.441098384996,66359.9906624316
2033-10-26,47249.867471242345,28856.325392273597,66408.02625521785
2033-10-27,47268.06826903331,29049.00648506582,66296.77601547506
2033-10-28,47265.944128011615,28998.882388852842,66315.17408567379
2033-10-29,47377.35273071312,29093.355810403937,66493.79357199726
2033-10-30,47004.44882336889,28340.688848995826,66119.60811186941
2033-10-31,47287.17790662135,28742.2458135304,66339.36984218514
2033-11-01,47296.30606131892,28613.1206881061,66629.88411071165
2033-11-02,47291.72992505484,28497.035332354153,66337.71597924805
2033-11-03,47306.81379699137,28678.765393360405,66456.465753291
2033-11-04,47301.83177252135,28646.89591210358,66706.3673138756
2033-11-05,47410.74506399988,28572.828763142435,66770.7522279262
2033-11-06,47035.80191793923,28468.861618715855,66155.09422578981
2033-11-07,47317.028603076884,28697.9029320307,66469.27323929139
2033-11-08,47325.25689290151,28535.19400417988,66667.37291179552
2033-11-09,47320.432124186395,28870.513440536393,66635.5935926131
2033-11-10,47335.94886295171,28710.69584028697,66605.2366315436
2033-11-11,47332.09211989944,28815.387350451776,66693.9027657429
2033-11-12,47442.81429736647,28708.74952014645,66913.62382351422
2033-11-13,47070.33528878865,28017.24266837322,66435.44496789611
2033-11-14,47354.634199901084,28867.687340644683,66602.2806795899
2033-11-15,47366.478094733924,28642.62234474135,66736.68556782194
2033-11-16,47365.73181235574,28475.24893447217,66733.46311487955
2033-11-17,47385.69583640753,28531.600385656056,66851.49392184481
2033-11-18,47386.550097421736,28602.444543835663,66912.68733554619
2033-11-19,47502.13381728362,28716.738141946706,66790.36145702719
2033-11-20,47134.54873523369,27852.47094099656,66244.59950143962
2033-11-21,47423.65409676105,28718.304361887185,66918.95321217737
2033-11-22,47440.098716477805,28512.94240191115,66864.38635159141
2033-11-23,47443.63406769676,28606.638860032534,66577.5830970803
2033-11-24,47467.45528866013,28579.132644438785,66764.43912838516
2033-11-25,47471.64789731134,28631.67863712141,66972.62674077257
2033-11-26,47589.97024205626,28661.918447038584,66951.16096754537
2033-11-27,47224.45895476442,28504.619904636216,66430.89908311226
2033-11-28,47514.92572483919,28659.33065010901,67222.59045978081
2033-11-29,47531.9906554237,28608.07249307447,67003.54902023614
2033-11-30,47535.396118273085,28712.09016463324,67146.33739781316
2033-12-01,47558.3479760026,28787.4766273886,67456.31717167342
2033-12-02,47560.96195774243,28902.597719342364,67202.3112626263
2033-12-03,47677.04522550931,28840.9999480125,67257.21879032573
2033-12-04,47308.70042270246,28726.84193617006,66789.86012614726
2033-12-05,47595.82056334242,28524.812381198593,67325.05592741673
2033-12-06,47609.12007644325,28480.54812005683,67289.90757251691
2033-12-07,47608.44598734791,29086.600565933702,67386.62017321897
2033-12-08,47627.116180144396,28807.56731698619,67131.73029859594
2033-12-09,47625.36261066454,28569.332082554774,67028.10381960685
2033-12-10,47737.109596493494,28900.876612550503,67165.37090825086
2033-12-11,47364.57456760104,28659.520080459588,66884.44880578613
2033-12-12,47647.75972907587,28467.57295093096,67172.52448495515
2033-12-13,47657.48004099611,28694.571501546867,67569.40269232866
2033-12-14,47653.67158342174,28806.26498561769,67462.8818059968
2033-12-15,47669.72732966301,28852.234092472663,67168.25985995785
2033-12-16,47665.93826715778,28624.407826842078,67305.73652038556
2033-12-17,47776.27005093118,28655.05882280196,67385.6085907421
2033-12-18,47402.96261906279,28284.239588360655,67013.36284885513
2033-12-19,47686.0212531991,28519.67240812041,67578.02268436908
2033-12-20,47696.24450585193,28438.199195025652,67283.75128508847
2033-12-21,47693.533063605006,28579.053634921136,67649.54371455357
2033-12-22,47711.226555175854,28751.270095960404,67711.26675244718
2033-12-23,47709.546214293725,28772.692830172542,67529.19714601358
2033-12-24,47822.37353895534,28924.02685512647,67834.09083267629
2033-12-25,47451.85231995249,28063.627548597127,67120.53111020992
2033-12-26,47737.88245394672,28636.99899255133,67470.37901960919
2033-12-27,47751.15088553449,28125.314928206793,67427.58792910234
2033-12-28,47751.44366294025,28613.2974442648,67450.23995150255
2033-12-29,47771.986026824496,28614.360658420057,67971.70245129439
2033-12-30,47772.8883504334,28972.134991770767,67320.39796320307
2033-12-31,47887.92798098174,28762.368938879754,67928.24701475922
2034-01-01,47519.15426635384,28253.760900079364,67661.79917463037
2034-01-02,47806.38509872781,28619.311978297545,67745.15024116574
2034-01-03,47820.24024349746,28444.729004522378,67380.41104003407
2034-01-04,47820.455371666474,28186.54200442644,67987.54453920736
2034-01-05,47840.22366025389,28813.593175060392,67569.81206501646
2034-01-06,47839.64273695383,28546.29980271985,68005.40016622962
2034-01-07,47952.496991086125,29019.262578119306,67914.4118657933
2034-01-08,47580.86252194175,28217.934808444148,67422.10063229683
2034-01-09,47864.60305831476,28779.577445337596,67515.00168045999
2034-01-10,47874.40213487257,28593.113528292146,67567.85533126972
2034-01-11,47870.07547537913,28442.995221576282,67913.83290745024
2034-01-12,47884.910492816925,28778.589763115244,67906.61671643
2034-01-13,47879.110740422875,28733.490163112936,67791.70416359174
2034-01-14,47986.57540425878,28571.527259587787,67757.23396769846
2034-01-15,47609.501185638,28581.490698907517,67145.85312204844
2034-01-16,47887.87499116301,28316.734151287583,68016.24999149179
2034-01-17,47892.502804154785,28877.27287351324,67967.85476442437
2034-01-18,47883.318777515924,28394.869394078458,67892.5805500272
2034-01-19,47893.72154734417,28869.148463471127,68071.31637461386
2034-01-20,47884.01568762833,28589.648507430495,67758.55361272037
2034-01-21,47988.18847729457,29015.33309641468,67766.44321080293
2034-01-22,47608.509401125746,28203.187763773894,67544.3646635623
2034-01-23,47885.020865720784,28519.155720868093,68055.03174502523
2034-01-24,47888.56555648328,28213.07281714106,68322.5640835316
2034-01-25,47879.094515151686,28363.186236399,68135.51963815572
2034-01-26,47890.00296307684,28402.140390046352,68108.48743923026
2034-01-27,47881.571802011786,28398.52619732866,68018.08586033732
2034-01-28,47987.744960773045,28806.55956009102,68086.98630132836
2034-01-29,47610.72999190394,28353.578448101132,67786.85177625265
2034-01-30,47890.49036840574,28217.718860067496,68054.02018600696
2034-01-31,47897.77486262521,28549.663471202744,68165.82843093397
2034-02-01,47892.42803130815,28387.83665676616,68282.51874304435
2034-02-02,47907.72876666,28354.972534811935,67817.14317264257
2034-02-03,47903.83477171431,28675.425490685247,68102.9896700942
2034-02-04,48014.563048886164,28511.65187021436,67908.75579316489
2034-02-05,47641.99372256663,28173.490327172014,67612.93473134335
2034-02-06,47925.96556106679,28305.47227615177,68248.45803451847
2034-02-07,47937.10849596253,28410.356350559738,68260.73067679086
2034-02-08,47935.157081998084,28442.561687493006,68112.17669248134
2034-02-09,47953.291781607375,28210.844899277934,67845.90956201515
2034-02-10,47951.5858639036,28491.431126468855,67882.02004879684
2034-02-11,48063.78794742176,28251.168336128103,68206.88812905237
2034-02-12,47691.927458425715,28082.10018846328,67893.76446485294
2034-02-13,47975.81133260051,28047.822767181537,68493.65287565591
2034-02-14,47986.057233289204,28276.52087916308,67844.89885917383
2034-02-15,47982.407217431995,28145.049244640544,68178.80119749217
2034-02-16,47998.068734521294,28287.96061363754,68131.70283992414
2034-02-17,47993.16076242885,28367.855002119708,68637.6211240701
2034-02-18,48101.495135872734,28420.460141367133,68473.17125662592
2034-02-19,47725.18037706059,27711.82870390291,68041.48413073095
2034-02-20,48004.116404367756,27869.934575599604,68359.37934543456
2034-02-21,48009.02544888218,28424.2492918383,68226.6657189094
2034-02-22,47999.763173726176,28335.875469098293,68566.4545841103
2034-02-23,48009.65695029296,28397.171076577226,68464.971009391
2034-02-24,47998.94916741508,28614.940645268365,68036.47263971195
2034-02-25,48101.57570241342,28211.541460612916,68676.40772763212
2034-02-26,47719.76693605624,28333.168860063826,68238.51313246186
2034-02-27,47993.539756900835,28352.070793044484,68401.57235206134
2034-02-28,47993.725949902626,28278.25007506134,68388.42230792943
2034-03-01,47980.28102293696,28058.95957029163,68653.49235211179
2034-03-02,47986.62047643277,28145.409627926027,68500.50766393066
2034-03-03,47973.061434199175,28258.353490139896,68311.26344035855
2034-03-04,48073.59979665147,28238.1122793147,68653.55948749364
2034-03-05,47690.51032021145,27425.39892446638,68019.95444248467
2034-03-06,47963.838079317626,27914.140398279436,68254.09786232056
2034-03-07,47964.42670610568,28192.87880995578,68519.92210536046
2034-03-08,47952.22745110226,28010.99575257533,68629.5498495725
2034-03-09,47960.636049944886,28024.45570934793,68604.64652335583
2034-03-10,47949.935285012514,28027.590851511122,68244.96399423172
2034-03-11,48054.073366127544,28073.49715304919,68494.38319095469
2034-03-12,47675.265490396996,27981.403541162534,68428.37919042786
2034-03-13,47953.486988868106,28120.41414410587,68421.66967897916
2034-03-14,47959.503402715054,27816.180713628397,68559.25745716263
2034-03-15,47953.181478025275,27894.36080703685,68642.9699560737
2034-03-16,47967.82800966606,27975.670439034828,68376.36657082877
2034-03-17,47963.63436993095,28120.037189747352,68608.74745659008
2034-03-18,48074.45679566783,28021.23666445007,69003.42703155795
2034-03-19,47702.41974786277,27700.31608919712,68432.8904006299
2034-03-20,47987.410710546246,27871.661002815985,68808.12469767011
2034-03-21,48000.111737423,28301.083052855403,68727.64209269242
2034-03-22,48000.311708172994,28012.260013933177,68684.1385185765
2034-03-23,48021.24620549928,28036.29256028035,68530.23974485684
2034-03-24,48023.04283715618,27802.54585901325,68648.08879077669
2034-03-25,48139.502073338124,28194.148592881676,68816.89518215989
2034-03-26,47772.700917626105,27579.915002775986,68642.7690718865
2034-03-27,48062.48779003768,28025.52680558748,68941.37348394476
2034-03-28,48079.51394864258,27744.31196579778,68994.01847933866
2034-03-29,48083.54543552658,27922.752815023505,68891.34743712175
2034-03-30,48107.80248650565,27646.307312132103,68830.54199721066
2034-03-31,48112.40426065112,27973.18770192665,68596.6824521655
2034-04-01,48231.148993863746,27941.281924836978,69004.41880686031
2034-04-02,47866.11692954198,27881.568398160958,68523.97824949314
2034-04-03,48157.164439180975,27794.468996257856,69116.41439254167
2034-04-04,48174.9546921118,28233.971092943193,69219.91656102701
2034-04-05,48179.26889001347,28070.178931423958,69246.50248738957
2034-04-06,48203.34503167661,28223.88972362865,68863.18390366533
2034-04-07,48207.32208548189,27906.198049968552,68960.52109407431
2034-04-08,48325.01968989548,27724.636564952685,69151.29323056906
2034-04-09,47958.54074530541,27555.037511734903,68611.57263816762
2034-04-10,48247.76531427837,27873.93208064681,68665.53159707297
2034-04-11,48263.38118764997,27909.210835398728,69224.71934334931
2034-04-12,48265.1951244625,27944.114284479772,69211.1056511273
2034-04-13,48286.47171824197,27881.105782592,69224.66258482997
2034-04-14,48287.37774924322,28226.863177436157,68833.37177799367
2034-04-15,48401.76212126217,27782.934246592406,69122.62356737687
2034-04-16,48031.75872150186,27806.84863494093,68969.5043975787
2034-04-17,48317.28059384296,28010.264810524204,69372.44278412889
2034-04-18,48329.0507553259,28097.08657950142,69318.37905551633
2034-04-19,48326.91363658436,28355.058090246024,69172.98173727076
2034-04-20,48344.17407289006,28260.0143388958,69296.54998683881
2034-04-21,48341.04168229462,28114.694967703526,69194.04596029881
2034-04-22,48451.41070978011,28066.183165000937,69180.0250410807
2034-04-23,48077.46266088713,27768.841581074295,69144.77540517245
2034-04-24,48359.16010529499,28013.950419262546,69172.48235704904
2034-04-25,48367.27697613628,28187.448040994852,69243.47077570364
2034-04-26,48361.70934792212,28047.927635171363,69514.26573875269
2034-04-27,48375.81362821095,27819.09087682589,69461.2187700299
2034-04-28,48369.85001410947,27934.799473769865,69316.27908189475
2034-04-29,48477.7613131407,28191.295646844377,69488.32986320443
2034-04-30,48101.774477819774,27826.833289396633,69185.46270947611
2034-05-01,48381.89326500739,27992.98050743693,69624.57938381917
2034-05-02,48388.92738007878,27898.19360453784,69605.13845147046
2034-05-03,48382.802125720766,27985.050780428133,69310.21878918348
2034-05-04,48396.89552883677,27892.228741969455,69200.0828663222
2034-05-05,48391.48083524728,27976.17498844981,69368.31315651898
2034-05-06,48500.50450913181,28136.564254637662,69537.9439299247
2034-05-07,48126.187121562965,27744.29080819915,69391.39908786533
2034-05-08,48408.51557051444,27536.9469951176,69326.42226724415
2034-05-09,48418.27201878895,27685.390638329867,69596.58603846225
2034-05-10,48415.343590183926,27995.47687582548,69243.87929912646
2034-05-11,48433.059811079765,27675.27146603637,69759.90780868493
2034-05-12,48431.63569330434,28207.560649201692,69524.01258043497
2034-05-13,48544.95059341904,27924.23512989983,69756.53642015452
2034-05-14,48175.150222839926,27601.190651884248,69264.48586741948
2034-05-15,48462.14023294372,27636.48123362033,69294.58958463924
2034-05-16,48476.61673561438,28136.6225270522,69609.80433169642
2034-05-17,48478.37776607776,27897.354429309406,69860.51190317224
2034-05-18,48500.66263524188,27693.956027164084,69629.34224238154
2034-05-19,48503.597021771,27609.00198114423,69907.7445005969
2034-05-20,48620.97388908827,27584.287185522575,69925.439703543
2034-05-21,48254.85754864373,27707.85738356431,69597.30050568245
2034-05-22,48545.07923903719,27684.029604257168,69774.73522110077
2034-05-23,48562.269526791235,27998.077360749005,69496.4934164767
2034-05-24,48566.17148264528,27650.782074622522,69873.9275306431
2034-05-25,48589.981530641424,27769.28357283968,69840.04975841906
2034-05-26,48593.79577509082,27632.6216859643,69834.9644721181
2034-05-27,48711.391851446664,28079.060089657483,70105.984755461
2034-05-28,48344.833590656635,27722.648661187628,69888.29451536573
2034-05-29,48633.96684318027,27849.11382962264,70067.5488387154
2034-05-30,48649.45175436854,27879.345794685847,70223.68543125213
2034-05-31,48651.07544068075,27969.069811934947,70044.02894499234
2034-06-01,48672.09196991501,28075.61262437796,70002.36676130064
2034-06-02,48672.667466424915,27929.54534294435,70443.97041774708
2034-06-03,48786.66041323285,27871.366013236136,69994.74151350935
2034-06-04,48416.22447574736,27489.251379914193,69501.11475100786
2034-06-05,48701.30223688944,27894.79254278477,69975.89802261775
2034-06-06,48712.65518631218,27678.01553382512,70097.66734963116
2034-06-07,48710.17397027379,27810.493737607165,70446.6014440086
2034-06-08,48727.21586687068,28060.812529633768,70214.36737785206
2034-06-09,48724.047372117246,27901.301299452018,70096.80869729741
2034-06-10,48834.62203436061,28410.7586376125,70310.53464097048
2034-06-11,48461.180926601686,27802.429523647308,69982.35042815078
2034-06-12,48743.74420894912,27762.170032541908,70405.35506985655
2034-06-13,48753.13918196872,28154.168699732174,70339.37571428057
2034-06-14,48749.30888968621,27967.677702168337,70327.74215151771
2034-06-15,48765.64828171272,27807.210009000635,70467.43427745292
2034-06-16,48762.44585603666,27895.75316363172,70078.79569482763
2034-06-17,48873.6609461597,28172.817505901192,70661.3258104151
2034-06-18,48501.52405787061,27836.258926676674,70067.21678776214
2034-06-19,48786.02871238817,27977.01048807274,70797.46688819957
2034-06-20,48797.960189983205,27797.79643852343,70346.49801924572
2034-06-21,48797.20521494858,27633.38145455982,70144.15678181843
2034-06-22,48817.08956288771,27707.48104989022,70153.31836295237
2034-06-23,48817.82147331837,27750.29598533267,70209.52901809147
2034-06-24,48933.270983974944,28093.75365576687,70370.50849183367
2034-06-25,48565.572537057895,27872.191690476582,70123.20580595561
2034-06-26,48854.6192531507,27736.449873351798,70523.08497356807
2034-06-27,48871.09420146196,27978.22622425933,70659.37612194393
2034-06-28,48874.782639306504,27740.223628128795,70717.09533152818
2034-06-29,48898.912133136335,27580.421435182034,70507.58700068624
2034-06-30,48903.5983768462,28004.726720800772,70398.19908016801
2034-07-01,49022.626759534694,27860.905726838697,70806.222583466
2034-07-02,48658.05697385344,27373.409502282455,70566.3256442854
2034-07-03,48949.719008183114,27855.09226809072,70644.48024644141
2034-07-04,48968.24580693133,27879.206378987496,70748.18280571199
2034-07-05,48973.386536940685,27793.060371407573,70953.30251671151
2034-07-06,48998.34734773293,27892.63122975421,70589.79570917593
2034-07-07,49003.23742776505,27812.66936347647,70843.47017792596
2034-07-08,49121.850406768965,28289.24376850484,71004.55100653038
2034-07-09,48756.26840461263,27530.22770638877,70835.90046928094
2034-07-10,49046.357090351295,27701.185949278162,70824.80696421926
2034-07-11,49062.79706672559,27801.972489250602,70751.63347185333
2034-07-12,49065.39555861002,27807.80259311442,71254.1428053281
2034-07-13,49087.42534204827,27822.114842054034,71257.5459118633
2034-07-14,49089.06877184811,27833.73306166625,70535.87555272446
2034-07-15,49204.19701889254,27939.247201793114,71432.95688484205
2034-07-16,48834.97188211798,27466.139520100936,70470.95280234041
2034-07-17,49121.338604916906,28059.47488537434,70753.91043370479
2034-07-18,49134.05507689472,28154.28135810598,70920.04090570036
2034-07-19,49133.001462834814,28180.667051977274,70909.79933189557
2034-07-20,49151.51725460781,27857.255809034566,71219.40587332552
2034-07-21,49149.843657236604,27873.949046565114,71014.05381969377
2034-07-22,49261.901465933,27962.97223332826,71263.86598172685
2034-07-23,48889.891835913106,27573.005170914643,70668.42042068702
2034-07-24,49173.78840170632,27876.437244908862,71124.04610719961
2034-07-25,49184.36614310064,27666.347954298668,71635.5693916514
2034-07-26,49181.51104468343,27811.448013017132,71320.38178674075
2034-07-27,49198.557538601315,28045.43534734744,71067.14744378855
2034-07-28,49195.73162444262,27559.001221477243,71246.90430179828
2034-07-29,49306.92979540091,27843.23502082858,71203.74469775031
2034-07-30,48934.32113515399,27606.193764144766,71175.9539131907
2034-07-31,49217.84099628085,27704.83174894512,71140.52095903685
2034-08-01,49228.22160450615,27847.331416598634,71380.96307220391
2034-08-02,49225.303577350554,27838.674453840023,71013.25649560675
2034-08-03,49242.37528476072,27983.748255994175,71641.72687124509
2034-08-04,49239.61788196474,27816.485488411006,71411.4276823542
2034-08-05,49350.88608014788,28221.855993202556,71577.3172157734
2034-08-06,48978.31195806769,27557.342918766222,70953.15487000566
2034-08-07,49261.80016827107,27707.243158956226,71443.69232406499
2034-08-08,49272.059830796265,27848.846126382752,71426.67390230337
2034-08-09,49268.91705914175,27811.08960697464,71590.5942276079
2034-08-10,49285.6550111202,27866.051856044287,71465.04689921065
2034-08-11,49282.45926987077,27697.317796300187,71689.90945389752
2034-08-12,49393.19860650584,27909.16193633676,71488.8373679073
2034-08-13,49020.02842473468,27515.21002479689,71055.61354922569
2034-08-14,49302.885249789484,27750.98676633163,71231.45559918627
2034-08-15,49312.51757454784,27626.248324210737,71939.82184741345
2034-08-16,49308.79703833737,27632.702017418425,71327.5827208395
2034-08-17,49325.05687167392,27991.62098888065,71819.56489983153
2034-08-18,49321.53546149834,27506.050998102248,71236.62839476888
2034-08-19,49432.155144995384,27982.926564899368,71558.64002308233
2034-08-20,49059.12359445755,27501.878997050455,71260.86384917
2034-08-21,49342.42622138627,27422.657199950198,71873.81896180024
2034-08-22,49352.85498030196,27691.04371991144,71794.76527974193
2034-08-23,49350.317615008855,27876.175677390293,71787.20940800257
2034-08-24,49368.17434536476,27867.28899855631,71890.48212826689
2034-08-25,49366.67990960018,27940.948905022156,71555.24123816313
2034-08-26,49479.7611243208,27753.45686028486,72229.07151193172
2034-08-27,49109.61737075903,27419.081644027727,71377.89579071049
2034-08-28,49396.21247199355,27653.81875144899,72243.87413016564
2034-08-29,49410.30336738452,27667.737905713413,72085.05846797247
2034-08-30,49411.74964101684,27583.48582522507,71779.54189006644
2034-08-31,49433.85090409609,27596.835191822283,71692.60447567482
2034-09-01,49436.78993563093,28013.245680458902,72063.96281914753
2034-09-02,49554.411720594675,27557.03881556933,71900.77611815708
2034-09-03,49188.825759378546,27326.197645216085,71596.64262880957
2034-09-04,49479.900067531074,27619.015963224072,71901.55241328273
2034-09-05,49498.2922166408,27709.933122705454,71911.22240422468
2034-09-06,49503.76140956262,27611.452934933597,72210.25801330339
2034-09-07,49529.508519861374,27535.684327202303,72299.96543968024
2034-09-08,49535.62192531524,27723.885905418818,71883.76863738283
2034-09-09,49655.85919786658,27972.28519434088,71981.02052275503
2034-09-10,49292.25194682554,27185.463526893043,71600.28261417491
2034-09-11,49584.60215957055,27371.544904629736,72072.79292093786
2034-09-12,49603.51532010013,28055.128962872557,72482.15224963054
2034-09-13,49608.71423460608,27730.648291805213,72417.79333444695
2034-09-14,49633.380438282475,27776.393620912506,72332.23155069075
2034-09-15,49637.60096768255,27552.198073348198,72323.73379747625
2034-09-16,49755.1505269097,27801.834742889278,72550.64732548993
2034-09-17,49388.09632312975,27091.67926572101,72316.73262025283
2034-09-18,49676.29390760597,27680.236814651904,72358.45686709117
2034-09-19,49690.41930843977,27739.04723262011,72473.57263146086
2034-09-20,49690.28140375921,27638.85663971604,72464.19343719703
2034-09-21,49709.1614425438,27681.82414556203,72239.78008372485
2034-09-22,49707.25754288814,27698.03221339603,72640.52953339463
2034-09-23,49818.464252980775,27643.57387480284,72350.621266534
2034-09-24,49444.97451711462,27336.97233228314,72210.04089760708
2034-09-25,49726.77245790083,27929.58087188198,72559.19960919308
2034-09-26,49734.662341946554,27561.15212224539,72123.30784142613
2034-09-27,49728.57776259723,27303.153834808167,72421.60935601286
2034-09-28,49741.91803331296,27547.007819520702,72600.1850433228
2034-09-29,49734.989706913715,27626.91232138537,72507.35485652302
2034-09-30,49841.7833880389,27849.57115091827,72745.82919497475
2034-10-01,49464.57325750864,27233.956735338244,72255.25496178781
2034-10-02,49743.40778830065,27610.75130553076,72795.41296716331
2034-10-03,49749.13707899946,27598.0398967751,72375.15678358177
2034-10-04,49741.72088544109,27441.577128107983,72750.7884870933
2034-10-05,49754.56437816876,27330.74462991199,72231.02466097528
2034-10-06,49747.9595610472,27531.58818327994,72510.59862118204
2034-10-07,49855.86252376759,27721.35366764453,72437.030593546
2034-10-08,49480.49393746922,27436.58873400951,72316.53270159021
2034-10-09,49761.831248927934,27968.1374448543,72476.82734156604
2034-10-10,49770.63796085955,27828.4591069865,72664.92523237775
2034-10-11,49766.77402754085,27802.603089363725,72674.62912636533
2034-10-12,49783.53433016905,27524.81128081555,72874.26644855831
2034-10-13,49781.0930939698,27588.7735629055,73111.93424067646
2034-10-14,49893.284338515434,27730.417398242567,72869.73923001207
2034-10-15,49522.205683296655,27102.19723957717,72368.9096811916
2034-10-16,49807.71387350724,27781.768086413293,72727.36077394657
2034-10-17,49820.45732218648,27579.556309056494,72502.1547439112
2034-10-18,49820.189608207635,27431.67747696209,72876.48050146685
2034-10-19,49840.11080897485,27596.922056309508,73063.20965701799
2034-10-20,49840.31445096405,27796.178002632543,72530.89311049822
2034-10-21,49954.57009939696,27692.849592862553,72905.50060034143
2034-10-22,49584.92884983778,27232.668166892818,72483.7584811061
2034-10-23,49871.22003986999,27534.06608594465,72854.1655863814
2034-10-24,49884.08444400067,27449.313347287785,72933.89056817422
2034-10-25,49883.28787315315,27635.01846913224,73177.14237789452
2034-10-26,49902.06205476418,27508.698240667232,72769.32282517538
2034-10-27,49900.550589232356,27606.73896480424,73104.84708533174
2034-10-28,50012.59003174984,27616.474388880095,72934.31863970682
2034-10-29,49640.3134044239,27296.41861937559,72642.08529067556
2034-10-30,49923.6445121443,27382.361251258124,73232.51501016444
2034-10-31,49933.32839239274,27548.011435520366,73299.15114670669
2034-11-01,49929.24189715751,27308.42443274933,72860.9548652069
2034-11-02,49944.73136749023,27589.96573894226,73144.52277862543
2034-11-03,49940.0552862616,27330.89278448515,73095.88230178514
2034-11-04,50049.16205080328,27444.838133133653,73263.71684037545
2034-11-05,49674.290263116054,26991.415487122787,72746.39815464796
2034-11-06,49955.460001573534,27557.99133666438,73016.66443833943
2034-11-07,49963.50048972894,27321.656562561933,73200.33485104004
2034-11-08,49958.35823851492,27464.33262570639,72883.36356803251
2034-11-09,49973.43269093713,27283.6894841176,72947.64372666672
2034-11-10,49969.01731184489,27174.10362742595,73075.77657424657
2034-11-11,50079.0763084051,27266.14523817691,73328.45018869943
2034-11-12,49705.84440860591,27013.59402649777,73131.67105107503
2034-11-13,49989.31817605688,27477.15085002786,73222.59612676706
2034-11-14,50000.28427556153,27363.13557917969,73206.50767903672
2034-11-15,49998.62874895996,27401.166876921892,73322.92899638924
2034-11-16,50017.67429846285,27479.77699467707,73521.6236434614
2034-11-17,50017.623473985535,27289.13118860719,73048.03859600321
2034-11-18,50132.33789114101,27238.525210337706,73799.8848861706
2034-11-19,49763.94083690059,26981.18608367277,73055.83803219155
2034-11-20,50052.311661736785,27573.98697580527,73508.98145057529
2034-11-21,50068.11728608895,27675.481928873836,73345.13121724514
2034-11-22,50071.124789536276,27567.71642853123,73516.58255258233
2034-11-23,50094.541986681994,27312.29262435587,73493.428621047
2034-11-24,50098.46379370073,27458.492651066426,73391.44284508225
2034-11-25,50216.65442278693,27730.686794236663,73573.89117416962
2034-11-26,49851.15267790257,26907.237905134418,73371.50440867689
2034-11-27,50141.76867504532,27412.88814796535,73477.23947567746
2034-11-28,50159.11724955544,27527.262512749356,73800.1746459058
2034-11-29,50162.93196553429,27626.36197567887,73475.30077335423
2034-11-30,50186.40659162404,27579.922897779452,73402.03790258967
2034-12-01,50189.64182204603,27445.24809148659,73548.83687435811
2034-12-02,50306.427270400454,27762.65634822265,73919.05629350743
2034-12-03,49938.846015583455,27293.374539185592,73228.50092536386
2034-12-04,50226.77004439271,27643.693765019547,73833.34279402302
2034-12-05,50240.891889599276,27364.483794122803,73808.46557973181
2034-12-06,50241.036428595275,27198.30309015686,74011.15186733268
2034-12-07,50260.49976935744,27906.189009602855,73634.92358581723
2034-12-08,50259.49307566447,27362.169023073144,73536.10577561623
2034-12-09,50371.921440799,27493.619738268277,73937.78957937138
2034-12-10,49999.98517692776,27160.48776246738,73643.0330806422
2034-12-11,50283.67195651984,27485.897794610577,73785.53545924209
2034-12-12,50293.785197432815,27303.142109344342,73550.50031443752
2034-12-13,50290.25274826106,27242.277958149916,73849.58391608762
2034-12-14,50306.4628881899,27278.46861794782,74033.40671247705
2034-12-15,50302.7055743434,27286.20530772009,74156.88532259401
2034-12-16,50412.949118114186,27408.04153865981,73951.4913309853
2034-12-17,50039.439719315735,27196.709075758197,73823.3577225948
2034-12-18,50322.192343535535,27539.12501287121,73793.776747969
2034-12-19,50332.018369614714,27271.69544331633,73933.0373325966
2034-12-20,50328.83408429418,26962.41816074094,73896.58507408552
2034-12-21,50345.99704332729,27614.997665562598,74108.2696414346
2034-12-22,50343.74822162931,27276.544771445464,73942.65035786184
2034-12-23,50455.9901083701,27201.06117519408,74099.94509765856
2034-12-24,50084.88813577062,27296.295329399596,73984.45251677267
2034-12-25,50370.36387364943,27361.871400262768,73855.21610412592
2034-12-26,50383.12535149819,27499.275413155166,74039.70968538316
2034-12-27,50382.9785100238,27357.447702984307,73839.9742733336
2034-12-28,50403.16671854688,27579.84463492377,74094.6094491942
2034-12-29,50403.816192396625,27205.73725937913,74000.64203794586
2034-12-30,50518.71737477686,27469.116015417436,74451.43345486594
2034-12-31,50149.92957995677,27023.23989032692,73874.09522480724
2035-01-01,50437.27724006958,27033.76114552277,73962.90039695872
2035-01-02,50451.383032109065,27477.7425163805,74447.11695995799
2035-01-03,50451.98180888849,27417.910717948376,74098.29611111338
2035-01-04,50472.26220130752,27384.70433603868,74324.77197202592
2035-01-05,50472.31366809521,27435.0078435779,74298.44498547124
2035-01-06,50585.90901211764,27621.31636870749,74466.73966537513
2035-01-07,50215.1096287031,26924.95734112907,74014.02921777437
2035-01-08,50499.761811437005,27226.083180216643,74464.45738713576
2035-01-09,50510.529390469346,27321.79941207749,74349.1892001236
2035-01-10,50507.20664060631,27208.973836442412,74389.64015687378
2035-01-11,50523.05835482114,27318.184074897847,74868.87649282534
2035-01-12,50518.264901505005,27280.68383516506,74298.14469913142
2035-01-13,50626.70233947924,27558.740640238786,74194.14882293213
2035-01-14,50250.544922159366,27044.518508566558,74293.16566943578
2035-01-15,50529.75839169195,27213.56857142638,74641.17817708149
2035-01-16,50535.12942051018,27602.527862752177,74272.47259933289
2035-01-17,50526.575224951936,27105.927987126703,74168.67536531773
2035-01-18,50537.48033629778,27237.57037231805,74329.87333646294
2035-01-19,50528.13843733184,27027.104027460795,74502.47826677944
2035-01-20,50632.529425623085,27165.550197927667,74529.86015478814
2035-01-21,50252.91911729829,26974.860795775672,74240.39586329264
2035-01-22,50529.35006728891,27476.42644420907,74363.55966575797
2035-01-23,50532.66892960816,27136.41164422805,74662.49259194112
2035-01-24,50522.83443737923,27061.804392039932,74356.97810697352
2035-01-25,50533.25303082181,27118.433912416167,74700.18259302805
2035-01-26,50524.22007055986,27158.213853524187,74533.98413663064
2035-01-27,50629.69681261313,27394.46339868136,74814.43244167675
2035-01-28,50251.910559475786,26516.822897389084,74218.5550430346
2035-01-29,50530.84644946428,26888.275579264115,74615.84742657124
2035-01-30,50537.27628014506,26876.339693212267,74537.80822928887
2035-01-31,50531.06840476372,27206.30357247055,74393.59478365815
2035-02-01,50545.525677110214,27017.679198460355,74463.6652514033
2035-02-02,50540.829319154785,27155.66174547105,74586.2018646703
2035-02-03,50650.81881617721,27141.543733340208,74730.59864389218
2035-02-04,50277.59517558807,26824.407766397602,74177.22221934426
2035-02-05,50561.01592915489,26944.018632167994,74596.34708199024
2035-02-06,50571.72718974272,27367.274069040624,74550.48568997675
2035-02-07,50569.476717148194,27139.114228778657,74513.9204805935
2035-02-08,50587.454886537234,27187.01100252591,74720.84767848172
2035-02-09,50585.74135664585,27072.369608537476,74381.52462732296
2035-02-10,50698.087471928484,26986.495484403815,74966.30903725978
2035-02-11,50326.52167298768,26282.118652704314,74300.07241305329
2035-02-12,50610.84624308128,27394.570173174747,74816.71820331986
2035-02-13,50621.670661467615,26924.99193509716,74892.59816808961
2035-02-14,50618.725489955905,27048.990256570414,74950.00137039517
2035-02-15,50635.203671022646,26784.965463346784,74910.3957363805
2035-02-16,50631.20703248841,26746.518332013275,74789.90718897634
2035-02-17,50740.52804392706,27184.857933384847,75101.20111241857
2035-02-18,50365.25412245401,26685.382270868504,74594.47313235998
2035-02-19,50645.26285081573,26967.224014907602,74992.35295728344
2035-02-20,50651.25342403783,27003.229560817534,75044.13127986062
2035-02-21,50643.05830573763,27266.193863790075,74965.5149589328
2035-02-22,50653.982034549816,27029.54959888047,74986.72472576916
2035-02-23,50644.24504345923,26713.088435843063,75184.31652650445
2035-02-24,50747.76260866516,26848.533865895235,74840.87831003037
2035-02-25,50366.74629879629,26329.78909670527,74854.03666303217
2035-02-26,50641.19636020308,26769.47643807056,75167.91990806452
2035-02-27,50641.93042513167,26783.76093255042,75303.61544289367
2035-02-28,50628.89259021611,26499.909138323255,75259.44018195866
2035-03-01,50635.48986621256,26658.863251203227,75147.06513543763
2035-03-02,50622.03391486887,26764.615356727445,74885.84495107328
2035-03-03,50722.51823395695,27110.344326810726,75027.56094951225
2035-03-04,50339.218196083224,26316.56333110469,74428.88261077931
2035-03-05,50612.18240140071,26762.304067686313,75051.75116113726
2035-03-06,50612.26074471384,26634.408870796673,74933.17332101522
2035-03-07,50599.41324724828,26857.404971949785,74774.89187150827
2035-03-08,50607.046646314404,26790.43583506807,75158.14686672919
2035-03-09,50595.45664091777,26679.86780976818,74926.05854738501
2035-03-10,50698.60592738135,26642.09646723557,74787.23623359125
2035-03-11,50318.72539529469,26741.514984889403,74862.59014178108
2035-03-12,50595.80690184351,26409.35363130238,75137.7180267542
2035-03-13,50600.63297730356,26759.333708546714,74961.13125443971
2035-03-14,50593.08746038839,26250.72979092489,75400.47079910441
2035-03-15,50606.49400273182,26674.250755733257,75240.47056016981
2035-03-16,50601.060285969674,26703.008759901288,74875.72917970446
2035-03-17,50710.65803173998,26539.960762908966,75287.5508235302
2035-03-18,50337.42612374663,26113.22642276064,75203.02555376937
2035-03-19,50621.265212544975,26709.262308194237,74939.43008790285
2035-03-20,50632.86911363879,26427.031030799033,74829.28287503733
2035-03-21,50632.0369615621,26604.03515167897,75209.6368274641
2035-03-22,50652.013030245624,26596.397949262835,75271.28570727479
2035-03-23,50652.932041725406,26536.777038723336,75528.68325761642
2035-03-24,50768.60003013003,26846.24306419549,75540.60416038237
2035-03-25,50401.098074661844,26381.25093785848,75101.59203678324
2035-03-26,50690.27727465619,26703.991599565055,75503.5708778876
2035-03-27,50706.79028717178,26787.33601159577,75884.95488512739
2035-03-28,50710.40340632319,26372.355445012083,75069.25014744444
2035-03-29,50734.33611713385,26838.786685463547,75391.11188956362
2035-03-30,50738.70597330557,26725.75574784757,75277.87771450239
2035-03-31,50857.308896865936,26830.855934095736,75320.78825466688
2035-04-01,50492.22224691426,26293.84795730511,75070.49433873336
2035-04-02,50783.299065266096,26507.142562967758,75226.45867579788
2035-04-03,50801.1988539777,26716.476404080444,75362.04096089659
2035-04-04,50805.69889724021,26670.220617922132,75799.6709246265
2035-04-05,50830.03309104993,26778.429984019782,75420.30356768973
2035-04-06,50834.33615721398,26484.668112681928,75811.11458966497
2035-04-07,50952.42336224091,26762.278239090887,75978.21396501492
2035-04-08,50586.3931058326,26493.095984131356,75180.90884230494
2035-04-09,50876.12079848736,26971.29433889051,75517.49469698253
2035-04-10,50892.289389004785,26658.496729843333,75705.38831992292
2035-04-11,50894.70055403434,26554.115548417587,75546.86425506382
2035-04-12,50916.6135069463,26813.87787704569,75972.02191876006
2035-04-13,50918.18929079185,26650.96605296408,75601.29025423928
2035-04-14,51033.270659324386,26878.039075311768,75838.63580666868
2035-04-15,50663.9848898761,26113.286959981757,75541.30163384617
2035-04-16,50950.23792351825,26895.762422885888,75819.5095883821
2035-04-17,50962.7451669053,26506.553982802958,75766.22273099024
2035-04-18,50961.34294047624,26632.985624438377,75776.69302580625
2035-04-19,50979.32750275943,26634.342589319855,76257.17703231165
2035-04-20,50976.89948936681,26321.830873513183,75937.94592391138
2035-04-21,51087.94384659125,26315.699872753543,75905.62148293911
2035-04-22,50714.632582884224,26343.837386046842,75863.22063442081
2035-04-23,50996.918717307584,26611.230036770063,76154.21019194079
2035-04-24,51005.566748164485,26543.897047216647,75847.21428587334
2035-04-25,51000.46362093432,26478.94266808037,75861.10648700308
2035-04-26,51014.95712588155,26614.489552105086,76232.6423946543
2035-04-27,51009.299570734496,26595.712254077236,76411.72018021953
2035-04-28,51117.42682151638,26671.795063938967,76053.2155035454
2035-04-29,50741.5600539138,26258.10630941228,75973.33312166041
2035-04-30,51021.6986189222,26410.966017556475,76148.50158437571
2035-05-01,51028.64937545629,26356.299505833395,75773.08877854019
2035-05-02,51022.336502496546,26041.66829725495,75913.16844201979
2035-05-03,51036.13875749734,26114.699432470235,76149.13588873995
2035-05-04,51030.33206458031,26721.745421093623,75975.24676378792
2035-05-05,51138.867564257096,26826.49132244237,76279.28107612104
2035-05-06,50763.9725048692,26092.60281752301,75744.17905608662
2035-05-07,51045.642415251496,26591.778380567772,76227.02601159546
2035-05-08,51054.6699436313,26082.887119262054,76127.57617588011
2035-05-09,51050.95440309315,26526.08013300318,76096.28071138916
2035-05-10,51067.83901238307,26979.54918360819,76256.69781115915
2035-05-11,51065.55373109178,26488.716476965637,76437.73544076446
2035-05-12,51177.99382899251,26340.15393271874,76386.95519992847
2035-05-13,50807.32157004592,26195.352814843252,76202.70334237166
2035-05-14,51093.45944258591,26417.80466795908,76462.35837327127
2035-05-15,51107.12030459012,26639.732928324578,76158.3993745964
2035-05-16,51108.118460228434,26480.54615223435,76395.71547688339
2035-05-17,51129.708624852,26491.463668939654,75984.2842169395
2035-05-18,51132.03063895394,26394.031112667886,76253.45285400763
2035-05-19,51248.890026666835,26534.84759492014,76485.13906377595
2035-05-20,50882.361730214994,26071.673971048665,75894.16227819181
2035-05-21,51172.28539949066,26503.634754721304,76586.93737736462
2035-05-22,51189.29755125323,26238.906598111607,76201.93923133345
2035-05-23,51193.144559429275,26478.146181384585,76500.29376032502
2035-05-24,51217.02338005835,26489.77287781321,77018.75642189971
2035-05-25,51221.02782064619,26244.633239906445,76673.14762229401
2035-05-26,51338.93040293155,26335.392848719006,76664.80483346767
2035-05-27,50972.78710975721,26125.160369289355,76173.16090109637
2035-05-28,51262.4333614533,26555.434536781497,76886.46389374632
2035-05-29,51278.51651069101,26248.902494453785,76940.6345056066
2035-05-30,51280.808800748,26509.971538208254,76992.05314276628
2035-05-31,51302.54768390839,26219.8987354352,76819.42110210712
2035-06-01,51303.88131304781,26359.18646248995,76726.43955971702
2035-06-02,51418.6492688266,26542.722545244,76953.45883036873
2035-06-03,51048.98583661726,25652.18631508642,76442.13216442658
2035-06-04,51334.81421144423,26173.945237340125,76739.15064641995
2035-06-05,51346.876961495356,26207.163311835684,76946.83304737459
2035-06-06,51345.04674440623,26443.728020586354,76978.53845866407
2035-06-07,51362.66422874554,26639.552831782832,76956.59935816306
2035-06-08,51359.981094289506,26448.3262921108,77307.27804409165
2035-06-09,51470.93823750448,26219.900685088884,76689.26934572725
2035-06-10,51097.766561746415,25790.41090901376,76748.94031786258
2035-06-11,51380.478795765994,26263.20265853125,76729.92236027821
2035-06-12,51389.8977342202,26352.99551071699,76990.9561656202
2035-06-13,51385.96495374036,26012.321449511837,77191.09188909223
2035-06-14,51402.07701076977,26537.768990501318,77276.07668397491
2035-06-15,51398.5270415793,26127.518524756964,77237.92655765248
2035-06-16,51509.28192911396,26571.38885669848,77093.54698804609
2035-06-17,51136.582445047294,26366.10475854378,76942.69443093905
2035-06-18,51420.43482892651,26574.976980385793,76896.09377134097
2035-06-19,51431.639205506355,25924.08318348276,76721.08548941027
2035-06-20,51430.09888992592,26248.70640016995,76954.6222804049
2035-06-21,51449.15757188333,26429.275855063497,77308.45749251709
2035-06-22,51449.04227321794,26330.62990200236,77395.0015995612
2035-06-23,51563.642207551566,26703.06814480534,77292.23752059284
2035-06-24,51195.110905031775,26110.02564784884,77450.36668771945
2035-06-25,51483.36001089577,26570.613823939453,77241.30905713553
2035-06-26,51499.090099249916,26254.080202318957,77119.33831809892
2035-06-27,51502.10248721079,26277.980755893004,77126.8953405707
2035-06-28,51525.63897304935,26166.219224192122,77554.65610100976
2035-06-29,51529.82732411802,26192.31466194702,77043.45578616553
2035-06-30,51648.46257536135,26336.026492970024,77481.11865889022
2035-07-01,51283.61143635548,25832.750830666155,77122.8870697794
2035-07-02,51575.10815502102,26154.508104259625,77598.80163972348
2035-07-03,51593.587125111226,26346.24126055003,77418.3116391777
2035-07-04,51598.796176128984,26676.03227765468,77495.01911361719
2035-07-05,51623.9374319011,26228.359506448858,76993.44198187496
2035-07-06,51629.11353635964,26437.182011419914,77463.39606620224
2035-07-07,51748.10929095772,26443.6141971473,77724.56105971069
2035-07-08,51382.99599671548,26121.659167988895,77064.35996701001
2035-07-09,51673.62685545759,26172.288722954523,77452.39424210272
2035-07-10,51690.66873509172,26371.56540340764,77448.97208331396
2035-07-11,51693.91426594306,26322.28191680569,77620.26650763662
2035-07-12,51716.62119264063,26579.712892236555,77776.3904078767
2035-07-13,51718.956826992966,26418.765010707095,77477.58864226776
2035-07-14,51834.77770058029,26634.320642329287,77816.65460605797
2035-07-15,51466.23176989406,25969.34581421811,77614.50349645803
2035-07-16,51753.25159250597,26372.51978644511,77875.0102760104
2035-07-17,51766.58384491925,26179.974988285903,78130.64621778502
2035-07-18,51766.09921514113,26560.150807855527,77759.0756191778
2035-07-19,51785.12965850394,26234.636128235095,77911.31898462644
2035-07-20,51783.910922608564,26456.369649170476,77625.48211238012
2035-07-21,51896.360494864806,26606.311185647453,78202.71363458838
2035-07-22,51524.67837323549,25896.292132376835,78065.38098404836
2035-07-23,51808.839117776435,26249.14870909831,78286.20112802916
2035-07-24,51819.62058318747,26541.072029929714,78052.54522022461
2035-07-25,51816.91338431322,26177.438177848173,77851.71873375901
2035-07-26,51834.0580911144,26486.543958858114,78392.40822374556
2035-07-27,51831.2880555533,26302.29381416068,77931.627118696
2035-07-28,51942.50800942386,26172.66852839656,78129.6847262142
2035-07-29,51569.895808542125,25963.366598288398,77752.34506880198
2035-07-30,51853.395745845206,26324.74406109547,78331.60256666898
2035-07-31,51863.74878975471,26072.128325308524,77929.27705825226
2035-08-01,51860.80374847871,26092.69522312684,78365.46154935853
2035-08-02,51877.85629956816,26066.23462384699,78059.28769843734
2035-08-03,51875.09372594053,26182.47339377377,77754.96627710943
2035-08-04,51986.37543390671,26192.524247573572,78439.29588859537
2035-08-05,51613.836564838064,26281.83019414016,78228.83309310813
2035-08-06,51897.38306102213,26155.127262565533,78545.19585035305
2035-08-07,51907.72348361811,25970.482082753206,78347.99538578808
2035-08-08,51904.6815304308,26090.825029062373,78387.08344513491
2035-08-09,51921.536146968705,26175.544673428263,78059.27716981222
2035-08-10,51918.46703472273,26071.80620661364,78117.13069855336
2035-08-11,52029.33560459963,26468.255630221163,78285.4842917437
2035-08-12,51656.288670341426,25792.00530679547,78319.24525666189
2035-08-13,51939.25323674794,26000.882229067476,78200.05540627877
2035-08-14,51948.96768648365,26340.874074721753,78126.6709292425
2035-08-15,51945.29333036937,26223.84314955662,78516.11298802664
2035-08-16,51961.55324274033,26106.034109762346,78678.1899890998
2035-08-17,51957.97622401905,26113.816801673413,78704.3653592418
2035-08-18,52068.47598576764,26268.31786233104,78551.32366686554
2035-08-19,51695.25290788808,25961.476877352343,77760.8100775115
2035-08-20,51978.28678375736,26310.55286338253,78247.38215173582
2035-08-21,51988.365922172765,26049.39484453734,78444.36557197457
2035-08-22,51985.3966383551,26266.178843054695,78413.07153874631
2035-08-23,52002.74012310406,26133.212629939848,78502.30238553182
2035-08-24,52000.65459790834,25937.0942019379,78528.56935039803
2035-08-25,52113.07291295087,26104.191595547683,78912.74792520613
2035-08-26,51742.202993559025,25802.61358956942,78450.15749469186
2035-08-27,52028.01959911405,26011.79837751595,78690.45137274725
2035-08-28,52041.292802324155,26234.590363349253,78487.52261108681
2035-08-29,52041.89724967795,26136.855698319207,78711.6395206554
2035-08-30,52063.14920924851,26068.204380274925,78372.88692510892
2035-08-31,52065.2493185689,25650.706691091957,79127.22663097396
2035-09-01,52182.0611819885,26036.542037628125,78804.22915273841
2035-09-02,51815.7132031618,25866.170933655616,78668.90952316315
2035-09-03,52106.0920847613,25919.92619674417,78574.31550659862
2035-09-04,52123.87336027821,26119.915858630786,78482.91419731747
2035-09-05,52128.83296562008,26078.254691930328,78716.80086363743
2035-09-06,52154.18679495874,26477.162018254647,78942.38764047068
2035-09-07,52160.036084926665,26192.148816073382,78940.99897983346
2035-09-08,52280.14870301781,26232.5173902716,79247.2872708467
2035-09-09,51916.56364934952,25808.362205621383,79027.18632635735
2035-09-10,52209.08712678253,26545.155699610536,78926.0346085665
2035-09-11,52228.32546869245,26230.084648533855,78559.45759511604
2035-09-12,52233.9988603542,26253.11858978896,79162.16474580651
2035-09-13,52259.28273252613,26112.557240163045,79113.13798988679
2035-09-14,52264.254613472054,25996.264075278326,79386.4442844984
